co2	temp	humidity
521	25.85	43.16
537	25.84	43.15
536	25.85	43.08
531	25.87	43.25
533	25.88	43.05
535	25.87	43.05
535	25.87	43.03
535	25.87	43.17
538	25.85	43.08
538	25.87	43.05
537	25.88	43.11
538	25.88	43.12
539	25.88	42.98
540	25.88	43.1
540	25.88	43.36
549	25.91	43.78
559	25.89	43.41
567	25.89	43.53
583	25.89	43.21
586	25.91	43.16
591	25.92	43.06
591	25.91	43.31
593	25.92	43.44
595	25.91	43.43
599	25.92	43.32
600	25.91	43.33
602	25.95	43.35
602	25.92	43.34
607	25.94	43.55
609	25.96	43.26
616	25.95	43.53
624	25.94	43.55
627	25.95	43.21
631	25.96	43.24
631	25.96	43.3
628	25.98	43.47
629	25.96	43.59
629	25.96	43.16
628	25.95	43.15
627	25.96	43.14
626	25.95	43.1
623	25.96	43.04
620	25.94	43.05
616	25.95	43.02
614	25.95	43.0
603	25.96	43.02
596	25.96	43.04
596	25.95	43.17
592	25.96	43.01
589	25.98	43.08
583	25.96	43.12
581	25.98	43.13
580	25.95	43.42
581	25.95	44.54
600	25.98	44.48
624	25.98	43.51
634	25.96	43.28
636	25.98	43.16
636	25.99	43.21
635	25.98	43.1
634	25.98	43.22
632	25.98	43.32
632	25.98	43.24
623	25.96	43.16
623	25.96	43.29
622	25.98	43.48
622	25.99	43.15
620	25.96	43.28
620	25.99	43.13
618	26.01	43.04
612	25.96	43.13
610	25.98	43.08
610	25.99	43.19
608	25.99	43.04
606	25.98	42.98
602	25.99	43.05
595	25.98	43.06
595	26.01	43.02
592	25.98	43.11
593	25.98	43.05
592	25.99	43.24
589	25.99	43.36
585	26.01	43.16
580	25.99	43.05
579	26.02	43.19
577	25.99	43.07
577	25.99	43.06
576	25.98	43.49
576	25.99	43.18
575	26.01	43.13
575	26.01	43.05
575	25.99	43.15
574	26.01	43.13
573	25.98	43.11
573	25.98	43.08
572	26.01	43.04
573	25.98	43.1
571	25.99	43.19
571	26.01	43.16
572	25.96	42.99
572	25.95	43.02
571	25.98	43.07
571	25.99	43.07
570	25.96	43.1
570	25.99	43.07
570	25.96	43.19
569	25.98	43.15
568	26.02	43.07
567	25.98	43.1
566	25.96	43.07
566	25.96	43.07
566	25.96	43.1
565	25.98	43.06
564	25.98	43.17
563	25.96	43.22
563	25.98	43.27
564	25.95	43.17
563	25.98	43.21
563	25.98	43.18
562	25.96	43.2
562	25.98	43.47
562	25.99	43.31
561	25.98	43.2
562	25.96	43.45
563	25.98	43.49
569	25.98	43.32
569	25.99	43.28
573	25.99	43.23
572	25.99	43.22
571	26.01	43.2
571	25.98	43.19
573	25.96	43.22
572	25.99	43.41
573	25.99	43.55
573	25.96	43.7
576	25.95	43.37
579	25.99	43.27
579	25.99	43.22
580	25.99	43.24
580	25.98	43.29
580	25.99	43.38
580	25.98	43.23
581	25.99	43.23
581	25.99	43.52
581	25.98	43.57
581	25.98	43.32
581	26.01	43.26
581	25.98	43.2
580	25.98	43.19
580	26.01	43.23
581	25.99	43.27
580	25.98	43.27
579	25.98	43.29
578	26.01	43.25
579	25.99	43.22
579	25.98	43.13
578	25.98	43.13
576	25.99	43.24
576	25.99	43.24
576	25.99	43.24
576	25.98	43.51
577	25.98	44.07
577	26.01	43.47
582	25.99	43.26
583	25.99	43.23
584	25.99	43.27
584	25.99	43.3
584	25.98	43.32
584	26.02	43.44
582	25.99	43.27
579	25.99	43.26
578	25.99	43.22
577	26.02	43.19
576	26.01	43.2
576	26.02	43.22
577	26.01	43.22
576	26.01	43.23
575	26.01	43.22
575	26.02	43.44
574	26.03	43.42
574	26.02	43.38
575	25.99	43.23
577	26.02	43.26
577	25.96	43.31
578	25.99	43.27
577	25.96	43.33
578	25.98	43.45
578	25.96	43.5
579	25.99	43.42
581	25.96	43.42
582	25.96	43.38
581	25.99	43.33
581	25.99	43.33
581	25.99	43.32
581	25.96	43.35
585	25.98	43.33
584	25.98	43.32
586	25.99	43.33
584	25.98	43.33
584	25.96	43.31
585	25.96	43.35
584	25.98	43.33
584	25.96	43.32
584	25.96	43.38
585	25.96	43.31
585	25.96	43.38
585	25.95	43.41
586	25.95	43.35
586	25.98	43.37
586	25.96	43.33
589	25.96	43.32
589	25.96	43.33
589	25.92	43.38
589	25.94	43.42
589	25.95	43.4
589	25.94	43.45
590	25.92	43.44
590	25.96	43.44
590	25.95	43.46
590	25.91	43.44
591	25.94	43.43
592	25.94	43.45
591	25.92	43.41
590	25.94	43.44
591	25.91	43.43
592	25.91	43.41
592	25.92	43.36
594	25.92	43.44
593	25.91	43.4
593	25.89	43.41
593	25.88	43.46
593	25.88	43.45
593	25.89	43.42
594	25.89	43.46
594	25.88	43.41
594	25.89	43.41
594	25.87	43.4
593	25.87	43.41
592	25.85	43.43
592	25.85	43.48
591	25.88	43.48
591	25.89	43.54
590	25.87	43.5
588	25.89	43.46
588	25.89	43.38
589	25.89	43.43
590	25.89	43.43
590	25.87	43.44
590	25.89	43.46
591	25.89	43.46
591	25.89	43.39
590	25.89	43.39
590	25.91	43.41
590	25.91	43.4
589	25.92	43.38
588	25.89	43.36
588	25.89	43.39
588	25.89	43.31
588	25.89	43.34
588	25.89	43.33
588	25.91	43.28
589	25.89	43.29
587	25.91	43.28
587	25.89	43.31
586	25.89	43.34
585	25.88	43.35
585	25.89	43.35
585	25.91	43.36
584	25.85	43.37
584	25.89	43.37
584	25.89	43.39
583	25.88	43.34
581	25.88	43.37
581	25.89	43.31
580	25.89	43.34
580	25.89	43.27
580	25.89	43.32
580	25.89	43.3
580	25.88	43.31
579	25.91	43.31
577	25.89	43.3
577	25.88	43.35
577	25.89	43.27
576	25.88	43.32
576	25.89	43.29
577	25.88	43.24
576	25.91	43.28
575	25.87	43.34
575	25.88	43.35
575	25.87	43.29
575	25.87	43.22
574	25.85	43.22
573	25.87	43.26
572	25.84	43.25
572	25.85	43.32
572	25.88	43.34
571	25.85	43.41
571	25.87	43.43
571	25.88	43.39
571	25.88	43.39
571	25.85	43.35
572	25.87	43.35
572	25.87	43.34
571	25.87	43.4
571	25.85	43.33
570	25.87	43.35
572	25.87	43.26
570	25.88	43.25
569	25.87	43.29
569	25.85	43.28
568	25.85	43.29
568	25.87	43.3
568	25.87	43.27
568	25.85	43.2
569	25.89	43.24
569	25.88	43.26
569	25.84	43.27
567	25.87	43.25
568	25.88	43.28
567	25.85	43.23
567	25.84	43.25
567	25.84	43.29
567	25.87	43.29
566	25.84	43.26
564	25.84	43.32
564	25.85	43.26
562	25.85	43.29
562	25.84	43.34
561	25.84	43.3
561	25.84	43.23
561	25.84	43.27
560	25.84	43.2
559	25.82	43.25
559	25.84	43.29
557	25.84	43.25
557	25.84	43.29
556	25.84	43.26
556	25.82	43.25
556	25.84	43.25
555	25.81	43.24
555	25.8	43.29
554	25.82	43.23
553	25.81	43.33
553	25.82	43.29
553	25.82	43.33
553	25.82	43.28
553	25.81	43.28
553	25.81	43.21
553	25.82	43.22
552	25.82	43.32
552	25.8	43.32
552	25.81	43.34
551	25.81	43.3
550	25.81	43.35
551	25.82	43.3
550	25.8	43.36
551	25.81	43.35
550	25.78	43.37
549	25.8	43.38
550	25.8	43.37
550	25.78	43.36
549	25.8	43.31
549	25.81	43.41
548	25.8	43.35
548	25.8	43.32
548	25.82	43.27
546	25.8	43.24
546	25.8	43.24
547	25.77	43.21
546	25.78	43.28
545	25.78	43.31
545	25.8	43.27
544	25.8	43.35
543	25.78	43.32
542	25.75	43.36
542	25.78	43.39
541	25.78	43.29
540	25.77	43.27
540	25.75	43.32
538	25.77	43.34
538	25.75	43.37
537	25.75	43.37
537	25.77	43.4
537	25.74	43.4
536	25.73	43.42
534	25.73	43.35
534	25.74	43.34
535	25.73	43.38
536	25.71	43.46
536	25.74	43.46
535	25.71	43.43
536	25.73	43.5
535	25.73	43.55
535	25.74	43.5
535	25.73	43.45
535	25.74	43.44
533	25.73	43.42
533	25.73	43.46
532	25.71	43.5
531	25.71	43.48
532	25.74	43.4
531	25.74	43.45
531	25.74	43.51
530	25.74	43.5
530	25.75	43.44
530	25.74	43.46
530	25.77	43.42
529	25.73	43.39
530	25.73	43.43
531	25.74	43.4
531	25.73	43.44
531	25.73	43.38
530	25.71	43.42
529	25.73	43.4
529	25.74	43.46
528	25.71	43.44
527	25.73	43.44
527	25.74	43.39
526	25.74	43.44
526	25.7	43.39
527	25.73	43.4
525	25.73	43.37
524	25.7	43.43
524	25.73	43.45
524	25.7	43.44
524	25.73	43.47
523	25.74	43.51
523	25.71	43.46
524	25.73	43.43
524	25.71	43.46
525	25.7	43.38
522	25.7	43.39
521	25.71	43.39
521	25.71	43.42
521	25.73	43.46
520	25.7	43.41
520	25.7	43.39
521	25.71	43.46
522	25.7	43.52
521	25.7	43.49
522	25.7	43.51
522	25.68	43.46
522	25.71	43.47
520	25.7	43.5
520	25.67	43.54
520	25.71	43.48
520	25.7	43.49
520	25.68	43.56
520	25.71	43.47
519	25.68	43.5
519	25.7	43.52
519	25.68	43.49
519	25.68	43.48
519	25.71	43.47
518	25.68	43.45
517	25.68	43.49
516	25.68	43.56
516	25.71	43.52
515	25.7	43.6
515	25.7	43.57
515	25.68	43.52
514	25.7	43.5
513	25.67	43.5
514	25.7	43.52
513	25.7	43.49
511	25.68	43.46
513	25.68	43.47
512	25.71	43.46
512	25.7	43.47
512	25.7	43.54
512	25.7	43.55
512	25.68	43.53
511	25.68	43.54
510	25.68	43.52
510	25.7	43.52
509	25.7	43.52
508	25.68	43.47
508	25.7	43.51
508	25.65	43.51
507	25.67	43.48
507	25.68	43.5
507	25.65	43.49
507	25.67	43.5
506	25.68	43.54
506	25.65	43.58
506	25.65	43.56
505	25.67	43.6
505	25.64	43.57
505	25.65	43.57
505	25.64	43.57
505	25.67	43.6
504	25.63	43.6
503	25.63	43.61
503	25.64	43.63
503	25.65	43.66
502	25.65	43.65
502	25.64	43.61
502	25.67	43.58
501	25.65	43.64
498	25.63	43.6
498	25.63	43.64
499	25.65	43.66
499	25.63	43.68
500	25.65	43.68
500	25.65	43.66
500	25.64	43.68
498	25.65	43.66
498	25.64	43.65
498	25.64	43.61
499	25.64	43.6
498	25.65	43.68
499	25.64	43.73
499	25.61	43.7
500	25.6	43.65
499	25.61	43.7
498	25.61	43.66
497	25.6	43.72
497	25.58	43.69
497	25.61	43.7
497	25.6	43.73
495	25.6	43.69
493	25.6	43.7
493	25.6	43.68
493	25.61	43.74
492	25.58	43.69
492	25.61	43.67
492	25.6	43.73
491	25.56	43.73
491	25.6	43.78
492	25.58	43.79
492	25.6	43.79
492	25.6	43.79
493	25.6	43.8
493	25.58	43.76
493	25.6	43.77
494	25.6	43.81
494	25.6	43.76
495	25.61	43.8
494	25.6	43.78
493	25.6	43.84
493	25.58	43.87
493	25.58	43.83
492	25.58	43.78
491	25.57	43.77
491	25.56	43.79
491	25.57	43.78
489	25.54	43.82
487	25.57	43.82
486	25.57	43.77
485	25.56	43.81
484	25.56	43.84
485	25.56	43.82
485	25.54	43.86
485	25.56	43.84
485	25.56	43.89
484	25.54	43.89
484	25.53	43.93
484	25.53	43.89
484	25.53	43.93
485	25.51	43.93
484	25.54	43.9
484	25.54	43.9
484	25.53	43.95
485	25.56	43.96
485	25.51	44.0
486	25.51	43.96
486	25.51	43.95
485	25.51	43.95
486	25.53	43.96
485	25.5	43.96
486	25.48	44.03
486	25.5	44.05
486	25.48	44.0
486	25.47	44.05
487	25.48	44.06
487	25.48	44.06
486	25.47	44.02
486	25.5	44.09
486	25.5	44.03
486	25.48	44.01
485	25.47	44.07
484	25.48	44.03
484	25.46	44.03
482	25.5	44.03
482	25.46	44.07
482	25.47	44.1
482	25.48	44.02
482	25.5	44.12
483	25.47	44.09
483	25.47	44.06
483	25.46	44.07
482	25.46	44.03
483	25.47	44.02
482	25.47	44.04
483	25.46	43.99
481	25.44	43.98
481	25.47	44.08
481	25.46	44.09
480	25.48	44.07
479	25.47	44.11
478	25.46	44.09
478	25.44	44.09
477	25.46	44.11
476	25.44	44.11
476	25.46	44.11
476	25.43	44.16
476	25.47	44.11
475	25.43	44.14
474	25.44	44.15
474	25.43	44.2
474	25.44	44.19
473	25.4	44.19
473	25.44	44.23
471	25.41	44.18
471	25.41	44.19
471	25.38	44.25
470	25.41	44.21
471	25.4	44.28
470	25.4	44.26
469	25.38	44.28
470	25.37	44.28
470	25.4	44.28
470	25.4	44.26
471	25.4	44.24
470	25.4	44.27
469	25.38	44.25
468	25.37	44.26
468	25.38	44.27
468	25.38	44.29
468	25.4	44.26
468	25.4	44.28
468	25.41	44.26
468	25.38	44.23
467	25.36	44.34
467	25.4	44.29
467	25.41	44.29
467	25.38	44.26
468	25.38	44.28
467	25.38	44.32
466	25.4	44.26
466	25.38	44.29
465	25.38	44.3
465	25.4	44.27
465	25.38	44.27
465	25.37	44.27
464	25.37	44.29
463	25.37	44.28
463	25.37	44.3
462	25.37	44.31
462	25.38	44.32
462	25.36	44.35
461	25.36	44.32
460	25.34	44.35
459	25.36	44.39
459	25.36	44.38
457	25.36	44.35
457	25.37	44.34
457	25.34	44.36
457	25.33	44.38
458	25.36	44.46
460	25.33	44.46
460	25.33	44.49
461	25.34	44.47
458	25.32	44.46
457	25.33	44.46
455	25.3	44.41
456	25.33	44.46
458	25.32	44.47
456	25.33	44.43
455	25.3	44.45
439	25.3	44.51
440	25.32	44.47
443	25.32	44.52
444	25.32	44.46
448	25.33	44.51
448	25.29	44.52
448	25.32	44.5
451	25.29	44.5
451	25.29	44.51
452	25.27	44.5
454	25.3	44.46
457	25.3	44.51
458	25.29	44.53
461	25.3	44.56
461	25.29	44.52
461	25.3	44.5
461	25.27	44.54
461	25.29	44.59
460	25.29	44.57
460	25.3	44.57
459	25.29	44.54
457	25.27	44.53
454	25.29	44.58
454	25.27	44.57
454	25.27	44.54
453	25.29	44.59
453	25.27	44.58
453	25.27	44.57
453	25.29	44.6
453	25.29	44.6
452	25.27	44.64
453	25.27	44.59
453	25.26	44.6
452	25.3	44.6
452	25.26	44.6
452	25.27	44.6
451	25.27	44.58
450	25.26	44.6
450	25.25	44.59
450	25.25	44.61
449	25.27	44.56
449	25.27	44.63
449	25.26	44.63
448	25.27	44.63
447	25.26	44.62
447	25.26	44.61
447	25.26	44.64
445	25.27	44.59
445	25.27	44.6
444	25.27	44.62
444	25.29	44.6
444	25.27	44.59
443	25.26	44.6
443	25.26	44.61
443	25.27	44.58
443	25.26	44.59
443	25.23	44.59
443	25.23	44.6
442	25.25	44.65
441	25.26	44.63
438	25.26	44.63
439	25.23	44.64
439	25.25	44.6
439	25.23	44.65
439	25.23	44.63
439	25.22	44.63
439	25.25	44.63
439	25.22	44.66
439	25.23	44.66
440	25.23	44.7
439	25.22	44.68
437	25.23	44.68
435	25.23	44.69
434	25.2	44.68
433	25.22	44.73
433	25.23	44.72
432	25.2	44.71
431	25.22	44.7
431	25.25	44.69
431	25.2	44.69
432	25.2	44.71
431	25.2	44.73
431	25.22	44.73
430	25.22	44.74
429	25.2	44.71
429	25.2	44.71
429	25.22	44.73
430	25.2	44.75
428	25.22	44.78
429	25.2	44.78
429	25.2	44.76
429	25.23	44.79
429	25.22	44.84
429	25.19	44.8
428	25.22	44.79
429	25.18	44.79
428	25.2	44.79
428	25.19	44.79
428	25.19	44.86
427	25.19	44.8
426	25.19	44.79
426	25.19	44.84
426	25.2	44.81
425	25.2	44.77
425	25.19	44.82
424	25.19	44.81
424	25.19	44.8
424	25.2	44.85
425	25.18	44.8
427	25.18	44.83
428	25.18	44.86
428	25.18	44.88
427	25.16	44.88
429	25.15	44.91
429	25.16	44.92
429	25.16	44.92
430	25.16	44.9
430	25.18	44.92
431	25.16	44.9
431	25.16	44.84
431	25.16	44.85
431	25.16	44.87
431	25.18	44.87
431	25.13	44.84
431	25.16	44.91
432	25.15	44.88
433	25.16	44.91
433	25.18	44.93
433	25.16	44.93
433	25.13	44.95
433	25.1	44.97
434	25.16	44.93
434	25.13	44.88
436	25.13	44.93
436	25.15	44.93
436	25.13	44.94
436	25.1	44.92
436	25.12	44.95
436	25.12	44.97
437	25.12	44.97
437	25.1	45.0
437	25.12	44.97
437	25.09	45.0
436	25.1	45.0
436	25.1	45.04
435	25.1	45.03
435	25.1	44.98
435	25.09	45.0
434	25.09	45.04
435	25.09	45.06
434	25.09	45.02
433	25.06	45.02
435	25.12	45.04
435	25.09	45.07
436	25.08	45.02
435	25.06	45.06
436	25.08	45.06
435	25.09	45.05
435	25.08	45.05
435	25.09	45.06
435	25.08	45.04
435	25.08	45.04
435	25.08	45.05
435	25.09	45.08
434	25.06	45.06
434	25.08	45.08
434	25.06	45.1
435	25.08	45.05
434	25.06	45.04
435	25.08	45.03
435	25.08	45.05
435	25.09	45.06
435	25.09	45.08
434	25.08	45.1
434	25.1	45.09
434	25.1	45.08
434	25.05	45.05
435	25.06	45.09
434	25.1	45.04
433	25.06	45.08
432	25.06	45.02
433	25.05	45.02
432	25.05	45.07
432	25.06	45.1
431	25.08	45.1
431	25.08	45.1
430	25.08	45.13
430	25.05	45.11
430	25.05	45.15
429	25.06	45.1
429	25.08	45.16
429	25.06	45.07
429	25.06	45.13
428	25.05	45.12
429	25.03	45.14
429	25.05	45.12
428	25.05	45.16
429	25.03	45.17
429	25.02	45.18
429	25.06	45.23
430	25.06	45.28
429	25.03	45.31
429	25.03	45.28
430	25.03	45.29
430	25.05	45.24
431	25.06	45.24
434	25.02	45.31
434	25.03	45.36
435	25.05	45.34
435	25.0	45.35
438	25.03	45.33
439	25.03	45.28
440	25.02	45.27
440	25.03	45.29
441	25.02	45.26
441	25.05	45.22
441	25.0	45.31
441	25.0	45.35
442	25.05	45.34
443	25.02	45.36
444	25.0	45.32
446	25.02	45.38
446	24.99	45.35
450	25.02	45.36
450	25.0	45.32
451	25.0	45.35
451	25.0	45.35
450	25.0	45.36
450	24.98	45.39
452	24.99	45.38
452	24.98	45.51
453	24.98	45.51
453	24.99	45.6
455	24.99	45.62
456	24.99	45.62
457	24.96	45.64
459	24.98	45.61
460	24.98	45.69
464	24.96	45.67
467	24.95	45.67
469	24.96	45.65
468	24.96	45.71
470	24.96	45.67
472	24.96	45.65
472	24.95	45.65
472	24.93	45.61
475	24.92	45.62
476	24.95	45.56
476	24.96	45.6
476	24.92	45.62
475	24.95	45.63
475	24.92	45.64
475	24.93	45.71
476	24.93	45.76
476	24.93	45.78
477	24.92	45.76
478	24.93	45.73
477	24.92	45.8
478	24.92	45.8
478	24.92	45.74
479	24.95	45.85
481	24.93	45.87
480	24.89	46.02
484	24.92	45.99
485	24.91	46.06
485	24.93	46.27
486	24.93	46.17
485	24.92	46.14
487	24.92	46.09
487	24.93	45.97
490	24.92	46.01
491	24.92	46.08
492	24.93	46.13
492	24.93	46.11
493	24.92	46.08
494	24.95	46.36
496	24.95	46.59
497	24.93	46.41
503	24.95	46.17
504	24.95	46.09
507	24.92	46.04
508	24.93	46.35
509	24.93	46.34
510	24.95	46.27
511	24.93	46.29
513	24.95	46.42
515	24.95	46.38
517	25.0	46.4
519	24.98	46.17
526	24.99	46.27
528	24.99	46.38
531	25.0	46.28
532	25.0	46.23
534	25.0	46.28
534	25.02	46.32
535	25.03	46.19
538	25.06	46.19
540	25.03	46.4
540	25.05	46.38
541	25.03	46.25
541	25.06	46.21
543	25.08	46.12
545	25.09	46.06
545	25.08	46.09
545	25.09	46.06
544	25.09	46.05
545	25.08	46.08
546	25.12	46.04
548	25.13	45.95
548	25.13	45.99
549	25.12	46.16
549	25.12	46.06
548	25.13	46.04
549	25.12	46.02
549	25.16	46.02
549	25.15	46.02
549	25.15	45.96
549	25.12	45.93
549	25.18	46.03
549	25.16	45.98
550	25.15	45.96
550	25.16	45.96
549	25.15	45.9
549	25.15	45.9
549	25.15	45.99
550	25.18	45.93
550	25.19	45.95
549	25.16	45.93
549	25.18	45.88
548	25.18	45.87
550	25.18	45.89
550	25.18	45.89
551	25.19	45.87
550	25.16	45.82
550	25.19	45.92
551	25.19	45.96
552	25.23	45.92
552	25.2	45.93
551	25.18	45.85
551	25.2	45.86
551	25.19	45.86
552	25.2	46.03
551	25.22	46.0
551	25.22	45.87
550	25.25	45.98
550	25.22	45.93
550	25.25	45.84
549	25.22	45.86
549	25.22	45.94
550	25.22	45.89
551	25.22	45.8
551	25.22	45.84
551	25.23	45.82
550	25.22	45.81
550	25.22	45.81
549	25.23	45.78
549	25.23	45.76
546	25.25	45.79
546	25.25	45.78
546	25.23	46.03
545	25.25	46.02
545	25.23	45.85
544	25.25	45.79
544	25.23	45.9
544	25.23	45.8
544	25.26	45.77
543	25.26	45.77
543	25.27	45.85
543	25.26	45.87
544	25.26	45.83
544	25.26	45.91
544	25.25	45.87
543	25.25	45.83
544	25.29	45.79
544	25.26	45.82
544	25.27	45.82
545	25.26	45.8
545	25.27	45.92
545	25.26	45.83
544	25.27	45.8
542	25.26	45.98
542	25.27	45.82
543	25.27	45.78
543	25.27	45.88
543	25.27	45.95
543	25.27	45.92
543	25.27	45.82
542	25.27	45.91
542	25.27	46.05
543	25.27	45.79
543	25.26	45.76
544	25.29	45.73
545	25.27	45.79
545	25.27	45.77
545	25.29	45.83
546	25.27	45.88
546	25.29	46.0
547	25.27	46.14
546	25.29	45.96
546	25.27	45.88
547	25.27	45.89
547	25.29	45.92
546	25.27	46.01
546	25.29	46.05
547	25.27	46.06
548	25.29	46.15
549	25.3	46.14
549	25.27	46.12
551	25.27	46.27
552	25.3	46.26
558	25.32	46.26
559	25.3	46.19
565	25.32	46.16
567	25.34	46.13
570	25.3	46.07
574	25.32	46.11
579	25.32	46.13
580	25.32	46.21
581	25.33	46.26
584	25.33	46.2
584	25.32	46.36
585	25.34	46.52
585	25.33	46.42
585	25.34	46.35
586	25.34	46.37
586	25.34	46.4
586	25.36	46.42
589	25.37	46.45
590	25.36	46.31
593	25.36	46.24
593	25.36	46.3
594	25.37	46.43
594	25.37	46.42
594	25.38	46.37
594	25.37	46.37
595	25.38	46.5
597	25.38	46.71
597	25.4	46.58
598	25.38	46.65
598	25.37	46.6
598	25.4	46.64
599	25.4	46.56
600	25.41	46.52
598	25.41	46.54
598	25.4	46.59
598	25.43	46.53
600	25.41	46.34
599	25.41	46.56
600	25.43	46.49
599	25.41	46.47
599	25.4	46.44
598	25.41	46.63
597	25.38	46.5
598	25.4	46.54
598	25.38	46.58
599	25.38	46.7
600	25.38	47.08
600	25.38	47.1
601	25.41	47.17
603	25.38	47.21
604	25.41	47.37
604	25.41	47.26
606	25.43	47.16
606	25.41	47.02
606	25.41	47.1
606	25.43	47.19
605	25.44	47.08
605	25.43	47.06
607	25.41	47.02
607	25.44	47.13
607	25.44	47.06
607	25.43	47.08
606	25.43	47.23
605	25.43	47.31
605	25.46	47.36
606	25.44	47.3
607	25.44	47.26
610	25.46	47.19
611	25.46	47.11
611	25.46	47.08
611	25.47	47.04
610	25.46	47.08
611	25.47	47.16
611	25.48	47.3
611	25.5	47.4
613	25.48	47.21
613	25.47	47.23
614	25.48	47.22
615	25.48	47.15
616	25.47	47.1
616	25.5	47.14
615	25.5	47.16
616	25.48	47.16
616	25.48	47.23
616	25.48	47.23
618	25.48	47.29
618	25.51	47.22
619	25.51	47.24
620	25.53	47.33
624	25.51	47.34
624	25.53	47.36
624	25.53	47.34
625	25.51	47.36
625	25.54	47.37
626	25.51	47.42
627	25.51	47.59
627	25.5	47.63
627	25.5	47.69
628	25.53	47.79
628	25.51	47.96
627	25.53	47.99
627	25.54	47.86
627	25.53	47.88
628	25.53	47.93
627	25.51	47.99
628	25.54	48.19
627	25.53	48.55
629	25.53	48.5
630	25.54	48.2
629	25.54	48.0
630	25.54	47.92
630	25.53	47.92
630	25.51	47.99
632	25.53	47.98
632	25.5	48.07
633	25.51	48.1
632	25.51	48.17
633	25.5	48.25
632	25.48	48.36
631	25.51	48.26
632	25.54	48.27
632	25.53	48.39
631	25.53	48.48
630	25.53	48.31
631	25.53	48.09
631	25.53	48.27
634	25.56	48.2
636	25.54	48.2
640	25.54	48.24
641	25.58	48.3
642	25.56	48.41
644	25.57	48.43
648	25.56	48.35
651	25.57	48.31
652	25.56	48.19
655	25.56	48.19
654	25.56	48.29
654	25.54	48.22
653	25.54	48.29
654	25.6	48.13
653	25.58	48.01
655	25.57	48.06
655	25.56	48.16
656	25.57	48.11
656	25.58	48.13
657	25.56	48.13
658	25.58	48.2
658	25.58	48.11
658	25.58	48.05
658	25.6	47.94
659	25.6	47.85
658	25.58	47.86
658	25.6	47.84
658	25.6	47.83
658	25.61	47.84
658	25.6	47.78
659	25.6	47.74
658	25.6	47.71
658	25.6	47.71
659	25.6	47.76
658	25.61	47.79
658	25.61	47.86
657	25.63	47.76
655	25.63	47.75
656	25.63	47.81
656	25.64	47.76
655	25.63	47.76
655	25.68	47.76
656	25.64	47.75
656	25.64	47.78
656	25.65	47.9
657	25.64	47.78
658	25.65	47.73
658	25.65	47.73
658	25.64	47.73
658	25.64	47.8
657	25.67	47.92
657	25.65	47.89
660	25.65	47.86
662	25.7	47.74
665	25.67	47.74
668	25.67	47.73
668	25.67	47.71
668	25.68	47.67
667	25.68	47.72
667	25.68	47.77
666	25.7	47.7
666	25.7	47.7
664	25.67	47.7
663	25.7	47.77
663	25.67	47.77
663	25.67	47.77
662	25.7	47.78
663	25.68	47.74
663	25.67	47.74
663	25.67	47.73
664	25.7	47.79
666	25.67	47.94
668	25.68	47.82
668	25.7	47.82
668	25.7	47.72
670	25.67	47.77
670	25.68	47.94
671	25.68	47.85
672	25.67	47.84
675	25.68	47.89
676	25.68	47.88
676	25.64	47.79
675	25.65	47.84
675	25.67	47.83
673	25.65	47.67
673	25.68	47.93
674	25.67	47.79
674	25.67	47.66
674	25.67	47.7
673	25.7	47.67
672	25.65	47.68
672	25.68	47.58
672	25.67	47.78
671	25.68	47.66
669	25.65	47.64
668	25.67	47.52
667	25.67	47.4
667	25.65	47.42
666	25.68	47.34
664	25.65	47.3
662	25.65	47.12
658	25.65	47.17
657	25.67	47.14
654	25.65	47.06
652	25.67	47.04
645	25.68	46.93
645	25.64	46.77
639	25.64	46.58
637	25.67	46.59
632	25.65	46.47
627	25.65	46.44
623	25.67	46.4
617	25.65	46.54
608	25.65	46.41
603	25.67	46.42
600	25.67	46.32
590	25.65	46.65
589	25.64	46.4
588	25.67	46.53
587	25.63	46.54
585	25.65	46.44
582	25.65	46.23
578	25.64	46.19
576	25.64	46.24
576	25.64	46.3
572	25.64	46.31
571	25.63	46.29
568	25.61	46.33
566	25.61	46.35
562	25.6	46.38
560	25.63	47.84
562	25.61	47.19
563	25.6	46.59
565	25.61	46.63
566	25.64	46.58
567	25.6	46.57
568	25.6	46.62
568	25.63	46.7
568	25.63	46.75
569	25.64	46.64
569	25.64	46.62
568	25.63	46.62
567	25.64	46.62
568	25.63	46.69
567	25.64	46.58
567	25.64	46.6
566	25.65	46.61
566	25.64	46.65
565	25.64	46.65
565	25.65	46.97
566	25.64	47.05
567	25.67	47.11
567	25.64	46.89
568	25.64	46.74
567	25.65	46.68
564	25.64	46.58
564	25.65	46.41
559	25.64	46.42
560	25.64	46.51
560	25.64	46.74
561	25.65	46.89
561	25.61	46.71
562	25.61	46.66
561	25.61	46.79
561	25.6	46.8
561	25.58	46.79
561	25.57	46.92
561	25.57	46.91
561	25.56	46.85
562	25.56	47.15
561	25.54	47.29
561	25.54	47.06
561	25.54	46.93
562	25.53	47.04
562	25.51	47.19
562	25.54	47.26
563	25.51	47.29
563	25.51	47.23
561	25.51	47.29
562	25.51	47.4
562	25.54	47.64
562	25.53	47.64
562	25.56	47.54
563	25.56	47.31
563	25.54	47.27
563	25.56	47.3
563	25.56	47.38
564	25.54	47.37
565	25.57	47.33
567	25.57	47.32
566	25.58	47.28
566	25.57	47.19
566	25.6	47.16
564	25.58	47.05
565	25.6	47.01
565	25.61	47.09
564	25.58	47.18
565	25.6	47.19
565	25.63	47.25
565	25.6	47.17
566	25.63	47.29
566	25.58	47.28
566	25.6	47.2
566	25.63	47.18
567	25.6	47.03
566	25.63	47.08
565	25.61	47.08
565	25.61	46.89
565	25.63	46.88
565	25.63	46.88
564	25.64	46.89
564	25.63	46.98
563	25.64	47.03
563	25.63	47.05
562	25.64	47.06
561	25.63	47.08
562	25.65	47.44
562	25.65	47.01
563	25.67	46.99
563	25.68	46.81
562	25.67	46.77
562	25.65	46.85
563	25.67	46.95
563	25.65	46.92
563	25.64	46.78
565	25.67	46.81
566	25.65	46.82
565	25.65	46.82
565	25.65	46.72
560	25.68	46.76
560	25.67	46.81
559	25.64	46.85
558	25.64	46.9
558	25.68	46.82
558	25.65	46.88
558	25.65	46.88
557	25.68	46.89
556	25.67	46.96
559	25.68	46.9
558	25.67	46.88
558	25.68	46.9
558	25.67	46.75
556	25.7	46.85
555	25.67	46.88
555	25.7	46.84
555	25.7	46.89
556	25.68	46.88
557	25.74	46.9
557	25.71	46.73
559	25.71	46.71
559	25.7	46.82
559	25.71	46.88
559	25.73	46.75
559	25.73	46.6
559	25.7	46.56
559	25.73	46.78
558	25.71	46.74
559	25.71	46.83
558	25.7	46.8
559	25.7	46.75
559	25.74	46.81
559	25.71	46.8
558	25.7	46.77
558	25.71	46.75
559	25.71	46.66
558	25.71	46.64
561	25.71	46.7
560	25.74	46.7
560	25.74	46.78
561	25.7	46.7
559	25.73	46.67
560	25.73	46.64
560	25.73	46.59
560	25.73	46.64
561	25.74	46.64
560	25.73	46.63
560	25.74	46.62
561	25.74	46.57
561	25.71	46.58
561	25.74	46.72
560	25.73	46.72
561	25.77	46.93
561	25.73	46.78
562	25.74	46.73
562	25.71	46.67
562	25.74	46.67
561	25.73	46.72
561	25.74	46.73
561	25.74	46.69
561	25.75	46.63
561	25.71	46.66
560	25.74	46.57
561	25.74	46.65
560	25.74	46.69
562	25.74	46.8
561	25.75	46.69
561	25.74	46.8
562	25.73	46.87
562	25.75	46.79
562	25.73	46.78
561	25.74	46.65
562	25.75	46.56
561	25.74	46.52
562	25.73	46.49
563	25.71	46.58
563	25.73	46.69
562	25.71	46.75
562	25.73	46.75
561	25.73	46.64
560	25.73	46.6
559	25.71	46.58
559	25.73	46.62
559	25.73	46.58
559	25.73	46.64
559	25.7	46.62
559	25.73	46.62
559	25.68	46.66
556	25.71	46.74
553	25.71	46.96
552	25.7	46.97
553	25.7	47.23
553	25.71	47.25
553	25.68	47.22
554	25.71	47.28
554	25.7	47.3
554	25.7	47.25
555	25.71	46.97
556	25.71	46.94
556	25.7	46.88
556	25.65	46.89
557	25.67	46.92
557	25.64	46.93
557	25.65	46.9
557	25.63	46.95
558	25.65	47.0
557	25.65	47.05
558	25.65	47.08
557	25.65	47.11
557	25.61	47.12
557	25.61	47.09
557	25.63	47.17
557	25.63	47.2
557	25.63	47.23
557	25.63	47.22
556	25.64	47.22
555	25.63	47.28
554	25.64	47.27
554	25.63	47.29
554	25.65	47.32
554	25.61	47.35
554	25.6	47.34
554	25.6	47.35
555	25.63	47.34
553	25.63	47.34
553	25.63	47.42
553	25.61	47.42
553	25.6	47.43
553	25.61	47.48
553	25.6	47.49
553	25.6	47.47
554	25.6	47.49
555	25.61	47.55
556	25.58	47.57
556	25.6	47.57
557	25.6	47.54
558	25.6	47.54
559	25.58	47.55
558	25.6	47.56
558	25.58	47.56
559	25.57	47.57
559	25.6	47.57
559	25.57	47.54
559	25.58	47.61
560	25.57	47.64
559	25.57	47.6
559	25.57	47.62
560	25.57	47.56
559	25.57	47.55
560	25.56	47.54
560	25.57	47.52
560	25.58	47.6
559	25.58	47.62
559	25.57	47.63
559	25.56	47.6
559	25.58	47.57
559	25.57	47.5
558	25.6	47.61
558	25.57	47.63
559	25.57	47.63
558	25.57	47.68
558	25.57	47.7
558	25.56	47.61
558	25.57	47.62
558	25.57	47.58
558	25.57	47.62
558	25.56	47.63
557	25.57	47.63
556	25.56	47.57
556	25.57	47.6
556	25.57	47.54
557	25.56	47.56
556	25.58	47.54
557	25.54	47.57
556	25.6	47.6
557	25.57	47.57
557	25.57	47.61
557	25.6	47.62
556	25.57	47.65
556	25.58	47.6
556	25.57	47.54
556	25.57	47.54
556	25.58	47.53
557	25.56	47.55
558	25.56	47.54
558	25.57	47.57
558	25.57	47.61
559	25.56	47.62
559	25.56	47.62
559	25.56	47.55
559	25.54	47.58
559	25.57	47.58
559	25.57	47.66
559	25.57	47.7
559	25.57	47.69
561	25.58	47.68
562	25.6	47.72
561	25.6	47.7
562	25.58	47.68
562	25.57	47.65
564	25.57	47.67
565	25.58	47.72
565	25.57	47.77
565	25.56	47.82
567	25.58	47.83
567	25.57	47.82
567	25.57	47.83
567	25.57	47.9
567	25.57	47.91
567	25.57	47.88
568	25.57	47.89
569	25.56	47.88
571	25.58	47.91
573	25.57	47.9
575	25.57	47.95
577	25.58	48.0
578	25.57	47.93
580	25.58	47.96
586	25.58	47.99
586	25.6	47.98
586	25.58	47.97
588	25.58	47.97
589	25.58	48.04
589	25.58	48.0
590	25.56	48.01
590	25.58	48.0
590	25.61	48.01
590	25.58	47.98
590	25.58	47.99
591	25.58	48.0
591	25.58	47.98
591	25.61	47.99
591	25.6	47.94
590	25.6	47.96
590	25.58	47.98
590	25.6	48.0
591	25.58	48.02
591	25.58	48.01
591	25.61	48.04
592	25.61	48.03
592	25.6	47.96
591	25.61	48.03
592	25.6	48.03
592	25.6	48.04
592	25.61	47.98
592	25.61	48.02
592	25.61	48.04
592	25.61	47.99
593	25.6	48.0
593	25.61	47.97
593	25.61	47.97
593	25.63	48.04
593	25.61	47.97
593	25.61	47.93
592	25.61	47.93
592	25.63	47.93
593	25.61	47.98
593	25.6	48.03
593	25.64	47.96
593	25.61	47.99
592	25.61	47.93
592	25.63	47.95
592	25.63	47.97
592	25.64	47.97
592	25.64	47.95
591	25.63	47.93
591	25.64	47.91
591	25.64	47.93
592	25.6	47.92
593	25.63	47.91
594	25.64	47.91
593	25.61	47.95
593	25.64	47.92
592	25.63	47.93
593	25.61	47.92
593	25.65	47.95
592	25.61	47.95
594	25.63	47.94
594	25.61	47.94
595	25.61	47.92
595	25.63	47.9
595	25.61	47.92
594	25.63	47.94
595	25.65	47.9
596	25.65	47.9
596	25.63	47.93
596	25.61	47.88
596	25.63	47.93
596	25.64	47.96
597	25.63	47.96
597	25.63	47.97
599	25.63	47.97
598	25.63	47.94
597	25.63	48.04
596	25.61	48.04
596	25.64	48.03
596	25.63	47.99
597	25.61	48.04
598	25.63	48.02
598	25.61	48.04
598	25.61	48.07
598	25.6	48.06
598	25.64	48.02
598	25.61	48.03
599	25.63	48.06
598	25.61	48.07
597	25.6	48.08
598	25.63	48.13
598	25.63	48.04
599	25.65	48.08
600	25.63	48.03
600	25.64	48.0
599	25.64	48.04
599	25.67	48.09
600	25.64	48.14
602	25.65	48.15
602	25.68	48.1
605	25.67	47.96
605	25.67	47.95
605	25.67	47.89
606	25.67	47.93
606	25.71	48.03
606	25.68	47.94
606	25.71	47.93
607	25.7	47.9
607	25.68	48.01
607	25.68	48.03
607	25.73	48.1
608	25.71	48.14
608	25.7	48.11
611	25.73	48.25
611	25.71	48.34
611	25.73	48.26
611	25.71	48.18
612	25.71	48.17
614	25.71	48.05
617	25.74	47.88
617	25.73	47.79
618	25.73	47.76
618	25.73	47.79
618	25.7	47.74
619	25.75	47.78
620	25.73	47.82
620	25.71	47.82
619	25.71	47.88
619	25.71	47.97
618	25.73	47.95
617	25.73	47.98
617	25.74	47.88
618	25.73	47.77
618	25.73	47.74
617	25.73	47.85
617	25.71	47.87
617	25.73	47.83
616	25.73	47.77
617	25.73	47.75
617	25.71	47.79
617	25.7	47.8
617	25.73	47.9
617	25.71	47.88
616	25.75	47.86
616	25.71	47.92
617	25.74	47.91
617	25.73	47.88
619	25.73	47.89
620	25.75	47.89
620	25.73	47.85
621	25.75	47.91
620	25.73	47.88
620	25.73	47.81
620	25.74	47.88
621	25.71	47.86
621	25.71	47.88
622	25.7	47.92
622	25.7	47.93
623	25.7	47.98
623	25.71	48.04
622	25.71	48.02
623	25.71	48.0
624	25.73	48.02
623	25.7	47.88
623	25.73	47.88
624	25.71	47.85
623	25.68	47.92
624	25.71	47.9
622	25.7	47.93
622	25.7	47.9
623	25.68	47.93
622	25.67	47.93
623	25.7	47.93
624	25.7	47.97
624	25.67	47.95
623	25.67	47.97
624	25.67	48.0
623	25.68	47.99
623	25.68	47.99
624	25.65	48.02
624	25.65	48.02
625	25.67	48.01
624	25.65	48.0
624	25.67	47.94
623	25.64	47.89
624	25.65	47.98
625	25.67	48.06
628	25.67	48.06
627	25.65	48.06
627	25.67	48.02
627	25.63	48.11
626	25.64	48.11
626	25.6	48.07
626	25.63	48.09
626	25.63	48.03
626	25.6	48.11
625	25.61	48.06
625	25.63	48.11
626	25.61	48.12
626	25.6	48.26
625	25.61	48.25
626	25.6	48.16
625	25.6	48.3
625	25.6	48.3
624	25.6	48.4
624	25.61	48.26
623	25.58	48.28
623	25.61	48.22
622	25.61	48.33
623	25.61	48.34
623	25.6	48.43
622	25.61	48.53
622	25.6	48.94
622	25.6	48.87
622	25.6	48.72
623	25.63	48.63
623	25.61	48.64
623	25.61	48.52
623	25.63	48.51
622	25.6	48.57
624	25.61	48.6
624	25.63	48.54
625	25.63	48.55
625	25.61	48.51
625	25.64	48.53
625	25.64	48.53
624	25.64	48.48
625	25.63	48.4
626	25.63	48.44
627	25.64	48.4
627	25.63	48.4
628	25.64	48.38
628	25.63	48.4
627	25.64	48.45
627	25.61	48.37
626	25.64	48.37
627	25.64	48.41
627	25.6	48.46
627	25.61	48.47
627	25.63	48.41
627	25.63	48.34
626	25.61	48.58
626	25.61	48.59
627	25.6	48.77
628	25.61	49.18
628	25.63	49.13
627	25.6	48.93
627	25.63	48.96
627	25.61	48.71
627	25.6	48.72
627	25.58	48.82
627	25.6	49.06
625	25.64	49.05
625	25.57	48.87
625	25.6	48.73
625	25.6	48.88
624	25.6	49.05
624	25.6	49.22
624	25.61	49.26
624	25.6	49.42
625	25.61	49.33
624	25.61	49.37
623	25.58	49.38
624	25.6	49.77
625	25.6	50.38
626	25.6	50.45
627	25.6	51.1
626	25.6	50.9
627	25.58	50.6
629	25.58	50.67
631	25.61	51.0
634	25.6	50.83
634	25.58	50.61
634	25.58	50.53
634	25.6	50.32
635	25.58	50.37
635	25.6	50.44
637	25.61	50.61
636	25.61	50.42
637	25.58	50.62
638	25.61	50.55
638	25.58	50.61
640	25.6	50.46
641	25.58	50.41
643	25.58	50.52
645	25.58	50.66
646	25.58	50.64
646	25.58	50.64
648	25.57	50.59
648	25.57	50.61
648	25.57	50.92
648	25.56	50.68
649	25.56	50.69
649	25.58	50.81
649	25.57	50.86
650	25.56	50.7
649	25.56	50.53
650	25.56	50.45
649	25.57	50.47
649	25.56	50.55
649	25.56	50.89
649	25.57	50.82
650	25.56	50.96
649	25.57	50.94
649	25.56	50.86
649	25.57	51.02
648	25.57	50.97
647	25.57	50.95
628	25.57	51.0
629	25.57	50.75
631	25.57	50.52
632	25.56	50.5
635	25.56	50.47
634	25.57	50.51
634	25.56	50.92
635	25.56	50.87
636	25.56	50.7
636	25.56	50.66
639	25.53	50.58
639	25.54	50.56
640	25.53	50.62
641	25.53	50.67
641	25.53	50.84
643	25.53	50.77
643	25.5	50.81
643	25.51	50.81
644	25.54	50.65
645	25.51	50.68
645	25.51	50.86
646	25.53	50.99
646	25.51	51.06
646	25.54	50.95
647	25.54	50.94
646	25.54	50.92
647	25.51	50.82
646	25.57	51.21
646	25.57	51.31
645	25.54	51.18
646	25.54	51.17
646	25.53	51.17
647	25.53	51.15
646	25.53	51.07
647	25.56	51.05
647	25.54	51.01
647	25.56	51.02
647	25.56	50.99
645	25.56	50.98
645	25.58	50.94
645	25.56	50.89
645	25.58	50.8
645	25.54	50.77
646	25.56	50.74
646	25.57	50.7
645	25.57	50.71
646	25.57	50.66
646	25.58	50.7
646	25.58	50.68
646	25.58	50.7
646	25.57	50.7
646	25.58	50.64
646	25.57	50.6
645	25.57	50.64
645	25.58	50.63
645	25.6	50.62
645	25.6	50.57
645	25.6	50.57
646	25.58	50.64
646	25.6	50.85
646	25.57	51.0
647	25.6	50.9
650	25.58	50.9
650	25.6	50.87
651	25.6	50.89
653	25.57	50.95
654	25.58	50.93
654	25.58	50.93
656	25.56	50.97
658	25.58	50.88
659	25.58	50.73
659	25.56	50.76
660	25.57	50.82
661	25.56	50.82
661	25.56	50.67
662	25.57	50.66
663	25.54	50.8
663	25.56	51.03
664	25.56	50.98
666	25.57	50.81
668	25.56	50.82
671	25.56	50.71
672	25.56	50.65
673	25.57	50.74
673	25.57	50.91
673	25.6	50.98
673	25.58	51.18
673	25.6	51.07
673	25.6	51.02
673	25.58	50.93
673	25.58	50.88
673	25.63	50.84
673	25.61	50.88
673	25.63	50.86
673	25.63	50.8
673	25.64	50.77
673	25.65	50.76
673	25.65	50.77
674	25.68	50.8
674	25.67	50.77
676	25.65	50.84
676	25.7	51.04
676	25.67	50.87
677	25.68	50.7
677	25.67	50.65
677	25.68	50.71
677	25.67	50.77
678	25.67	50.77
680	25.68	50.74
680	25.68	50.76
681	25.7	50.8
681	25.71	51.32
684	25.71	51.21
689	25.73	50.86
692	25.71	50.88
692	25.73	50.7
694	25.73	50.56
697	25.7	50.56
698	25.73	50.83
706	25.74	50.49
707	25.77	50.42
706	25.75	50.49
707	25.74	50.52
707	25.75	50.55
706	25.77	50.44
706	25.77	50.5
706	25.75	50.41
706	25.75	50.42
708	25.75	50.39
708	25.77	50.38
707	25.77	50.33
707	25.8	50.29
707	25.78	50.35
705	25.8	50.4
705	25.77	50.37
704	25.8	50.22
703	25.77	50.21
703	25.77	50.29
704	25.78	50.26
704	25.82	50.28
703	25.8	50.32
704	25.81	50.31
704	25.78	50.19
704	25.81	50.12
705	25.8	50.12
705	25.82	50.13
705	25.82	50.21
703	25.82	50.23
704	25.81	50.17
703	25.82	50.14
703	25.84	50.18
702	25.82	50.2
700	25.84	50.23
699	25.84	50.25
697	25.85	50.2
697	25.84	50.21
697	25.84	50.18
697	25.84	50.05
697	25.84	49.99
697	25.85	50.04
698	25.85	50.07
697	25.85	50.02
697	25.85	50.04
698	25.88	50.0
698	25.87	50.0
698	25.85	50.04
697	25.85	49.96
697	25.87	50.0
697	25.87	49.95
698	25.88	49.93
698	25.88	50.01
697	25.88	49.99
697	25.87	49.92
697	25.89	49.87
696	25.89	49.9
696	25.89	49.89
695	25.88	49.84
695	25.89	49.82
694	25.89	49.87
694	25.91	49.75
693	25.91	49.81
693	25.88	49.81
691	25.92	49.67
690	25.91	49.8
689	25.92	49.84
689	25.92	49.83
689	25.92	49.85
689	25.91	49.81
689	25.92	49.84
689	25.92	49.75
690	25.92	49.75
689	25.94	49.79
690	25.94	49.77
690	25.95	49.68
690	25.94	49.64
691	25.94	49.66
692	25.95	49.6
691	25.95	49.65
691	25.95	49.6
691	25.95	49.6
691	25.98	49.68
691	25.95	49.66
692	25.95	49.57
693	25.95	49.51
694	25.96	49.54
694	25.95	49.56
695	25.96	49.55
694	25.98	49.64
694	25.96	49.64
694	25.98	49.64
692	26.01	49.61
693	25.99	49.51
692	25.96	49.5
692	26.01	49.57
691	25.99	49.6
692	26.01	49.61
692	25.98	49.53
693	25.98	49.46
692	25.99	49.45
692	26.01	49.48
692	26.01	49.52
693	25.98	49.46
693	26.01	49.6
694	25.99	49.59
695	25.99	49.37
696	26.01	49.39
696	25.99	49.35
696	25.99	49.31
696	26.02	49.37
697	26.01	49.47
697	26.01	49.45
697	25.99	49.5
697	26.01	49.46
697	26.01	49.4
697	26.02	49.39
697	25.99	49.4
696	26.02	49.34
696	26.03	49.3
696	26.06	49.33
696	26.02	49.44
697	26.02	49.47
696	26.06	49.36
695	26.05	49.34
695	26.03	49.23
695	26.03	49.21
695	26.03	49.24
694	26.03	49.36
695	26.06	49.39
694	26.05	49.36
695	26.05	49.33
695	26.05	49.29
694	26.03	49.32
693	26.03	49.39
693	26.03	49.42
693	26.03	49.51
692	26.05	49.52
692	26.05	49.57
691	26.06	49.69
692	26.06	49.71
692	26.08	49.85
692	26.05	49.68
692	26.05	49.68
692	26.08	49.71
692	26.06	49.71
692	26.06	49.72
692	26.06	49.74
691	26.06	49.7
691	26.09	49.85
690	26.11	49.91
689	26.09	50.5
689	26.09	50.31
689	26.08	50.33
690	26.11	50.16
690	26.12	50.02
691	26.09	49.95
691	26.12	49.83
691	26.13	50.02
692	26.12	50.13
691	26.15	50.05
691	26.13	49.98
691	26.15	50.41
691	26.13	50.44
691	26.13	50.17
691	26.11	50.09
691	26.15	50.19
691	26.15	50.06
691	26.13	50.12
691	26.15	49.98
690	26.18	49.96
690	26.13	49.93
690	26.13	49.95
690	26.15	50.1
690	26.15	50.48
691	26.16	50.32
691	26.18	50.19
690	26.16	50.21
689	26.18	50.02
690	26.18	49.9
689	26.18	49.97
688	26.18	49.87
687	26.19	49.97
687	26.18	49.94
688	26.18	49.97
688	26.18	49.99
688	26.19	49.98
688	26.21	49.92
690	26.18	49.82
690	26.18	50.19
690	26.19	50.33
690	26.19	50.18
690	26.19	50.2
689	26.22	50.06
690	26.19	49.97
689	26.19	49.87
689	26.21	50.01
689	26.23	49.99
689	26.21	49.99
690	26.23	50.0
689	26.23	50.02
689	26.23	49.88
689	26.23	49.83
689	26.23	49.9
689	26.23	49.78
689	26.25	49.85
689	26.23	49.91
688	26.22	49.98
687	26.22	49.93
686	26.23	50.0
686	26.21	50.14
686	26.23	49.93
687	26.23	49.87
686	26.25	49.99
683	26.25	50.08
684	26.25	49.99
684	26.23	49.85
685	26.25	49.73
685	26.26	49.8
686	26.26	49.94
686	26.25	49.86
685	26.25	49.75
687	26.25	49.82
686	26.26	49.72
685	26.26	49.87
686	26.26	49.75
685	26.23	49.86
686	26.26	49.95
685	26.26	49.89
686	26.25	49.89
686	26.28	49.72
688	26.26	49.81
688	26.29	49.9
687	26.28	49.97
687	26.26	49.9
686	26.25	49.89
686	26.26	49.86
685	26.28	49.97
684	26.26	50.1
684	26.29	50.02
683	26.28	49.92
682	26.28	49.8
683	26.25	49.85
683	26.28	49.84
683	26.25	49.8
683	26.28	49.72
682	26.29	49.72
683	26.29	49.64
682	26.28	49.71
683	26.29	49.73
684	26.3	49.59
684	26.29	49.64
685	26.29	49.66
685	26.28	49.68
686	26.28	49.84
685	26.28	49.73
684	26.29	49.59
683	26.25	49.55
682	26.3	49.59
682	26.29	49.65
682	26.29	49.56
681	26.29	49.56
682	26.3	49.62
681	26.28	49.62
681	26.29	49.64
680	26.29	49.86
681	26.32	49.82
680	26.29	49.69
680	26.28	49.74
680	26.3	49.85
680	26.32	49.76
679	26.32	49.62
678	26.32	49.59
678	26.29	49.67
678	26.32	49.57
676	26.3	49.59
676	26.32	49.62
676	26.32	49.56
677	26.33	49.57
676	26.33	49.67
676	26.3	49.74
676	26.3	49.84
678	26.32	49.67
677	26.3	49.69
675	26.32	49.74
675	26.32	49.78
675	26.33	49.71
674	26.32	49.68
675	26.33	49.61
675	26.3	49.7
674	26.33	49.59
674	26.3	49.56
675	26.33	49.5
675	26.33	49.52
674	26.35	49.59
675	26.33	49.65
674	26.33	49.75
675	26.32	49.76
675	26.32	49.61
673	26.33	49.64
673	26.35	49.58
672	26.35	49.44
672	26.36	49.39
672	26.32	49.44
672	26.36	49.59
671	26.36	49.56
672	26.38	49.58
671	26.36	49.47
672	26.36	49.53
672	26.35	49.62
672	26.39	49.53
672	26.39	49.41
672	26.38	49.41
673	26.38	49.4
672	26.38	49.48
673	26.36	49.46
672	26.42	49.35
673	26.39	49.28
673	26.39	49.43
673	26.38	49.25
673	26.38	49.23
674	26.39	49.35
674	26.39	49.21
675	26.39	49.13
675	26.36	49.17
676	26.39	49.17
676	26.36	49.28
676	26.38	49.3
677	26.39	49.3
677	26.38	49.28
677	26.39	49.22
676	26.39	49.36
677	26.38	49.31
677	26.38	49.34
677	26.38	49.25
677	26.39	49.25
676	26.4	49.25
676	26.39	49.23
676	26.39	49.21
676	26.4	49.22
676	26.42	49.21
676	26.39	49.25
675	26.39	49.27
675	26.39	49.2
675	26.4	49.17
675	26.39	49.14
675	26.4	49.24
675	26.44	49.3
676	26.39	49.13
676	26.4	49.15
677	26.38	49.21
677	26.4	49.25
678	26.4	49.18
678	26.4	49.22
678	26.42	49.24
678	26.4	49.16
678	26.4	49.78
679	26.4	49.6
680	26.4	49.45
681	26.42	49.33
682	26.4	49.31
686	26.42	49.21
686	26.4	49.33
687	26.39	49.37
687	26.4	49.35
687	26.4	49.3
687	26.4	49.27
687	26.39	49.35
686	26.4	49.24
685	26.4	49.22
683	26.4	49.25
683	26.39	49.23
682	26.42	49.29
682	26.4	49.33
680	26.42	49.33
679	26.42	49.28
679	26.4	49.27
678	26.43	49.25
679	26.4	49.24
679	26.39	49.22
678	26.4	49.37
678	26.39	49.32
677	26.4	49.23
676	26.39	49.23
675	26.4	49.17
675	26.38	49.1
675	26.39	49.12
674	26.4	49.21
674	26.42	49.29
674	26.42	49.3
674	26.42	49.25
673	26.39	49.22
673	26.36	49.24
673	26.4	49.15
673	26.39	49.15
672	26.39	49.13
673	26.4	49.2
673	26.4	49.12
673	26.39	49.08
672	26.4	49.2
673	26.42	49.21
672	26.39	49.18
671	26.42	49.2
671	26.39	49.17
671	26.42	49.11
671	26.4	49.06
672	26.42	49.12
672	26.4	49.09
672	26.42	48.98
672	26.42	49.1
673	26.42	49.05
674	26.42	49.13
674	26.42	49.2
674	26.42	49.21
674	26.43	49.21
674	26.4	49.23
673	26.4	49.11
674	26.4	49.18
674	26.42	49.17
674	26.39	49.16
673	26.4	49.24
674	26.39	49.12
674	26.4	49.16
675	26.4	49.11
675	26.4	49.15
675	26.4	49.18
675	26.43	49.2
676	26.4	49.04
676	26.42	49.03
675	26.42	49.02
675	26.44	49.01
675	26.42	48.92
676	26.42	49.08
676	26.4	49.12
675	26.42	49.1
675	26.4	49.04
676	26.43	48.96
675	26.44	48.98
676	26.42	48.97
676	26.44	49.07
675	26.46	49.08
676	26.44	49.04
677	26.43	49.04
676	26.44	49.03
676	26.46	49.07
677	26.44	49.01
677	26.4	48.98
677	26.43	48.97
677	26.44	48.93
678	26.44	48.98
678	26.43	49.01
677	26.44	48.96
677	26.46	48.95
677	26.44	48.97
677	26.44	48.97
676	26.46	48.96
676	26.46	48.97
677	26.47	49.07
677	26.42	49.03
678	26.44	49.09
678	26.44	49.09
676	26.44	49.07
677	26.44	49.04
677	26.44	49.02
676	26.46	49.05
675	26.46	49.12
674	26.46	49.08
675	26.47	49.02
674	26.46	48.98
675	26.43	48.96
675	26.49	48.92
676	26.47	48.88
676	26.46	48.89
676	26.47	49.03
676	26.47	49.3
676	26.49	48.96
676	26.46	48.86
677	26.49	48.87
678	26.47	48.91
679	26.46	48.96
679	26.47	48.98
680	26.47	48.98
680	26.47	48.89
679	26.46	48.95
680	26.46	48.96
680	26.47	49.09
681	26.47	48.97
680	26.46	48.91
681	26.49	48.93
681	26.49	48.89
681	26.47	48.82
681	26.46	48.84
682	26.47	48.85
682	26.47	48.85
682	26.47	48.85
682	26.46	48.87
682	26.44	48.99
681	26.47	48.94
681	26.47	48.95
681	26.47	48.96
680	26.47	48.88
681	26.44	48.93
679	26.46	48.87
679	26.44	48.79
679	26.47	48.89
679	26.43	48.93
679	26.47	48.98
679	26.46	48.89
680	26.47	48.85
680	26.46	48.84
679	26.47	48.95
678	26.5	48.85
677	26.47	48.87
677	26.47	48.92
678	26.47	48.95
678	26.47	48.95
678	26.46	48.93
679	26.46	48.89
679	26.47	48.91
680	26.5	48.88
680	26.47	48.87
680	26.49	48.86
680	26.49	48.86
679	26.47	48.88
680	26.49	49.02
681	26.47	49.17
680	26.47	48.75
682	26.5	48.82
682	26.47	48.9
683	26.46	48.86
683	26.46	48.85
683	26.46	48.79
683	26.47	48.78
683	26.5	48.87
684	26.47	48.87
683	26.49	48.88
682	26.47	48.84
682	26.49	48.75
682	26.47	48.76
682	26.5	48.76
683	26.49	48.78
684	26.49	48.78
684	26.47	48.77
684	26.49	48.85
684	26.49	48.75
683	26.5	48.72
684	26.49	48.78
684	26.49	48.72
684	26.5	48.73
685	26.49	48.71
685	26.51	48.74
684	26.51	48.76
685	26.47	48.81
685	26.51	48.71
684	26.53	48.71
684	26.49	48.69
684	26.5	48.72
684	26.47	48.73
684	26.5	48.68
684	26.49	48.66
683	26.51	48.68
682	26.51	48.66
682	26.5	48.63
682	26.51	48.65
681	26.49	48.73
681	26.5	48.76
681	26.49	48.8
681	26.47	48.76
681	26.49	48.69
680	26.49	48.66
678	26.49	48.74
678	26.49	48.73
678	26.49	48.81
677	26.49	48.73
677	26.49	48.76
676	26.49	48.73
677	26.47	48.79
677	26.49	48.77
677	26.5	48.72
677	26.5	48.68
677	26.49	48.65
675	26.5	48.68
675	26.47	48.72
676	26.49	48.73
675	26.47	48.74
675	26.5	48.81
675	26.5	48.76
675	26.5	48.6
674	26.47	48.55
674	26.5	48.63
673	26.49	48.71
674	26.5	48.74
674	26.51	48.71
674	26.49	48.74
675	26.47	48.74
674	26.47	48.73
674	26.49	48.72
674	26.49	49.35
675	26.49	48.83
679	26.49	48.67
680	26.49	48.62
681	26.49	48.65
680	26.51	48.62
681	26.5	48.63
682	26.51	48.64
681	26.47	48.64
681	26.5	48.64
680	26.53	48.56
680	26.51	48.55
680	26.51	48.55
680	26.5	48.5
680	26.51	48.55
681	26.53	48.64
681	26.51	48.61
681	26.5	48.54
680	26.5	48.58
679	26.5	48.56
680	26.53	48.83
681	26.49	48.62
680	26.51	48.53
678	26.53	48.47
678	26.53	48.52
678	26.53	48.52
678	26.53	48.55
678	26.53	48.53
677	26.53	48.44
677	26.53	48.44
676	26.51	48.52
676	26.53	48.52
676	26.53	48.47
675	26.54	48.54
675	26.5	48.53
675	26.51	48.58
675	26.51	48.61
674	26.51	48.58
675	26.49	48.55
676	26.53	48.58
676	26.5	48.64
676	26.5	48.71
676	26.53	48.57
676	26.5	48.55
676	26.5	48.53
675	26.53	48.56
676	26.51	48.53
676	26.51	48.55
675	26.51	48.51
675	26.5	48.55
674	26.51	48.59
674	26.51	48.58
674	26.5	48.54
674	26.53	48.5
675	26.5	48.56
675	26.51	48.55
675	26.53	48.54
674	26.53	48.42
673	26.53	48.48
673	26.54	48.47
673	26.54	48.42
674	26.53	48.48
674	26.53	48.53
674	26.53	48.47
674	26.53	48.48
676	26.53	48.48
675	26.53	48.42
674	26.56	48.46
674	26.53	48.41
675	26.54	48.5
674	26.53	48.52
674	26.54	48.49
675	26.56	48.44
674	26.54	48.37
674	26.56	48.4
674	26.56	48.37
672	26.54	48.27
673	26.57	48.32
672	26.53	48.35
672	26.57	48.42
671	26.54	48.31
671	26.53	48.35
671	26.53	48.42
670	26.53	48.42
671	26.56	48.37
670	26.53	48.48
670	26.56	48.34
671	26.57	48.33
671	26.54	48.35
670	26.54	48.3
671	26.56	48.23
671	26.54	48.19
671	26.58	48.19
672	26.56	48.15
671	26.54	49.24
674	26.56	48.71
679	26.54	48.49
682	26.57	48.51
685	26.56	48.45
686	26.57	48.4
686	26.57	48.35
685	26.56	48.33
687	26.58	48.32
687	26.53	48.37
687	26.58	48.34
688	26.54	48.42
687	26.56	48.38
686	26.57	48.4
683	26.57	48.37
683	26.56	48.4
683	26.57	49.2
684	26.54	48.64
684	26.56	48.47
683	26.56	48.32
683	26.54	48.23
683	26.56	48.24
684	26.54	48.2
683	26.54	48.24
682	26.54	48.21
684	26.56	48.3
684	26.54	48.42
684	26.53	48.44
683	26.54	48.46
683	26.54	48.46
683	26.54	48.41
682	26.56	48.41
680	26.56	48.36
681	26.54	48.38
681	26.54	48.38
681	26.54	48.41
682	26.56	48.41
682	26.53	48.39
682	26.54	48.35
681	26.57	48.36
681	26.56	48.4
681	26.56	48.37
680	26.57	48.4
680	26.56	48.35
679	26.56	48.37
678	26.54	48.38
678	26.56	48.35
678	26.56	48.35
678	26.56	48.3
679	26.57	48.31
679	26.58	48.34
680	26.57	48.34
680	26.58	48.37
679	26.58	48.31
678	26.58	48.27
678	26.57	48.21
676	26.6	48.17
675	26.6	48.18
676	26.58	48.2
676	26.58	48.2
676	26.58	48.22
676	26.61	48.26
676	26.58	48.26
674	26.58	48.26
675	26.6	48.31
674	26.6	48.26
673	26.6	48.15
673	26.58	48.2
673	26.58	48.24
674	26.63	48.2
673	26.58	48.25
673	26.58	48.2
674	26.6	48.28
674	26.58	48.23
673	26.58	48.16
673	26.6	48.19
674	26.58	48.28
675	26.57	48.26
678	26.57	48.32
678	26.6	48.27
679	26.57	48.33
678	26.58	48.38
679	26.58	48.34
679	26.58	48.26
680	26.58	48.25
680	26.6	48.3
679	26.58	48.22
680	26.6	48.2
680	26.57	48.11
680	26.57	48.18
679	26.57	48.28
679	26.6	48.22
679	26.58	48.21
678	26.58	48.2
678	26.58	48.17
678	26.6	48.18
678	26.6	48.15
678	26.6	48.17
677	26.61	48.16
677	26.58	48.17
678	26.57	48.17
678	26.6	48.11
677	26.6	48.16
677	26.58	48.18
676	26.57	48.21
676	26.6	48.17
676	26.58	48.14
677	26.57	48.11
676	26.58	48.23
676	26.61	48.21
677	26.58	48.2
676	26.57	48.24
676	26.57	48.2
677	26.57	48.21
677	26.6	48.17
678	26.63	48.15
679	26.6	48.16
678	26.6	48.18
678	26.58	48.17
678	26.58	48.08
678	26.61	48.11
678	26.58	48.18
677	26.57	48.12
675	26.58	48.11
675	26.58	48.17
675	26.6	48.2
675	26.57	48.19
676	26.58	48.24
677	26.56	48.27
676	26.58	48.19
676	26.58	48.16
677	26.57	48.16
675	26.6	48.17
674	26.6	48.11
676	26.6	48.07
676	26.58	48.12
676	26.61	48.09
676	26.6	48.08
676	26.6	48.16
677	26.6	48.16
677	26.58	48.16
676	26.57	48.16
677	26.6	48.22
679	26.56	48.14
678	26.56	48.2
677	26.58	48.21
677	26.6	48.22
678	26.58	48.3
678	26.6	48.29
678	26.58	48.31
678	26.58	48.78
682	26.6	48.34
682	26.6	48.18
683	26.57	48.18
683	26.57	48.16
683	26.57	48.12
684	26.58	48.12
685	26.58	48.1
684	26.58	48.1
684	26.58	48.16
683	26.56	48.2
683	26.57	48.2
683	26.57	48.19
683	26.6	48.17
683	26.58	48.14
683	26.58	48.1
682	26.58	48.09
682	26.6	48.06
683	26.6	48.08
683	26.57	48.12
682	26.6	48.12
682	26.6	48.2
683	26.58	48.22
683	26.58	48.2
683	26.58	48.14
683	26.61	48.07
684	26.58	48.09
684	26.58	48.04
684	26.6	48.01
685	26.6	48.02
685	26.58	48.12
683	26.58	48.09
684	26.6	48.1
683	26.58	48.14
682	26.6	48.06
682	26.6	48.06
683	26.63	48.06
684	26.61	48.05
684	26.61	48.06
685	26.63	48.06
684	26.63	48.07
684	26.63	48.15
684	26.61	48.1
684	26.61	48.1
683	26.63	48.04
681	26.61	48.05
679	26.61	48.1
679	26.64	48.08
683	26.64	48.09
683	26.61	48.13
684	26.63	48.08
684	26.63	47.93
684	26.63	47.93
683	26.63	48.17
683	26.63	48.07
684	26.63	48.1
684	26.64	48.05
684	26.61	48.02
684	26.6	47.98
684	26.61	48.04
685	26.63	48.05
685	26.6	48.02
684	26.6	47.98
685	26.63	48.0
685	26.6	47.88
685	26.57	47.84
685	26.6	47.82
687	26.57	47.86
686	26.56	47.84
685	26.56	47.91
684	26.54	48.0
685	26.56	47.93
684	26.54	47.92
684	26.53	47.94
683	26.5	48.04
682	26.49	47.99
682	26.49	48.05
682	26.5	48.09
683	26.46	48.13
683	26.46	48.13
684	26.47	48.19
683	26.49	48.2
683	26.46	48.28
684	26.47	48.25
684	26.46	48.28
683	26.46	48.31
683	26.47	48.31
684	26.49	48.29
684	26.46	48.36
684	26.49	48.31
683	26.49	48.34
683	26.47	48.28
683	26.5	48.24
682	26.49	48.19
682	26.49	48.21
683	26.5	48.16
683	26.5	48.15
683	26.5	48.16
683	26.47	48.12
682	26.47	48.17
682	26.5	48.22
681	26.47	48.1
681	26.49	48.18
682	26.49	48.17
682	26.49	48.15
682	26.49	48.2
682	26.5	48.18
681	26.49	48.22
682	26.5	48.19
682	26.51	48.19
681	26.5	48.21
682	26.49	48.19
681	26.5	48.17
682	26.5	48.2
681	26.5	48.38
682	26.49	48.83
683	26.47	48.43
685	26.47	48.35
686	26.46	48.38
688	26.47	48.46
691	26.44	48.52
690	26.46	48.35
690	26.46	48.42
693	26.46	48.34
694	26.46	48.37
694	26.44	48.42
695	26.44	48.4
694	26.47	48.45
695	26.46	48.43
695	26.47	48.41
696	26.44	48.48
696	26.44	48.48
697	26.43	48.46
699	26.44	48.48
699	26.46	48.47
700	26.46	48.41
699	26.46	48.42
699	26.46	48.43
698	26.47	48.48
698	26.46	48.5
699	26.44	48.44
698	26.46	48.36
699	26.46	48.38
699	26.46	48.37
699	26.46	48.41
699	26.47	48.38
699	26.46	48.34
699	26.44	48.36
700	26.46	48.36
699	26.46	48.3
698	26.47	48.26
697	26.46	48.27
697	26.46	48.3
698	26.46	48.34
698	26.44	48.42
697	26.43	48.58
697	26.46	48.54
697	26.44	48.53
696	26.44	48.57
696	26.43	48.61
697	26.46	48.8
697	26.46	49.32
698	26.47	49.53
697	26.46	49.79
698	26.47	49.76
698	26.49	49.74
698	26.46	50.0
698	26.46	49.95
698	26.47	49.99
698	26.47	50.12
699	26.47	50.51
699	26.47	50.58
701	26.47	50.42
701	26.47	50.41
702	26.47	50.4
702	26.49	50.61
702	26.49	50.54
703	26.49	50.43
703	26.49	50.28
703	26.5	50.18
704	26.5	50.25
705	26.47	50.23
705	26.49	50.32
706	26.49	50.19
707	26.49	50.14
708	26.5	50.08
709	26.5	50.11
708	26.5	50.1
708	26.51	50.22
709	26.5	49.94
710	26.49	49.87
710	26.5	49.9
711	26.5	49.82
710	26.49	49.78
709	26.49	49.75
709	26.5	49.71
709	26.5	49.75
709	26.5	49.81
709	26.49	49.78
709	26.47	49.74
709	26.5	49.75
709	26.5	49.68
709	26.5	49.69
708	26.49	49.58
708	26.47	49.6
707	26.5	49.58
706	26.49	49.61
707	26.49	49.71
707	26.47	49.66
705	26.49	49.56
705	26.47	49.52
705	26.46	49.49
704	26.47	49.44
705	26.5	49.49
705	26.46	49.5
705	26.49	49.5
705	26.49	49.5
704	26.49	49.52
705	26.49	49.47
704	26.49	49.44
704	26.49	49.41
702	26.5	49.35
701	26.47	49.39
701	26.49	49.42
701	26.47	50.04
702	26.47	49.87
704	26.49	49.58
706	26.49	49.4
710	26.47	49.36
710	26.5	49.32
711	26.46	49.28
712	26.49	49.32
712	26.47	49.59
713	26.47	49.35
713	26.49	49.28
713	26.46	49.29
713	26.5	49.29
714	26.5	49.2
713	26.49	49.2
712	26.5	49.25
712	26.49	49.21
710	26.46	49.21
710	26.49	49.21
709	26.49	49.25
708	26.49	49.23
706	26.47	49.19
706	26.47	49.16
705	26.49	49.24
705	26.49	49.18
704	26.49	49.12
705	26.49	49.09
704	26.5	49.13
702	26.46	49.12
701	26.46	49.08
702	26.49	49.11
702	26.49	49.13
701	26.47	49.11
701	26.46	49.14
702	26.47	49.06
701	26.44	49.05
701	26.46	49.19
701	26.47	49.07
700	26.5	49.01
699	26.49	48.97
697	26.49	48.96
697	26.47	48.99
697	26.49	48.91
698	26.47	48.89
697	26.49	48.9
696	26.47	48.86
696	26.46	48.9
695	26.43	48.97
695	26.44	49.04
694	26.43	49.21
694	26.4	49.12
694	26.4	49.15
694	26.4	49.18
694	26.43	49.16
694	26.44	49.14
693	26.4	49.14
693	26.4	49.06
694	26.4	49.04
695	26.38	49.01
695	26.38	48.98
695	26.39	48.97
695	26.38	48.94
694	26.39	48.97
694	26.39	48.92
694	26.39	48.92
693	26.33	48.94
691	26.38	48.92
691	26.36	48.96
690	26.36	48.94
690	26.33	48.92
687	26.33	48.95
685	26.33	48.98
684	26.3	49.05
682	26.33	49.06
682	26.33	49.06
682	26.29	49.1
682	26.3	49.11
683	26.3	49.13
682	26.25	49.09
682	26.3	49.08
682	26.28	49.07
681	26.29	49.09
680	26.28	49.13
681	26.28	49.12
680	26.28	49.14
680	26.29	49.07
679	26.28	49.09
677	26.29	49.07
676	26.26	49.07
676	26.25	49.1
675	26.26	49.13
674	26.26	49.16
673	26.28	49.2
673	26.26	49.21
671	26.25	49.21
671	26.26	49.2
672	26.25	49.17
672	26.23	49.14
673	26.23	49.17
672	26.23	49.22
670	26.22	49.17
670	26.22	49.22
671	26.22	49.24
672	26.21	49.16
672	26.21	49.2
672	26.18	49.23
672	26.22	49.21
671	26.21	49.24
670	26.19	49.18
670	26.16	49.21
670	26.21	49.22
670	26.19	49.23
669	26.21	49.24
670	26.18	49.25
669	26.19	49.21
669	26.18	49.24
669	26.19	49.24
668	26.21	49.25
667	26.19	49.29
666	26.16	49.3
663	26.16	49.3
663	26.16	49.31
663	26.16	49.28
662	26.15	49.34
661	26.15	49.36
656	26.15	49.36
654	26.13	49.36
654	26.13	49.39
654	26.16	49.42
653	26.16	49.39
653	26.13	49.38
653	26.13	49.34
654	26.15	49.38
653	26.15	49.33
653	26.16	49.28
653	26.15	49.3
653	26.13	49.34
653	26.12	49.3
653	26.11	49.33
652	26.15	49.28
652	26.15	49.3
653	26.15	49.23
654	26.12	49.26
654	26.12	49.27
654	26.13	49.25
653	26.12	49.28
652	26.12	49.27
652	26.12	49.25
652	26.12	49.25
651	26.13	49.28
650	26.12	49.24
651	26.12	49.23
650	26.13	49.25
649	26.11	49.27
650	26.12	49.24
650	26.11	49.23
649	26.12	49.26
650	26.11	49.24
647	26.11	49.23
646	26.11	49.23
643	26.11	49.21
644	26.12	49.24
642	26.08	49.21
641	26.08	49.22
641	26.08	49.23
642	26.08	49.25
642	26.09	49.21
642	26.11	49.23
642	26.11	49.21
642	26.09	49.23
642	26.08	49.18
641	26.08	49.13
642	26.09	49.15
642	26.09	49.18
641	26.08	49.17
642	26.09	49.17
641	26.08	49.2
641	26.06	49.17
642	26.05	49.15
641	26.05	49.15
641	26.05	49.14
640	26.05	49.15
637	26.05	49.12
637	26.02	49.14
636	26.05	49.16
635	26.02	49.18
634	26.03	49.19
634	26.03	49.18
633	26.03	49.18
632	26.02	49.19
631	25.99	49.17
631	26.02	49.2
629	26.02	49.22
629	26.02	49.21
628	26.01	49.17
627	26.03	49.23
625	25.99	49.19
624	26.01	49.22
623	25.99	49.22
621	26.01	49.2
621	25.99	49.15
620	26.01	49.17
620	26.01	49.13
619	25.98	49.2
618	25.98	49.19
618	25.99	49.17
617	25.99	49.16
617	25.98	49.21
616	25.98	49.17
615	25.96	49.19
614	26.01	49.18
614	25.96	49.15
614	26.01	49.15
614	25.98	49.11
613	25.99	49.14
613	25.98	49.15
613	25.99	49.12
613	25.96	49.16
613	25.98	49.14
614	25.96	49.14
614	25.96	49.16
613	25.98	49.17
610	25.95	49.16
610	25.98	49.15
610	25.94	49.14
609	25.96	49.17
610	25.94	49.12
609	25.96	49.16
608	25.95	49.2
608	25.96	49.15
608	25.95	49.13
607	25.96	49.16
607	25.94	49.16
606	25.94	49.18
607	25.95	49.17
605	25.95	49.18
606	25.94	49.16
605	25.95	49.14
605	25.94	49.14
606	25.92	49.13
605	25.91	49.09
606	25.94	49.08
606	25.95	49.1
607	25.95	49.08
606	25.96	49.12
605	25.95	49.15
606	25.94	49.09
605	25.94	49.08
605	25.91	49.09
605	25.92	49.08
604	25.92	49.12
605	25.94	49.08
603	25.89	49.07
603	25.91	49.11
604	25.91	49.07
604	25.92	49.1
604	25.91	49.07
604	25.89	49.11
604	25.91	49.07
604	25.91	49.07
604	25.91	49.09
605	25.91	49.08
604	25.91	49.1
604	25.91	49.12
603	25.91	49.13
603	25.91	49.1
603	25.87	49.09
601	25.88	49.0
600	25.89	49.1
602	25.89	49.08
600	25.87	49.09
600	25.88	49.14
601	25.84	49.16
601	25.88	49.13
603	25.87	49.2
602	25.88	49.17
601	25.85	49.15
601	25.87	49.2
600	25.87	49.41
599	25.87	49.52
599	25.85	49.48
600	25.87	49.45
601	25.87	49.5
601	25.88	49.51
602	25.87	49.52
601	25.87	49.55
602	25.85	49.67
602	25.84	49.69
602	25.87	49.86
603	25.85	49.85
603	25.87	49.86
604	25.84	49.9
604	25.87	50.05
606	25.87	50.13
605	25.85	50.28
605	25.85	50.39
606	25.84	50.63
607	25.84	50.79
610	25.85	50.9
614	25.82	51.0
614	25.87	50.96
619	25.85	51.07
621	25.85	51.09
621	25.85	51.3
621	25.85	51.42
622	25.87	51.5
624	25.85	51.52
625	25.85	51.61
626	25.84	51.65
628	25.87	51.85
630	25.82	52.02
634	25.85	52.19
636	25.84	52.14
636	25.84	52.18
638	25.84	52.32
638	25.84	52.36
640	25.82	52.43
640	25.82	52.58
640	25.82	52.54
641	25.84	52.47
640	25.85	52.56
640	25.84	52.64
640	25.85	52.75
641	25.82	52.83
640	25.84	52.99
641	25.84	53.01
641	25.85	53.1
641	25.82	53.13
640	25.85	53.35
640	25.84	53.6
641	25.82	53.94
639	25.84	54.56
639	25.82	55.29
639	25.84	55.23
639	25.85	54.36
640	25.84	53.84
640	25.84	53.6
641	25.87	53.65
640	25.84	53.65
639	25.84	53.67
639	25.87	53.7
638	25.82	53.8
638	25.82	53.77
638	25.82	53.68
638	25.82	53.78
638	25.81	53.94
637	25.84	54.03
637	25.84	53.96
638	25.82	54.13
637	25.82	54.33
637	25.82	54.45
636	25.81	54.37
637	25.81	54.35
637	25.81	54.39
637	25.82	54.18
637	25.82	54.12
636	25.81	54.05
637	25.81	54.0
636	25.82	53.98
636	25.82	53.93
635	25.81	53.81
635	25.82	53.76
635	25.84	53.95
636	25.84	53.98
636	25.81	53.9
635	25.84	53.71
634	25.81	53.68
632	25.81	53.55
630	25.81	53.55
630	25.82	53.52
629	25.85	53.56
628	25.81	53.52
627	25.84	53.52
627	25.84	53.52
626	25.82	53.48
626	25.84	53.5
627	25.84	53.64
627	25.82	53.57
627	25.84	53.53
627	25.84	53.5
626	25.8	53.59
628	25.84	53.59
628	25.81	53.59
628	25.81	53.57
629	25.81	53.65
630	25.81	53.75
630	25.81	53.73
629	25.81	53.79
628	25.81	53.81
628	25.8	53.71
629	25.81	53.65
629	25.82	53.67
629	25.81	53.62
630	25.81	53.61
631	25.81	53.63
629	25.8	53.67
628	25.78	53.68
628	25.8	53.81
628	25.81	53.86
627	25.81	53.86
627	25.78	53.97
627	25.78	53.9
626	25.78	53.99
626	25.8	53.89
625	25.8	53.82
624	25.8	53.74
624	25.78	53.86
623	25.82	53.85
623	25.8	53.83
623	25.78	53.86
622	25.81	53.79
622	25.8	53.79
622	25.78	53.89
622	25.78	53.9
622	25.78	53.86
622	25.78	53.86
622	25.8	53.86
623	25.78	53.92
623	25.8	53.87
622	25.77	53.96
623	25.78	53.9
623	25.78	53.84
623	25.8	53.87
624	25.77	53.91
625	25.78	53.98
624	25.78	54.07
623	25.78	54.14
622	25.77	54.19
622	25.78	54.5
622	25.8	54.41
621	25.78	54.35
621	25.77	54.24
621	25.78	54.29
621	25.78	54.34
623	25.78	54.22
623	25.78	54.14
623	25.78	54.27
623	25.8	54.16
623	25.77	54.24
623	25.8	54.15
622	25.77	54.11
622	25.77	54.13
621	25.8	54.11
621	25.8	54.13
620	25.78	54.24
620	25.77	54.29
619	25.77	54.31
620	25.78	54.28
620	25.8	54.23
618	25.77	54.27
618	25.75	54.17
617	25.78	54.11
617	25.8	54.07
615	25.75	54.11
616	25.77	54.1
615	25.75	54.22
614	25.75	54.26
613	25.77	54.21
615	25.74	54.25
614	25.74	54.22
613	25.74	54.3
613	25.74	54.39
613	25.75	54.37
613	25.74	54.42
614	25.75	54.42
614	25.75	54.43
614	25.71	54.34
613	25.73	54.42
613	25.71	54.47
613	25.74	54.4
611	25.71	54.29
612	25.71	54.27
612	25.71	54.33
611	25.68	54.45
612	25.7	54.48
611	25.7	54.52
613	25.68	54.59
613	25.67	54.48
613	25.7	54.42
613	25.67	54.51
613	25.67	54.42
613	25.68	54.41
613	25.65	54.51
613	25.65	54.55
613	25.64	54.57
613	25.65	54.68
613	25.65	54.58
613	25.68	54.53
614	25.67	54.4
614	25.65	54.41
615	25.65	54.43
614	25.65	54.35
614	25.67	54.41
615	25.67	54.48
615	25.67	54.53
615	25.67	54.45
616	25.65	54.38
617	25.65	54.33
617	25.67	54.49
618	25.67	54.64
618	25.68	54.53
618	25.71	54.55
618	25.67	54.67
619	25.67	54.68
620	25.65	54.74
621	25.7	54.83
620	25.67	54.76
620	25.67	54.74
620	25.68	54.59
620	25.67	54.53
621	25.68	54.64
621	25.67	54.72
621	25.67	54.77
622	25.67	54.68
622	25.68	54.48
622	25.68	54.44
622	25.68	54.46
621	25.67	54.4
621	25.67	54.45
620	25.68	54.49
620	25.67	54.47
620	25.68	54.45
620	25.67	54.34
620	25.68	54.24
621	25.67	54.32
621	25.68	54.3
618	25.65	54.2
616	25.68	54.08
616	25.67	54.18
616	25.65	54.16
616	25.65	54.19
616	25.67	54.27
617	25.65	54.22
617	25.67	54.23
617	25.65	54.29
616	25.67	54.23
616	25.65	54.31
616	25.65	54.27
616	25.64	54.24
617	25.65	54.26
617	25.64	54.2
617	25.64	54.16
616	25.64	54.09
616	25.67	54.05
615	25.65	53.93
615	25.67	54.11
615	25.67	54.15
615	25.65	54.14
614	25.65	54.19
613	25.65	54.29
613	25.67	54.35
613	25.65	54.26
612	25.67	54.37
612	25.65	54.43
612	25.65	54.31
611	25.64	54.27
612	25.65	54.16
611	25.63	54.18
610	25.64	54.07
610	25.65	53.96
610	25.65	54.02
610	25.63	54.01
610	25.64	54.09
610	25.65	54.09
610	25.64	54.34
609	25.64	54.48
609	25.64	54.57
610	25.63	54.45
609	25.63	54.16
608	25.64	54.1
608	25.6	54.0
607	25.63	53.99
607	25.64	54.1
607	25.64	54.29
607	25.63	54.16
604	25.63	54.12
603	25.63	54.31
601	25.63	54.11
600	25.61	54.04
601	25.58	54.04
601	25.6	53.9
601	25.6	54.07
602	25.61	54.08
602	25.63	54.06
603	25.61	53.98
602	25.6	54.04
602	25.58	54.06
602	25.61	54.06
602	25.61	53.99
602	25.6	53.9
602	25.6	53.78
602	25.6	53.79
602	25.6	53.89
601	25.6	53.88
600	25.6	53.97
600	25.58	54.01
601	25.6	54.06
601	25.61	54.11
601	25.58	54.0
601	25.6	54.05
601	25.6	54.25
601	25.58	54.1
601	25.57	53.87
601	25.58	53.86
600	25.57	53.78
600	25.57	53.78
600	25.58	53.93
600	25.57	54.0
599	25.58	53.92
599	25.58	53.76
599	25.58	53.75
598	25.58	53.74
597	25.57	53.79
597	25.58	53.82
597	25.58	53.71
596	25.57	53.57
595	25.58	53.65
595	25.57	53.72
595	25.57	53.74
594	25.57	53.85
594	25.56	53.79
594	25.57	53.75
593	25.58	53.77
593	25.57	53.79
594	25.57	53.61
595	25.57	53.65
596	25.56	53.81
597	25.58	53.75
597	25.56	53.66
597	25.56	53.75
597	25.54	53.74
597	25.56	53.63
596	25.57	53.6
597	25.58	53.63
597	25.57	53.74
596	25.56	53.76
597	25.56	53.84
597	25.56	53.73
596	25.53	53.79
595	25.56	53.72
595	25.57	53.55
595	25.53	53.46
595	25.54	53.52
595	25.56	53.6
595	25.53	53.62
594	25.57	53.53
594	25.56	53.5
595	25.54	53.55
595	25.53	53.51
595	25.54	53.55
594	25.56	53.48
594	25.54	53.41
594	25.54	53.47
594	25.53	53.48
592	25.54	53.53
592	25.51	53.53
591	25.53	53.44
591	25.54	53.37
591	25.54	53.31
592	25.54	53.27
592	25.54	53.16
592	25.53	53.32
592	25.54	53.49
593	25.53	53.44
593	25.53	53.25
594	25.54	53.3
594	25.54	53.26
594	25.54	53.26
594	25.56	53.18
595	25.56	53.25
594	25.54	53.3
595	25.53	53.25
595	25.53	53.2
594	25.54	53.15
594	25.54	53.18
594	25.54	53.2
596	25.54	53.21
596	25.53	53.22
597	25.54	53.18
596	25.56	53.19
595	25.54	53.14
595	25.56	53.12
595	25.54	53.15
594	25.54	53.15
595	25.54	53.16
595	25.54	53.08
594	25.56	53.17
594	25.56	53.12
595	25.54	53.09
594	25.53	53.22
594	25.53	53.16
592	25.54	53.16
592	25.53	53.1
593	25.53	53.18
594	25.53	53.21
594	25.56	53.22
595	25.54	53.18
593	25.51	53.08
593	25.53	53.1
593	25.54	53.04
592	25.54	53.1
593	25.51	53.1
592	25.5	52.99
593	25.51	53.02
592	25.51	52.98
592	25.5	52.96
592	25.51	52.94
592	25.53	53.07
592	25.51	53.16
591	25.51	53.01
591	25.48	52.99
591	25.51	52.99
592	25.51	52.96
592	25.51	52.9
593	25.5	52.94
594	25.5	52.97
595	25.53	53.09
594	25.51	53.03
593	25.51	52.98
593	25.5	53.02
592	25.5	52.98
593	25.53	53.05
594	25.47	53.07
594	25.48	53.05
595	25.51	52.94
595	25.51	53.07
596	25.5	53.11
596	25.51	53.07
596	25.48	53.13
597	25.48	53.05
598	25.48	53.0
600	25.48	52.84
599	25.47	52.77
599	25.48	52.77
598	25.5	52.79
598	25.5	52.76
598	25.5	52.69
598	25.48	52.79
597	25.48	53.03
597	25.47	53.06
595	25.48	52.99
596	25.47	52.97
595	25.47	52.97
595	25.48	52.97
595	25.47	52.93
595	25.47	53.06
595	25.46	52.95
595	25.46	52.94
594	25.47	52.86
594	25.44	52.8
595	25.47	52.78
594	25.47	52.72
593	25.46	52.71
593	25.46	52.71
593	25.47	52.77
592	25.46	52.8
592	25.46	53.0
592	25.47	52.97
593	25.43	52.92
592	25.47	52.84
593	25.47	52.89
592	25.43	52.88
593	25.44	52.8
594	25.46	52.7
594	25.47	52.7
592	25.44	52.71
591	25.46	52.67
591	25.46	52.72
591	25.44	52.72
591	25.46	52.75
591	25.44	52.76
591	25.44	52.72
591	25.43	52.78
591	25.44	52.74
591	25.44	52.69
592	25.46	52.69
591	25.46	52.75
590	25.44	52.73
590	25.44	52.7
590	25.44	52.68
590	25.43	52.71
590	25.44	52.71
591	25.44	52.73
591	25.43	52.7
589	25.43	52.67
591	25.41	52.66
591	25.41	52.71
591	25.43	52.71
591	25.41	52.6
592	25.41	52.58
592	25.4	52.66
592	25.41	52.64
592	25.41	52.61
592	25.43	52.57
593	25.43	52.69
593	25.43	52.61
592	25.41	52.51
593	25.41	52.53
594	25.4	52.58
593	25.43	52.6
593	25.43	52.63
594	25.43	52.76
592	25.43	52.89
592	25.4	52.76
593	25.4	52.66
592	25.43	52.51
591	25.41	52.49
592	25.43	52.52
592	25.4	52.59
591	25.43	52.63
591	25.4	52.63
592	25.4	52.58
592	25.4	52.61
591	25.41	52.65
591	25.4	52.72
592	25.41	52.73
591	25.4	52.72
591	25.38	52.6
591	25.38	52.6
591	25.37	52.55
591	25.4	52.5
590	25.38	52.47
591	25.38	52.51
591	25.41	52.62
591	25.38	52.57
591	25.4	52.58
592	25.4	52.58
592	25.4	52.52
591	25.38	52.52
591	25.38	52.5
591	25.4	52.47
591	25.38	52.51
590	25.4	52.43
589	25.37	52.46
589	25.4	52.44
589	25.41	52.47
589	25.38	52.43
589	25.38	52.51
589	25.36	52.58
589	25.4	52.5
588	25.4	52.45
588	25.38	52.41
587	25.37	52.39
586	25.37	52.45
586	25.37	52.46
586	25.38	52.5
586	25.38	52.42
587	25.37	52.36
587	25.38	52.33
587	25.37	52.31
587	25.38	52.49
587	25.37	52.5
587	25.37	52.44
587	25.36	52.47
587	25.37	52.43
585	25.38	52.45
584	25.36	52.37
587	25.37	52.31
585	25.34	52.28
585	25.36	52.28
586	25.34	52.31
585	25.37	52.37
585	25.36	52.37
586	25.34	52.41
585	25.37	52.39
585	25.34	52.38
584	25.37	52.37
584	25.37	52.31
586	25.33	52.25
585	25.36	52.25
585	25.36	52.23
584	25.34	52.22
583	25.37	52.29
583	25.34	52.29
582	25.33	52.3
582	25.34	52.25
582	25.34	52.25
582	25.33	52.28
582	25.34	52.23
582	25.34	52.23
582	25.33	52.25
582	25.33	52.27
582	25.33	52.24
583	25.33	52.17
584	25.33	52.21
583	25.33	52.18
583	25.32	52.13
582	25.34	52.21
583	25.34	52.23
583	25.32	52.25
582	25.34	52.27
582	25.33	52.27
582	25.32	52.25
583	25.32	52.22
582	25.33	52.18
581	25.33	52.21
582	25.32	52.2
583	25.32	52.14
583	25.34	52.11
583	25.3	52.1
584	25.3	52.07
583	25.32	52.1
583	25.33	52.23
584	25.3	52.24
584	25.3	52.23
583	25.29	52.23
583	25.3	52.16
582	25.32	52.1
582	25.3	52.08
581	25.3	52.1
582	25.32	52.1
580	25.3	52.12
580	25.3	52.1
581	25.32	52.07
581	25.29	52.04
582	25.3	52.02
582	25.29	52.1
582	25.29	52.07
583	25.29	52.11
583	25.3	52.13
582	25.29	52.23
582	25.29	52.16
583	25.29	52.12
582	25.32	52.12
581	25.29	52.13
581	25.29	52.15
580	25.3	52.12
581	25.27	52.02
579	25.29	52.02
579	25.3	51.99
579	25.27	51.97
578	25.29	51.99
578	25.29	51.95
578	25.29	51.94
578	25.27	51.9
577	25.29	51.94
578	25.29	51.91
577	25.27	51.97
578	25.3	51.93
577	25.26	51.93
577	25.26	51.89
577	25.26	51.93
576	25.26	51.89
576	25.26	51.93
576	25.29	51.92
577	25.27	51.88
577	25.29	51.94
576	25.26	51.96
576	25.26	51.95
576	25.29	51.9
576	25.29	51.9
575	25.27	51.9
575	25.26	51.87
575	25.25	51.88
575	25.26	51.83
576	25.3	51.81
575	25.25	51.81
575	25.26	51.92
573	25.27	51.89
573	25.27	51.85
572	25.26	51.84
572	25.23	51.83
572	25.26	51.82
572	25.23	51.85
573	25.26	51.81
574	25.26	51.83
573	25.25	51.82
574	25.23	51.87
574	25.26	51.87
573	25.26	51.82
574	25.25	51.96
574	25.27	51.94
574	25.22	51.94
574	25.25	51.92
574	25.25	51.96
573	25.26	51.9
573	25.23	51.9
573	25.27	51.96
574	25.25	52.0
574	25.23	51.97
573	25.25	51.96
573	25.22	51.93
574	25.25	51.96
575	25.25	51.96
574	25.23	52.01
574	25.23	52.02
575	25.25	52.04
576	25.25	51.97
577	25.23	52.0
577	25.26	52.01
577	25.23	52.02
577	25.22	52.05
578	25.26	52.03
578	25.23	52.02
579	25.25	52.02
581	25.25	52.01
582	25.22	51.95
582	25.2	51.92
583	25.22	51.85
583	25.25	51.85
583	25.22	51.88
584	25.22	51.98
584	25.2	51.94
583	25.22	51.91
584	25.2	51.93
584	25.22	51.88
584	25.2	51.88
584	25.2	51.9
584	25.23	51.86
584	25.22	51.9
584	25.2	51.9
584	25.2	51.84
584	25.18	51.86
583	25.2	51.84
582	25.18	51.85
582	25.22	51.86
581	25.19	51.89
581	25.19	51.88
582	25.19	51.89
581	25.18	51.86
581	25.19	51.87
580	25.19	51.88
579	25.18	51.85
580	25.19	51.9
579	25.19	51.89
577	25.19	51.82
577	25.19	51.84
576	25.19	51.84
575	25.18	51.84
575	25.19	51.87
575	25.16	51.85
575	25.16	51.81
576	25.19	51.84
575	25.19	51.8
575	25.18	51.78
575	25.18	51.82
574	25.18	51.83
574	25.19	51.82
573	25.18	51.82
573	25.16	51.82
573	25.16	51.82
572	25.18	51.81
572	25.16	51.81
572	25.15	51.78
573	25.16	51.78
573	25.16	51.83
574	25.16	51.8
575	25.15	51.84
575	25.13	51.84
575	25.15	51.79
575	25.15	51.81
575	25.15	51.77
575	25.13	51.7
574	25.1	51.73
574	25.13	51.81
574	25.12	51.8
574	25.12	51.78
573	25.13	51.77
572	25.12	51.77
572	25.13	51.79
573	25.12	51.74
574	25.13	51.8
574	25.12	51.76
574	25.1	51.8
574	25.13	51.8
574	25.12	51.82
573	25.09	51.75
573	25.12	51.8
573	25.1	51.79
574	25.1	51.77
575	25.1	51.76
575	25.1	51.73
577	25.12	51.74
576	25.12	51.76
576	25.12	51.76
575	25.1	51.78
575	25.09	51.74
575	25.1	51.75
571	25.09	51.77
571	25.08	51.76
571	25.09	51.74
570	25.09	51.75
571	25.1	51.77
571	25.12	51.73
571	25.08	51.71
571	25.08	51.75
572	25.09	51.73
572	25.09	51.73
573	25.08	51.71
572	25.09	51.72
572	25.08	51.73
572	25.09	51.73
571	25.09	51.74
571	25.08	51.72
570	25.1	51.66
571	25.06	51.71
571	25.06	51.68
570	25.08	51.67
570	25.09	51.7
570	25.08	51.64
569	25.05	51.66
569	25.08	51.71
569	25.05	51.71
569	25.05	51.7
569	25.06	51.75
569	25.08	51.74
568	25.06	51.7
567	25.05	51.69
567	25.05	51.71
568	25.05	51.67
567	25.06	51.66
567	25.03	51.7
567	25.05	51.69
567	25.06	51.7
567	25.06	51.69
567	25.09	51.72
566	25.03	51.69
564	25.05	51.7
562	25.06	51.67
562	25.06	51.67
562	25.08	51.67
561	25.03	51.62
561	25.05	51.67
564	25.05	51.7
563	25.06	51.66
564	25.05	51.65
563	25.05	51.65
564	25.03	51.66
563	25.03	51.62
562	25.05	51.65
561	25.02	51.64
562	25.02	51.65
562	25.02	51.64
561	25.03	51.63
561	25.06	51.62
561	25.03	51.6
561	25.05	51.61
561	25.03	51.61
560	25.0	51.59
561	25.02	51.55
561	25.05	51.56
560	25.02	51.65
560	25.02	51.65
560	25.03	51.59
560	25.02	51.61
560	25.02	51.61
560	25.03	51.61
561	25.02	51.58
561	25.03	51.57
560	25.03	51.55
560	25.0	51.62
560	25.02	51.56
560	25.02	51.56
560	25.03	51.56
559	25.03	51.62
559	25.02	51.62
558	25.03	51.56
558	25.02	51.57
558	25.03	51.55
558	25.0	51.54
558	25.0	51.58
557	24.99	51.56
557	25.03	51.52
556	24.99	51.55
556	25.0	51.56
556	25.0	51.53
555	25.02	51.52
555	25.0	51.48
555	25.02	51.51
554	25.0	51.56
554	25.02	51.55
554	25.0	51.52
554	24.99	51.49
554	24.99	51.5
554	24.98	51.44
554	24.99	51.53
551	24.99	51.52
552	24.99	51.53
551	25.02	51.53
552	25.0	51.52
552	25.0	51.54
552	25.0	51.55
553	25.0	51.53
552	24.99	51.53
551	24.98	51.5
551	24.98	51.56
549	24.98	51.54
549	24.98	51.51
550	25.0	51.52
549	24.99	51.51
549	24.98	51.48
550	25.0	51.48
551	24.99	51.47
552	24.99	51.53
552	24.96	51.49
552	24.99	51.47
552	24.98	51.46
552	24.96	51.46
552	24.98	51.42
552	24.99	51.49
552	24.98	51.45
553	24.96	51.46
552	24.98	51.47
553	24.98	51.45
554	24.96	51.45
553	24.96	51.44
553	24.96	51.47
553	24.96	51.48
553	24.96	51.47
553	24.96	51.49
553	24.95	51.49
552	24.95	51.53
552	24.96	51.47
551	24.96	51.54
551	24.96	51.49
550	24.98	51.45
550	24.98	51.45
550	24.96	51.5
550	24.96	51.49
551	24.95	51.44
551	24.98	51.43
553	24.93	51.42
552	24.96	51.46
552	24.98	51.39
552	24.96	51.39
551	24.96	51.4
551	24.96	51.38
550	24.96	51.39
550	24.96	51.39
548	24.96	51.38
548	24.96	51.43
549	24.92	51.38
547	24.93	51.39
547	24.95	51.4
548	24.95	51.39
548	24.96	51.39
547	24.93	51.38
546	24.95	51.38
546	24.95	51.38
546	24.95	51.33
545	24.96	51.36
544	24.95	51.33
543	24.95	51.32
544	24.92	51.34
544	24.95	51.32
545	24.96	51.38
544	24.95	51.34
545	24.95	51.36
545	24.92	51.34
546	24.95	51.39
545	24.95	51.39
546	24.96	51.42
546	24.95	51.37
545	24.93	51.33
545	24.92	51.33
546	24.95	51.37
546	24.95	51.34
546	24.92	51.36
546	24.91	51.35
546	24.93	51.35
546	24.93	51.36
546	24.92	51.35
545	24.93	51.34
545	24.89	51.34
546	24.92	51.38
546	24.91	51.35
545	24.92	51.34
545	24.92	51.3
544	24.95	51.35
546	24.92	51.43
545	24.92	51.46
544	24.91	51.4
543	24.93	51.42
542	24.91	51.41
541	24.91	51.41
540	24.91	51.39
539	24.89	51.35
539	24.91	51.38
539	24.89	51.4
540	24.92	51.34
539	24.91	51.35
538	24.91	51.38
538	24.91	51.35
538	24.88	51.39
538	24.89	51.36
538	24.89	51.37
538	24.92	51.32
538	24.91	51.37
539	24.89	51.32
539	24.91	51.35
540	24.91	51.41
539	24.86	51.36
539	24.88	51.38
539	24.88	51.41
538	24.89	51.38
538	24.91	51.38
539	24.86	51.4
539	24.89	51.4
538	24.88	51.37
538	24.88	51.39
537	24.88	51.39
537	24.88	51.42
536	24.89	51.36
536	24.86	51.39
536	24.86	51.37
536	24.89	51.35
536	24.86	51.36
537	24.86	51.37
537	24.88	51.35
538	24.88	51.35
538	24.88	51.33
537	24.86	51.35
537	24.86	51.33
537	24.86	51.38
537	24.85	51.39
536	24.86	51.4
535	24.89	51.4
535	24.86	51.39
535	24.91	51.37
534	24.85	51.34
535	24.85	51.35
534	24.88	51.39
534	24.86	51.42
533	24.88	51.36
534	24.85	51.36
533	24.88	51.4
534	24.88	51.35
533	24.88	51.32
532	24.86	51.35
532	24.85	51.31
532	24.86	51.31
532	24.86	51.35
531	24.86	51.31
531	24.85	51.42
531	24.86	51.35
532	24.88	51.33
532	24.85	51.31
532	24.86	51.34
531	24.86	51.34
532	24.85	51.38
533	24.85	51.35
533	24.85	51.31
533	24.83	51.34
533	24.85	51.31
532	24.83	51.31
533	24.83	51.31
533	24.82	51.33
534	24.86	51.26
533	24.86	51.27
533	24.85	51.33
533	24.83	51.32
534	24.85	51.33
535	24.85	51.3
535	24.82	51.28
534	24.83	51.33
535	24.85	51.32
534	24.85	51.35
533	24.85	51.39
533	24.83	51.39
533	24.85	51.37
532	24.83	51.4
532	24.82	51.35
531	24.83	51.36
531	24.85	51.35
531	24.83	51.35
530	24.83	51.35
530	24.83	51.34
531	24.83	51.34
531	24.82	51.31
531	24.83	51.3
530	24.83	51.31
529	24.82	51.34
529	24.82	51.24
530	24.82	51.3
530	24.82	51.28
530	24.83	51.25
530	24.85	51.25
531	24.83	51.27
530	24.82	51.26
530	24.85	51.29
530	24.82	51.33
530	24.82	51.29
531	24.82	51.29
530	24.83	51.25
531	24.83	51.29
530	24.83	51.25
529	24.85	51.25
529	24.82	51.24
529	24.82	51.24
530	24.83	51.24
529	24.82	51.27
529	24.83	51.24
529	24.81	51.3
529	24.81	51.28
528	24.81	51.28
528	24.83	51.29
528	24.81	51.29
526	24.82	51.29
526	24.81	51.31
526	24.83	51.31
525	24.82	51.29
526	24.81	51.27
526	24.78	51.32
527	24.82	51.33
526	24.81	51.3
525	24.78	51.28
525	24.78	51.27
525	24.78	51.3
524	24.81	51.32
524	24.78	51.3
525	24.79	51.29
524	24.78	51.27
524	24.82	51.25
524	24.79	51.32
525	24.81	51.34
525	24.78	51.29
525	24.79	51.33
524	24.79	51.33
526	24.81	51.3
526	24.81	51.27
526	24.79	51.32
525	24.79	51.31
525	24.81	51.28
526	24.81	51.26
526	24.77	51.26
527	24.79	51.27
527	24.78	51.24
527	24.79	51.3
527	24.77	51.32
525	24.78	51.26
525	24.79	51.32
525	24.79	51.27
524	24.79	51.3
524	24.78	51.28
524	24.79	51.25
525	24.78	51.29
524	24.79	51.26
524	24.81	51.24
525	24.79	51.22
525	24.79	51.25
523	24.78	51.26
524	24.79	51.25
523	24.78	51.29
523	24.81	51.25
523	24.79	51.27
524	24.81	51.24
526	24.77	51.22
525	24.77	51.28
525	24.78	51.28
525	24.77	51.26
525	24.78	51.32
524	24.77	51.33
526	24.78	51.3
525	24.77	51.28
526	24.78	51.26
526	24.77	51.24
527	24.78	51.28
527	24.77	51.32
526	24.75	51.3
527	24.77	51.24
526	24.75	51.22
526	24.78	51.24
527	24.78	51.24
527	24.77	51.27
527	24.78	51.25
527	24.77	51.23
527	24.78	51.23
527	24.77	51.22
527	24.79	51.21
526	24.77	51.27
526	24.81	51.2
526	24.78	51.22
525	24.78	51.22
525	24.78	51.22
524	24.78	51.27
524	24.77	51.26
523	24.77	51.24
524	24.75	51.22
524	24.77	51.24
525	24.78	51.18
526	24.75	51.24
525	24.77	51.24
526	24.78	51.27
526	24.78	51.2
526	24.78	51.16
527	24.77	51.21
527	24.77	51.23
525	24.79	51.21
526	24.78	51.21
526	24.77	51.17
526	24.78	51.21
525	24.78	51.18
524	24.77	51.17
523	24.78	51.24
524	24.77	51.2
524	24.77	51.21
524	24.77	51.2
524	24.75	51.2
524	24.74	51.21
524	24.78	51.18
526	24.77	51.22
526	24.77	51.21
524	24.77	51.17
524	24.75	51.18
522	24.75	51.2
523	24.75	51.19
523	24.77	51.19
523	24.77	51.2
522	24.75	51.2
521	24.74	51.25
521	24.75	51.14
521	24.74	51.19
521	24.77	51.14
521	24.72	51.24
521	24.75	51.18
521	24.74	51.2
521	24.74	51.2
521	24.72	51.19
521	24.75	51.16
523	24.71	51.17
522	24.74	51.19
522	24.74	51.2
523	24.74	51.23
523	24.74	51.23
523	24.72	51.17
522	24.72	51.23
522	24.72	51.21
522	24.74	51.21
522	24.72	51.21
521	24.72	51.24
521	24.75	51.18
520	24.72	51.2
521	24.72	51.21
521	24.72	51.19
521	24.72	51.19
521	24.7	51.21
521	24.7	51.21
521	24.71	51.19
522	24.72	51.18
522	24.72	51.21
522	24.71	51.2
522	24.74	51.16
523	24.74	51.16
522	24.72	51.18
522	24.72	51.16
523	24.72	51.16
523	24.7	51.19
523	24.74	51.19
523	24.71	51.17
522	24.72	51.13
524	24.74	51.15
522	24.74	51.16
522	24.71	51.16
522	24.71	51.18
522	24.72	51.15
522	24.72	51.16
522	24.74	51.1
524	24.74	51.14
524	24.74	51.12
524	24.71	51.16
525	24.74	51.15
526	24.71	51.19
527	24.71	51.15
526	24.72	51.14
526	24.71	51.14
527	24.72	51.17
527	24.71	51.15
526	24.74	51.14
526	24.71	51.12
525	24.72	51.14
525	24.71	51.09
525	24.71	51.17
524	24.71	51.15
523	24.72	51.16
522	24.71	51.16
523	24.71	51.19
523	24.7	51.19
522	24.72	51.15
522	24.68	51.14
521	24.7	51.12
521	24.7	51.13
522	24.71	51.11
522	24.71	51.11
521	24.71	51.15
522	24.71	51.21
522	24.7	51.16
522	24.71	51.16
522	24.72	51.13
522	24.71	51.12
522	24.7	51.16
522	24.7	51.22
522	24.7	51.11
522	24.7	51.12
522	24.7	51.2
523	24.7	51.16
522	24.7	51.11
523	24.71	51.09
523	24.68	51.17
523	24.68	51.16
523	24.67	51.12
523	24.68	51.13
523	24.7	51.13
523	24.7	51.13
523	24.68	51.14
523	24.68	51.1
523	24.68	51.12
522	24.67	51.17
520	24.7	51.18
520	24.71	51.16
520	24.68	51.17
520	24.7	51.16
520	24.68	51.15
520	24.7	51.1
520	24.7	51.12
519	24.68	51.16
519	24.68	51.11
518	24.68	51.16
519	24.67	51.13
519	24.67	51.17
519	24.68	51.11
519	24.67	51.12
519	24.67	51.1
519	24.7	51.08
519	24.68	51.09
518	24.67	51.09
518	24.67	51.17
518	24.65	51.15
518	24.64	51.14
518	24.67	51.09
518	24.67	51.11
518	24.64	51.12
518	24.67	51.11
518	24.7	51.15
517	24.67	51.14
518	24.68	51.09
517	24.67	51.17
517	24.67	51.15
518	24.67	51.12
518	24.65	51.12
519	24.67	51.11
519	24.67	51.08
519	24.65	51.12
518	24.67	51.1
520	24.65	51.07
520	24.68	51.08
519	24.65	51.12
519	24.65	51.14
518	24.67	51.08
517	24.64	51.08
517	24.65	51.09
517	24.65	51.11
518	24.65	51.09
517	24.64	51.09
517	24.64	51.07
518	24.64	51.08
518	24.65	51.09
519	24.62	51.1
519	24.65	51.09
518	24.62	51.08
518	24.64	51.11
518	24.64	51.1
518	24.67	51.09
516	24.65	51.12
517	24.65	51.11
517	24.64	51.14
517	24.64	51.18
517	24.65	51.15
517	24.62	51.12
517	24.62	51.14
518	24.64	51.15
518	24.64	51.15
518	24.64	51.12
517	24.64	51.15
518	24.64	51.11
517	24.64	51.16
516	24.62	51.11
517	24.64	51.07
516	24.64	51.11
516	24.64	51.08
516	24.62	51.07
516	24.62	51.1
516	24.64	51.09
517	24.64	51.1
516	24.62	51.11
515	24.64	51.1
516	24.64	51.09
517	24.64	51.09
516	24.61	51.12
516	24.65	51.08
516	24.61	51.08
517	24.6	51.1
517	24.64	51.13
517	24.65	51.18
516	24.64	51.05
517	24.62	51.05
516	24.62	51.05
516	24.62	51.08
516	24.61	51.08
516	24.61	51.1
515	24.64	51.1
516	24.62	51.09
515	24.62	51.06
515	24.62	51.05
515	24.62	51.04
515	24.62	51.06
515	24.65	51.05
515	24.64	51.04
514	24.62	51.02
515	24.62	51.04
513	24.64	51.05
513	24.62	51.03
513	24.62	51.01
513	24.62	51.05
513	24.64	51.03
513	24.6	50.97
513	24.62	51.04
514	24.62	51.04
513	24.6	51.08
513	24.61	51.07
513	24.58	51.08
513	24.61	51.07
512	24.62	51.04
512	24.6	51.08
512	24.61	51.04
513	24.6	51.02
514	24.6	51.06
517	24.61	51.08
517	24.61	51.06
517	24.61	51.04
517	24.61	51.07
517	24.61	51.05
516	24.6	51.08
516	24.62	51.09
517	24.6	51.09
516	24.61	51.04
515	24.62	51.08
515	24.61	51.04
514	24.58	51.05
514	24.6	51.05
514	24.6	51.06
513	24.61	51.1
512	24.58	51.07
513	24.58	51.02
513	24.6	51.04
513	24.6	51.07
513	24.58	51.14
513	24.58	51.12
513	24.61	51.06
513	24.6	51.08
512	24.61	51.09
513	24.6	50.99
513	24.61	51.02
513	24.6	51.02
513	24.61	51.05
513	24.61	51.05
512	24.61	51.04
511	24.6	51.06
511	24.6	51.05
511	24.62	51.06
512	24.6	51.0
511	24.58	51.01
511	24.6	51.01
510	24.6	51.06
511	24.6	50.98
511	24.6	51.03
511	24.6	51.02
511	24.58	51.0
511	24.58	51.04
511	24.6	51.02
511	24.6	51.04
511	24.57	51.05
511	24.61	51.0
511	24.58	51.03
511	24.58	51.01
512	24.6	50.99
511	24.58	51.0
512	24.58	51.0
512	24.6	51.02
512	24.62	50.98
512	24.61	51.0
512	24.61	50.97
511	24.6	50.97
511	24.58	50.98
511	24.58	51.02
511	24.6	50.99
512	24.6	51.01
511	24.58	50.97
511	24.57	50.97
511	24.6	50.97
511	24.61	50.97
511	24.58	50.96
511	24.58	50.97
511	24.6	51.01
511	24.57	50.98
509	24.6	50.96
509	24.6	50.97
510	24.57	50.97
510	24.57	51.0
510	24.6	51.0
510	24.58	50.96
510	24.58	50.94
510	24.58	50.91
509	24.6	50.95
509	24.6	50.91
508	24.58	50.99
506	24.55	50.93
507	24.57	50.95
507	24.57	50.96
508	24.58	50.93
509	24.57	50.95
508	24.57	50.98
508	24.6	50.97
509	24.58	51.04
508	24.58	51.04
508	24.6	50.97
507	24.6	50.91
505	24.58	50.89
505	24.58	50.92
502	24.6	50.91
502	24.58	50.91
502	24.58	50.88
502	24.58	50.9
502	24.57	50.88
502	24.61	50.88
501	24.57	50.93
500	24.61	50.93
500	24.58	50.93
499	24.57	50.94
500	24.58	50.96
500	24.58	50.95
499	24.57	50.94
499	24.57	50.95
500	24.57	50.97
501	24.55	50.93
501	24.54	50.93
504	24.57	50.93
504	24.55	50.95
503	24.57	50.94
504	24.57	50.94
504	24.55	50.89
504	24.55	50.91
504	24.57	50.91
504	24.57	50.94
504	24.55	50.91
504	24.57	50.87
503	24.55	50.93
504	24.54	50.91
502	24.55	50.93
502	24.57	50.88
503	24.54	50.95
504	24.57	50.94
504	24.55	50.92
503	24.54	50.93
503	24.58	50.92
503	24.55	50.92
501	24.54	50.93
502	24.55	50.94
501	24.57	50.93
501	24.57	50.92
502	24.55	50.97
502	24.54	50.93
502	24.57	50.91
502	24.57	50.91
502	24.54	50.88
502	24.54	50.87
502	24.55	50.88
502	24.53	50.87
503	24.54	50.88
503	24.57	50.9
504	24.57	50.85
504	24.54	50.87
503	24.55	50.86
504	24.55	50.92
504	24.55	50.91
503	24.55	50.91
504	24.58	50.88
504	24.55	50.92
504	24.55	50.9
504	24.55	50.9
503	24.54	50.91
504	24.54	50.85
505	24.55	50.83
504	24.55	50.92
503	24.55	50.86
503	24.55	50.91
503	24.54	50.92
503	24.53	50.91
503	24.55	50.88
503	24.53	50.88
504	24.54	50.86
504	24.54	50.88
504	24.53	50.88
505	24.54	50.89
504	24.54	50.91
504	24.53	50.91
504	24.53	50.89
504	24.53	50.92
505	24.53	50.88
505	24.51	50.88
503	24.54	50.92
503	24.53	50.87
504	24.51	50.88
503	24.54	50.88
503	24.53	50.88
502	24.54	50.9
502	24.53	50.92
502	24.51	50.89
503	24.54	50.87
502	24.51	50.88
502	24.51	50.89
501	24.51	50.87
501	24.55	50.88
501	24.51	50.89
502	24.53	50.87
501	24.53	50.84
501	24.51	50.86
501	24.51	50.92
501	24.51	50.89
501	24.51	50.92
500	24.48	50.89
499	24.53	50.9
499	24.51	50.9
498	24.51	50.86
498	24.53	50.9
499	24.5	50.88
499	24.48	50.91
499	24.5	50.89
500	24.5	50.86
500	24.53	50.9
501	24.53	50.88
501	24.53	50.91
501	24.47	50.9
501	24.53	50.87
501	24.51	50.87
501	24.5	50.88
502	24.53	50.82
501	24.5	50.85
501	24.53	50.84
501	24.51	50.84
501	24.51	50.84
502	24.51	50.89
502	24.47	50.85
501	24.5	50.89
501	24.48	50.84
500	24.51	50.88
500	24.5	50.82
499	24.51	50.84
499	24.51	50.83
499	24.51	50.82
498	24.5	50.9
498	24.51	50.88
498	24.5	50.83
499	24.5	50.87
499	24.51	50.83
499	24.48	50.88
503	24.51	50.85
502	24.51	50.79
501	24.51	50.86
501	24.51	50.85
501	24.51	50.84
501	24.51	50.84
501	24.5	50.82
501	24.51	50.85
499	24.51	50.84
499	24.51	50.82
498	24.5	50.83
498	24.53	50.76
499	24.5	50.82
499	24.51	50.78
499	24.53	50.77
499	24.5	50.85
498	24.5	50.8
500	24.5	50.78
501	24.53	50.76
501	24.51	50.8
500	24.51	50.85
501	24.51	50.81
500	24.51	50.78
499	24.53	50.8
500	24.51	50.79
497	24.5	50.78
497	24.5	50.78
496	24.53	50.8
496	24.5	50.77
496	24.51	50.76
496	24.51	50.82
496	24.5	50.79
498	24.5	50.77
497	24.51	50.73
498	24.5	50.78
497	24.48	50.8
498	24.47	50.77
497	24.46	50.8
496	24.48	50.78
497	24.47	50.78
496	24.5	50.82
495	24.48	50.85
495	24.46	50.82
496	24.48	50.86
496	24.47	50.85
495	24.47	50.84
495	24.47	50.85
496	24.47	50.79
497	24.47	50.81
497	24.48	50.81
496	24.47	50.8
495	24.5	50.81
495	24.47	50.87
495	24.47	50.81
495	24.48	50.8
494	24.47	50.81
493	24.46	50.82
492	24.47	50.81
492	24.48	50.8
491	24.47	50.81
491	24.47	50.8
490	24.46	50.8
491	24.46	50.79
491	24.47	50.82
492	24.47	50.77
492	24.47	50.79
491	24.47	50.77
490	24.46	50.8
490	24.48	50.78
490	24.47	50.79
490	24.47	50.81
490	24.47	50.81
490	24.47	50.78
491	24.47	50.8
491	24.46	50.8
491	24.46	50.77
491	24.48	50.79
492	24.47	50.77
491	24.48	50.81
491	24.47	50.79
490	24.47	50.76
490	24.47	50.78
491	24.46	50.78
490	24.48	50.81
491	24.47	50.79
490	24.46	50.79
490	24.47	50.79
489	24.46	50.76
490	24.46	50.76
489	24.48	50.82
489	24.44	50.79
489	24.48	50.79
489	24.47	50.8
489	24.47	50.77
489	24.44	50.82
489	24.43	50.79
488	24.46	50.79
488	24.46	50.79
484	24.44	50.75
483	24.44	50.77
484	24.44	50.75
485	24.44	50.79
485	24.46	50.78
485	24.47	50.82
485	24.44	50.83
485	24.44	50.85
485	24.44	50.83
485	24.44	50.83
485	24.44	50.8
486	24.46	50.82
486	24.43	50.8
486	24.44	50.86
486	24.46	50.82
486	24.44	50.82
487	24.43	50.81
485	24.44	50.79
486	24.43	50.87
485	24.41	50.83
485	24.43	50.82
485	24.41	50.82
486	24.44	50.83
485	24.44	50.82
486	24.44	50.86
486	24.43	50.84
486	24.41	50.82
486	24.44	50.86
486	24.41	50.85
487	24.44	50.8
489	24.43	50.82
488	24.41	50.81
488	24.43	50.82
488	24.43	50.78
487	24.43	50.79
488	24.44	50.78
489	24.43	50.79
488	24.43	50.83
487	24.46	50.79
487	24.44	50.78
487	24.44	50.76
487	24.44	50.77
487	24.43	50.72
488	24.44	50.7
489	24.43	50.73
488	24.41	50.73
489	24.44	50.76
489	24.43	50.75
488	24.44	50.75
487	24.46	50.75
487	24.44	50.78
486	24.43	50.75
485	24.43	50.74
485	24.41	50.72
485	24.43	50.75
485	24.41	50.71
485	24.44	50.72
485	24.43	50.76
486	24.43	50.78
486	24.43	50.76
488	24.43	50.75
488	24.44	50.75
487	24.43	50.74
487	24.44	50.78
487	24.44	50.7
487	24.46	50.76
486	24.43	50.76
487	24.44	50.75
487	24.44	50.69
487	24.44	50.69
488	24.46	50.71
488	24.43	50.69
488	24.44	50.71
488	24.44	50.71
488	24.43	50.72
489	24.44	50.69
490	24.44	50.68
489	24.44	50.7
490	24.44	50.69
489	24.44	50.69
488	24.43	50.7
487	24.43	50.72
487	24.41	50.69
487	24.4	50.69
487	24.44	50.67
487	24.43	50.7
487	24.43	50.66
487	24.43	50.72
487	24.43	50.7
487	24.41	50.75
489	24.43	50.66
489	24.43	50.71
488	24.46	50.67
488	24.46	50.69
489	24.44	50.72
490	24.43	50.66
489	24.41	50.67
490	24.43	50.69
490	24.41	50.71
490	24.4	50.7
490	24.41	50.66
489	24.44	50.69
488	24.41	50.65
488	24.41	50.67
489	24.43	50.68
489	24.43	50.64
488	24.4	50.68
488	24.41	50.69
490	24.4	50.71
489	24.41	50.74
490	24.38	50.75
489	24.38	50.73
489	24.41	50.75
489	24.41	50.75
488	24.38	50.69
488	24.38	50.71
487	24.38	50.71
488	24.4	50.72
488	24.4	50.71
487	24.4	50.73
486	24.4	50.74
486	24.38	50.71
488	24.41	50.74
489	24.4	50.71
488	24.38	50.73
488	24.37	50.74
489	24.38	50.7
489	24.4	50.7
489	24.4	50.73
489	24.38	50.73
489	24.4	50.7
489	24.4	50.75
488	24.38	50.74
489	24.4	50.75
488	24.38	50.75
487	24.38	50.73
488	24.38	50.74
489	24.4	50.68
488	24.4	50.73
488	24.37	50.69
488	24.4	50.7
487	24.4	50.77
486	24.38	50.76
486	24.37	50.75
486	24.38	50.75
485	24.38	50.75
486	24.4	50.69
486	24.4	50.72
486	24.4	50.77
487	24.4	50.76
487	24.37	50.76
487	24.4	50.78
487	24.37	50.75
487	24.4	50.71
488	24.4	50.74
487	24.38	50.72
488	24.4	50.73
489	24.4	50.69
488	24.4	50.71
489	24.37	50.69
488	24.4	50.69
489	24.37	50.71
488	24.38	50.67
489	24.4	50.69
489	24.38	50.7
489	24.4	50.69
489	24.4	50.7
488	24.4	50.7
488	24.4	50.66
489	24.4	50.71
489	24.4	50.68
488	24.4	50.69
488	24.36	50.74
488	24.37	50.73
488	24.38	50.7
488	24.38	50.69
488	24.4	50.69
487	24.38	50.71
487	24.38	50.72
488	24.37	50.74
488	24.38	50.7
488	24.38	50.65
487	24.36	50.7
487	24.38	50.74
488	24.37	50.74
488	24.38	50.68
487	24.38	50.7
487	24.38	50.7
489	24.37	50.75
488	24.38	50.74
489	24.38	50.74
488	24.37	50.69
488	24.38	50.72
488	24.4	50.69
488	24.38	50.74
489	24.4	50.73
489	24.37	50.75
489	24.37	50.73
489	24.37	50.77
489	24.37	50.74
490	24.37	50.71
491	24.38	50.73
490	24.4	50.71
490	24.37	50.74
490	24.37	50.73
491	24.38	50.74
492	24.36	50.73
492	24.37	50.76
493	24.38	50.7
492	24.38	50.74
494	24.37	50.74
493	24.37	50.75
494	24.37	50.81
493	24.37	50.74
494	24.36	50.74
493	24.37	50.75
493	24.36	50.75
492	24.37	50.75
492	24.37	50.72
491	24.37	50.73
491	24.37	50.7
491	24.38	50.69
491	24.37	50.71
490	24.38	50.74
491	24.38	50.77
491	24.37	50.75
491	24.37	50.71
491	24.38	50.74
491	24.4	50.7
491	24.38	50.71
491	24.4	50.71
491	24.36	50.69
493	24.38	50.71
492	24.36	50.7
492	24.36	50.72
492	24.37	50.73
493	24.4	50.72
494	24.4	50.75
493	24.37	50.75
492	24.37	50.76
493	24.37	50.77
492	24.36	50.74
494	24.38	50.77
495	24.38	50.79
495	24.36	50.76
495	24.36	50.78
495	24.36	50.77
495	24.37	50.8
496	24.38	50.75
496	24.37	50.77
495	24.37	50.74
494	24.38	50.76
495	24.37	50.8
494	24.38	50.77
493	24.37	50.8
494	24.34	50.76
494	24.34	50.78
493	24.37	50.76
494	24.37	50.71
494	24.38	50.71
494	24.37	50.72
493	24.37	50.76
493	24.37	50.73
493	24.38	50.79
494	24.36	50.77
494	24.38	50.82
493	24.36	50.77
493	24.34	50.82
493	24.37	50.8
493	24.34	50.81
494	24.36	50.79
494	24.36	50.75
493	24.36	50.79
492	24.34	50.76
492	24.36	50.75
491	24.34	50.73
493	24.37	50.75
493	24.36	50.72
493	24.33	50.77
492	24.33	50.78
491	24.33	50.78
491	24.34	50.82
491	24.34	50.82
491	24.33	50.77
491	24.36	50.8
492	24.34	50.81
492	24.34	50.8
492	24.36	50.81
492	24.34	50.81
493	24.34	50.76
492	24.36	50.75
491	24.34	50.76
491	24.34	50.75
491	24.36	50.76
491	24.34	50.71
491	24.36	50.73
490	24.33	50.76
490	24.33	50.83
491	24.36	50.72
490	24.36	50.74
491	24.36	50.72
491	24.34	50.73
492	24.36	50.74
491	24.36	50.76
491	24.34	50.72
491	24.36	50.7
491	24.34	50.68
492	24.37	50.69
492	24.37	50.71
491	24.36	50.71
490	24.37	50.71
491	24.36	50.7
492	24.37	50.7
492	24.36	50.71
492	24.36	50.69
491	24.37	50.69
491	24.37	50.69
492	24.34	50.69
492	24.37	50.74
491	24.37	50.7
491	24.36	50.66
491	24.37	50.69
491	24.34	50.65
491	24.37	50.66
491	24.36	50.63
491	24.38	50.64
491	24.33	50.66
491	24.37	50.64
489	24.36	50.63
491	24.34	50.61
489	24.34	50.61
488	24.37	50.6
488	24.36	50.64
488	24.36	50.65
489	24.34	50.64
488	24.36	50.61
489	24.36	50.56
488	24.34	50.61
489	24.33	50.62
487	24.31	50.6
488	24.33	50.63
489	24.34	50.63
490	24.36	50.65
490	24.34	50.61
490	24.33	50.62
490	24.34	50.62
490	24.34	50.63
490	24.33	50.64
490	24.36	50.66
489	24.33	50.63
490	24.33	50.67
489	24.33	50.67
489	24.33	50.67
488	24.33	50.69
488	24.34	50.65
489	24.36	50.67
489	24.33	50.61
490	24.34	50.63
491	24.36	50.63
489	24.3	50.55
488	24.36	50.58
488	24.36	50.55
489	24.34	50.58
489	24.33	50.54
489	24.34	50.51
489	24.34	50.52
488	24.34	50.57
488	24.33	50.59
488	24.34	50.59
488	24.33	50.58
486	24.33	50.56
487	24.33	50.58
489	24.33	50.52
489	24.34	50.53
487	24.34	50.54
488	24.31	50.52
489	24.34	50.53
488	24.33	50.56
488	24.31	50.56
487	24.33	50.51
487	24.33	50.54
488	24.3	50.52
488	24.34	50.49
487	24.3	50.54
488	24.33	50.5
487	24.31	50.56
488	24.33	50.55
487	24.34	50.54
487	24.33	50.54
487	24.34	50.52
488	24.33	50.49
487	24.31	50.41
488	24.31	50.47
489	24.33	50.45
490	24.31	50.51
490	24.3	50.47
490	24.34	50.45
490	24.31	50.48
490	24.31	50.43
490	24.33	50.43
490	24.31	50.44
490	24.34	50.41
490	24.31	50.41
489	24.36	50.43
489	24.33	50.45
488	24.31	50.44
489	24.33	50.43
489	24.31	50.37
489	24.33	50.38
489	24.33	50.43
488	24.33	50.38
488	24.33	50.39
487	24.31	50.41
487	24.31	50.41
486	24.33	50.42
487	24.31	50.4
488	24.33	50.38
489	24.34	50.34
487	24.33	50.34
487	24.31	50.34
488	24.33	50.28
489	24.31	50.37
489	24.31	50.37
489	24.33	50.38
489	24.31	50.32
489	24.33	50.35
488	24.3	50.35
488	24.31	50.33
486	24.36	50.33
486	24.31	50.33
486	24.33	50.32
486	24.31	50.32
486	24.33	50.33
486	24.33	50.28
486	24.33	50.29
486	24.28	50.27
486	24.3	50.26
486	24.33	50.29
486	24.31	50.28
487	24.31	50.32
487	24.31	50.31
487	24.3	50.34
487	24.3	50.32
487	24.31	50.31
487	24.3	50.31
488	24.31	50.34
488	24.31	50.32
487	24.31	50.29
488	24.31	50.29
486	24.28	50.33
485	24.33	50.27
485	24.31	50.31
486	24.3	50.31
485	24.31	50.33
486	24.3	50.31
489	24.31	50.27
487	24.31	50.31
487	24.31	50.35
488	24.3	50.31
489	24.3	50.33
489	24.3	50.27
489	24.3	50.27
489	24.31	50.26
489	24.27	50.27
488	24.28	50.28
488	24.28	50.29
488	24.28	50.25
487	24.28	50.32
487	24.28	50.27
488	24.3	50.27
488	24.27	50.27
488	24.31	50.27
487	24.3	50.28
488	24.3	50.2
488	24.31	50.27
488	24.31	50.27
488	24.3	50.23
488	24.31	50.22
488	24.31	50.27
489	24.28	50.28
489	24.28	50.23
488	24.31	50.27
488	24.31	50.22
489	24.28	50.27
489	24.33	50.22
490	24.3	50.2
490	24.28	50.2
490	24.3	50.21
491	24.28	50.21
491	24.31	50.21
491	24.3	50.23
490	24.28	50.26
491	24.3	50.27
491	24.31	50.27
491	24.31	50.27
491	24.28	50.27
491	24.3	50.19
491	24.3	50.21
490	24.28	50.21
489	24.28	50.2
489	24.28	50.23
490	24.3	50.21
488	24.3	50.23
487	24.3	50.12
488	24.3	50.16
489	24.31	50.18
489	24.28	50.17
489	24.31	50.14
489	24.28	50.11
490	24.31	50.11
490	24.33	50.16
489	24.3	50.13
489	24.3	50.15
489	24.28	50.13
489	24.3	50.07
489	24.31	50.13
489	24.31	50.13
489	24.3	50.07
489	24.28	50.13
487	24.28	50.11
487	24.28	50.06
487	24.28	50.1
487	24.3	50.13
487	24.28	50.11
486	24.31	50.12
485	24.28	50.08
486	24.28	50.07
487	24.28	50.1
487	24.28	50.09
486	24.27	50.03
488	24.27	50.08
488	24.26	50.03
488	24.28	50.04
488	24.28	50.05
488	24.27	50.08
487	24.28	50.04
487	24.28	50.05
486	24.27	50.08
486	24.28	50.06
486	24.26	50.07
486	24.28	50.05
486	24.28	50.03
486	24.27	50.06
486	24.26	50.07
485	24.28	50.06
485	24.28	50.08
485	24.27	50.0
486	24.28	49.99
487	24.28	50.04
487	24.26	50.05
486	24.27	50.0
486	24.26	50.0
485	24.27	49.96
485	24.26	49.97
485	24.26	49.95
486	24.26	50.02
485	24.26	50.04
485	24.26	49.97
485	24.27	49.98
486	24.27	49.95
486	24.27	49.98
485	24.28	49.97
485	24.26	49.91
484	24.26	49.91
485	24.23	49.88
484	24.24	49.9
484	24.26	49.92
485	24.24	49.93
484	24.26	49.9
484	24.24	49.94
484	24.23	49.92
484	24.26	49.96
484	24.27	49.94
484	24.23	49.93
484	24.27	49.87
483	24.26	49.86
484	24.26	49.88
485	24.23	49.87
483	24.23	49.86
483	24.24	49.85
481	24.24	49.85
481	24.24	49.82
481	24.23	49.88
481	24.24	49.84
481	24.23	49.93
481	24.24	49.86
481	24.21	49.9
480	24.24	49.83
480	24.23	49.85
478	24.21	49.87
479	24.24	49.85
478	24.24	49.87
478	24.23	49.83
478	24.24	49.85
477	24.23	49.81
477	24.23	49.83
478	24.24	49.81
477	24.24	49.77
478	24.24	49.79
478	24.26	49.73
478	24.24	49.73
480	24.26	49.76
480	24.24	49.71
480	24.23	49.69
480	24.24	49.71
479	24.24	49.72
479	24.24	49.77
479	24.24	49.72
480	24.23	49.7
481	24.23	49.69
481	24.24	49.73
481	24.2	49.72
481	24.24	49.73
481	24.24	49.67
481	24.21	49.7
480	24.23	49.71
479	24.23	49.74
479	24.23	49.74
478	24.23	49.74
480	24.21	49.74
480	24.21	49.73
481	24.21	49.75
480	24.2	49.72
480	24.2	49.74
480	24.23	49.74
479	24.21	49.76
480	24.23	49.72
480	24.21	49.7
480	24.21	49.65
478	24.21	49.67
478	24.23	49.68
477	24.23	49.67
477	24.2	49.68
477	24.23	49.64
478	24.24	49.61
478	24.23	49.65
478	24.21	49.63
478	24.21	49.6
477	24.21	49.63
478	24.23	49.62
478	24.23	49.59
478	24.21	49.59
477	24.2	49.61
477	24.23	49.63
478	24.21	49.64
478	24.23	49.62
479	24.2	49.59
480	24.21	49.57
479	24.21	49.58
480	24.21	49.6
479	24.23	49.58
480	24.21	49.63
479	24.21	49.6
479	24.21	49.6
479	24.23	49.6
479	24.24	49.6
478	24.24	49.6
478	24.23	49.56
478	24.21	49.57
478	24.23	49.53
478	24.21	49.53
480	24.21	49.53
480	24.21	49.54
480	24.2	49.47
480	24.24	49.48
480	24.21	49.52
481	24.21	49.48
481	24.24	49.48
481	24.21	49.47
481	24.21	49.5
480	24.21	49.45
480	24.2	49.44
479	24.2	49.42
479	24.2	49.49
478	24.2	49.44
478	24.19	49.47
478	24.19	49.47
479	24.21	49.47
479	24.2	49.46
479	24.2	49.45
479	24.2	49.47
478	24.21	49.43
478	24.2	49.45
478	24.2	49.45
478	24.19	49.47
478	24.2	49.44
477	24.19	49.46
477	24.2	49.49
477	24.19	49.5
477	24.19	49.5
477	24.21	49.51
478	24.2	49.47
477	24.2	49.47
477	24.21	49.45
476	24.19	49.4
476	24.2	49.43
477	24.17	49.4
477	24.17	49.44
477	24.2	49.44
477	24.19	49.45
477	24.19	49.45
477	24.2	49.4
476	24.2	49.38
477	24.19	49.39
477	24.23	49.4
477	24.2	49.34
478	24.2	49.37
477	24.2	49.4
477	24.21	49.34
476	24.21	49.36
476	24.19	49.36
475	24.19	49.36
476	24.2	49.34
476	24.21	49.34
476	24.19	49.36
476	24.21	49.34
476	24.2	49.29
476	24.23	49.29
475	24.2	49.3
475	24.19	49.32
475	24.21	49.32
475	24.2	49.3
474	24.21	49.31
475	24.19	49.28
475	24.21	49.25
475	24.2	49.25
475	24.19	49.28
475	24.2	49.27
476	24.17	49.29
476	24.19	49.3
475	24.2	49.3
475	24.19	49.33
476	24.17	49.32
475	24.17	49.28
475	24.19	49.3
476	24.19	49.32
476	24.19	49.32
476	24.2	49.28
476	24.19	49.32
475	24.19	49.33
475	24.17	49.28
476	24.19	49.25
476	24.19	49.25
476	24.17	49.24
476	24.19	49.22
476	24.19	49.25
476	24.17	49.27
478	24.17	49.21
478	24.19	49.21
477	24.16	49.18
476	24.17	49.21
474	24.17	49.21
473	24.19	49.23
473	24.17	49.21
474	24.17	49.21
474	24.19	49.21
474	24.19	49.17
474	24.19	49.21
473	24.19	49.16
473	24.19	49.16
473	24.17	49.17
473	24.19	49.21
473	24.19	49.18
474	24.19	49.16
474	24.17	49.2
474	24.17	49.2
475	24.19	49.22
475	24.17	49.16
476	24.17	49.17
476	24.19	49.18
475	24.16	49.17
475	24.19	49.22
476	24.17	49.17
476	24.17	49.16
476	24.16	49.12
475	24.17	49.12
476	24.17	49.17
476	24.15	49.19
476	24.17	49.2
476	24.16	49.11
476	24.17	49.14
475	24.19	49.16
475	24.17	49.17
475	24.17	49.12
476	24.19	49.12
476	24.17	49.09
475	24.16	49.07
475	24.16	49.09
475	24.16	49.1
475	24.16	49.07
475	24.16	49.11
475	24.16	49.09
475	24.16	49.12
475	24.17	49.11
474	24.17	49.11
474	24.15	49.05
474	24.16	49.13
474	24.17	49.06
474	24.16	49.12
472	24.13	49.07
472	24.15	49.06
472	24.17	49.12
473	24.16	49.1
474	24.16	49.1
474	24.16	49.08
474	24.16	49.06
474	24.16	49.08
474	24.17	49.07
473	24.16	49.1
474	24.16	49.0
474	24.15	49.03
473	24.19	49.03
473	24.16	49.06
473	24.17	49.1
473	24.16	49.05
472	24.15	49.02
473	24.16	49.03
472	24.16	49.02
473	24.16	49.03
473	24.16	49.01
472	24.16	49.03
472	24.16	49.1
472	24.16	49.08
471	24.15	49.08
471	24.17	49.06
471	24.16	49.02
471	24.15	49.01
472	24.16	49.01
471	24.16	49.0
471	24.17	48.97
471	24.17	49.01
472	24.16	48.98
473	24.16	48.96
473	24.16	48.99
473	24.16	48.97
471	24.16	48.98
471	24.16	48.99
472	24.16	48.98
472	24.16	48.96
472	24.17	48.98
471	24.16	49.0
471	24.15	48.97
471	24.16	48.99
472	24.17	48.95
471	24.17	48.97
471	24.19	48.96
471	24.16	48.95
472	24.15	48.94
472	24.17	48.92
472	24.16	48.93
473	24.19	48.89
473	24.16	48.91
472	24.17	48.9
472	24.17	48.93
473	24.19	48.93
473	24.16	48.89
473	24.17	48.93
474	24.15	48.87
474	24.15	48.87
475	24.16	48.85
474	24.16	48.86
474	24.16	48.84
474	24.16	48.8
475	24.17	48.82
474	24.16	48.87
473	24.15	48.88
471	24.17	48.91
469	24.15	48.87
469	24.12	48.89
468	24.13	48.89
468	24.16	48.87
467	24.15	48.83
467	24.13	48.8
467	24.13	48.83
466	24.16	48.83
465	24.16	48.85
464	24.13	48.84
465	24.12	48.87
465	24.15	48.84
465	24.13	48.84
466	24.13	48.87
467	24.13	48.93
467	24.13	48.86
467	24.12	48.92
467	24.15	48.89
468	24.13	48.83
467	24.15	48.84
468	24.13	48.82
467	24.13	48.82
468	24.15	48.81
468	24.13	48.8
468	24.15	48.81
471	24.15	48.83
471	24.15	48.84
471	24.13	48.86
472	24.16	48.86
472	24.17	48.79
472	24.15	48.8
473	24.16	48.84
473	24.13	48.83
473	24.13	48.83
473	24.12	48.83
474	24.15	48.85
475	24.15	48.83
475	24.12	48.79
474	24.13	48.82
474	24.13	48.84
474	24.15	48.81
474	24.13	48.8
473	24.13	48.8
473	24.13	48.78
474	24.13	48.76
473	24.12	48.78
472	24.13	48.79
473	24.13	48.82
473	24.12	48.85
473	24.16	48.83
473	24.1	48.8
474	24.15	48.84
473	24.13	48.75
473	24.15	48.76
473	24.15	48.8
474	24.15	48.76
473	24.15	48.76
472	24.15	48.72
472	24.12	48.71
472	24.15	48.73
471	24.15	48.74
470	24.15	48.68
470	24.15	48.72
471	24.15	48.72
471	24.15	48.73
472	24.12	48.68
471	24.13	48.73
471	24.1	48.72
470	24.15	48.73
470	24.13	48.73
471	24.12	48.71
470	24.13	48.7
470	24.12	48.7
469	24.12	48.69
469	24.12	48.71
470	24.12	48.74
470	24.13	48.77
471	24.13	48.75
471	24.15	48.74
471	24.12	48.74
471	24.12	48.69
470	24.15	48.72
470	24.13	48.77
470	24.13	48.7
469	24.13	48.68
469	24.12	48.73
470	24.12	48.67
469	24.13	48.7
468	24.12	48.65
468	24.15	48.73
469	24.12	48.72
468	24.15	48.66
469	24.13	48.65
470	24.13	48.65
469	24.13	48.68
469	24.12	48.67
469	24.15	48.67
469	24.15	48.63
470	24.13	48.66
470	24.15	48.65
469	24.13	48.65
470	24.12	48.69
469	24.13	48.64
469	24.13	48.63
469	24.12	48.6
470	24.12	48.65
469	24.13	48.64
470	24.13	48.65
470	24.12	48.68
470	24.12	48.64
470	24.12	48.63
470	24.13	48.7
470	24.12	48.65
470	24.13	48.62
470	24.12	48.63
470	24.13	48.63
471	24.12	48.66
472	24.15	48.64
472	24.1	48.63
472	24.1	48.64
471	24.13	48.6
471	24.12	48.58
471	24.15	48.6
471	24.12	48.55
471	24.12	48.57
471	24.13	48.58
471	24.13	48.63
471	24.1	48.64
471	24.13	48.58
471	24.1	48.56
471	24.1	48.58
471	24.13	48.57
471	24.12	48.58
470	24.1	48.54
470	24.1	48.56
470	24.12	48.56
470	24.13	48.53
470	24.15	48.53
470	24.12	48.55
470	24.15	48.53
470	24.15	48.56
469	24.12	48.55
469	24.1	48.56
468	24.12	48.57
467	24.13	48.53
467	24.12	48.58
468	24.13	48.53
468	24.12	48.51
469	24.12	48.55
469	24.13	48.54
470	24.1	48.53
469	24.13	48.52
469	24.12	48.54
469	24.13	48.51
469	24.13	48.52
469	24.12	48.51
469	24.12	48.51
469	24.1	48.47
468	24.13	48.55
468	24.12	48.48
468	24.12	48.52
468	24.12	48.5
468	24.1	48.53
468	24.1	48.57
467	24.12	48.55
467	24.12	48.5
468	24.12	48.52
467	24.12	48.48
468	24.12	48.49
469	24.1	48.54
469	24.12	48.55
469	24.1	48.56
469	24.12	48.55
469	24.1	48.54
469	24.12	48.56
468	24.1	48.54
468	24.1	48.5
468	24.1	48.51
467	24.1	48.53
467	24.09	48.46
467	24.1	48.49
467	24.1	48.49
467	24.09	48.45
467	24.12	48.47
467	24.1	48.46
467	24.09	48.46
467	24.1	48.48
467	24.09	48.47
467	24.09	48.46
467	24.1	48.46
467	24.12	48.44
468	24.1	48.45
468	24.12	48.44
468	24.09	48.46
468	24.12	48.48
468	24.12	48.51
468	24.09	48.56
468	24.1	48.5
468	24.12	48.46
468	24.1	48.46
468	24.12	48.44
469	24.09	48.45
468	24.12	48.49
468	24.1	48.46
468	24.07	48.52
469	24.1	48.51
469	24.1	48.46
468	24.09	48.49
468	24.09	48.43
468	24.12	48.44
467	24.1	48.41
468	24.1	48.47
468	24.1	48.46
468	24.1	48.45
467	24.1	48.44
467	24.13	48.41
467	24.13	48.44
467	24.1	48.46
466	24.07	48.44
467	24.12	48.42
467	24.12	48.38
467	24.1	48.37
466	24.1	48.4
468	24.09	48.4
467	24.12	48.46
467	24.12	48.46
467	24.07	48.44
466	24.1	48.4
466	24.1	48.4
467	24.1	48.38
466	24.09	48.36
466	24.1	48.36
466	24.12	48.39
467	24.1	48.36
467	24.1	48.38
467	24.1	48.38
467	24.1	48.37
467	24.1	48.39
467	24.1	48.39
468	24.09	48.36
468	24.09	48.4
468	24.1	48.33
467	24.1	48.35
468	24.1	48.37
467	24.12	48.41
467	24.1	48.41
465	24.12	48.41
467	24.09	48.44
468	24.12	48.44
468	24.1	48.36
469	24.1	48.33
468	24.1	48.36
468	24.12	48.36
469	24.09	48.35
468	24.12	48.36
468	24.1	48.35
469	24.1	48.35
469	24.1	48.35
470	24.1	48.36
468	24.1	48.36
468	24.07	48.4
469	24.1	48.38
469	24.09	48.38
470	24.07	48.39
469	24.1	48.34
469	24.1	48.36
469	24.06	48.35
469	24.1	48.39
469	24.09	48.41
468	24.1	48.37
468	24.12	48.36
467	24.09	48.38
467	24.1	48.35
466	24.1	48.37
466	24.09	48.38
466	24.12	48.38
464	24.06	48.3
464	24.09	48.35
464	24.09	48.36
465	24.1	48.34
465	24.1	48.31
464	24.1	48.33
465	24.12	48.31
465	24.1	48.33
465	24.1	48.36
465	24.1	48.38
465	24.1	48.37
466	24.09	48.31
467	24.1	48.33
467	24.09	48.35
467	24.09	48.35
466	24.1	48.39
466	24.1	48.37
465	24.1	48.35
465	24.07	48.36
466	24.07	48.31
466	24.1	48.34
467	24.07	48.38
466	24.07	48.35
467	24.09	48.28
467	24.07	48.33
466	24.09	48.32
466	24.07	48.37
466	24.1	48.37
465	24.1	48.36
465	24.05	48.35
465	24.1	48.32
465	24.09	48.32
463	24.09	48.33
463	24.07	48.35
462	24.09	48.32
463	24.09	48.26
463	24.06	48.32
463	24.1	48.29
464	24.07	48.28
466	24.09	48.28
466	24.1	48.31
465	24.1	48.3
464	24.09	48.25
465	24.07	48.3
464	24.1	48.32
464	24.1	48.27
464	24.1	48.25
464	24.09	48.29
464	24.1	48.26
463	24.09	48.3
462	24.1	48.25
463	24.07	48.28
462	24.09	48.28
461	24.09	48.27
461	24.07	48.31
461	24.09	48.31
462	24.09	48.31
463	24.09	48.29
462	24.09	48.23
462	24.07	48.26
461	24.07	48.24
461	24.09	48.27
462	24.09	48.27
462	24.09	48.27
463	24.07	48.32
463	24.06	48.26
463	24.09	48.27
463	24.09	48.29
463	24.1	48.27
463	24.09	48.26
463	24.1	48.25
462	24.12	48.21
462	24.1	48.22
462	24.09	48.23
463	24.1	48.2
464	24.09	48.23
463	24.07	48.29
463	24.09	48.25
464	24.1	48.25
463	24.09	48.22
462	24.09	48.26
462	24.09	48.2
462	24.1	48.26
462	24.1	48.23
464	24.07	48.27
464	24.1	48.24
464	24.1	48.2
464	24.1	48.3
464	24.1	48.24
464	24.1	48.23
464	24.12	48.24
464	24.12	48.21
464	24.1	48.25
464	24.12	48.29
465	24.1	48.27
465	24.1	48.24
464	24.1	48.25
463	24.09	48.21
464	24.12	48.22
463	24.09	48.19
463	24.07	48.17
463	24.1	48.22
463	24.13	48.2
463	24.09	48.15
462	24.1	48.17
462	24.12	48.09
463	24.13	48.19
463	24.12	48.19
463	24.09	48.16
462	24.12	48.19
463	24.12	48.17
462	24.09	48.14
463	24.1	48.2
462	24.1	48.17
463	24.1	48.18
463	24.12	48.17
463	24.12	48.13
463	24.12	48.16
463	24.12	48.14
462	24.1	48.15
462	24.1	48.16
462	24.09	48.22
463	24.09	48.19
463	24.07	48.19
463	24.12	48.18
463	24.12	48.13
463	24.1	48.18
463	24.09	48.17
463	24.12	48.22
463	24.1	48.17
464	24.1	48.17
464	24.1	48.13
463	24.13	48.16
464	24.1	48.15
464	24.09	48.18
464	24.09	48.19
465	24.09	48.14
465	24.1	48.13
465	24.12	48.15
464	24.09	48.18
464	24.12	48.17
465	24.1	48.13
465	24.1	48.12
465	24.1	48.13
466	24.12	48.14
465	24.09	48.14
466	24.09	48.18
465	24.12	48.1
465	24.09	48.13
466	24.12	48.12
466	24.1	48.14
466	24.1	48.19
465	24.09	48.18
465	24.1	48.19
467	24.1	48.12
467	24.1	48.08
466	24.09	48.14
465	24.12	48.17
465	24.13	48.18
466	24.12	48.12
466	24.12	48.13
467	24.12	48.11
467	24.1	48.09
466	24.12	48.09
467	24.1	48.1
468	24.1	48.16
468	24.12	48.12
468	24.12	48.15
467	24.12	48.11
467	24.1	48.09
467	24.13	48.09
466	24.12	48.16
466	24.1	48.13
466	24.1	48.14
466	24.12	48.15
466	24.1	48.08
465	24.12	48.14
465	24.12	48.14
466	24.1	48.15
466	24.1	48.16
466	24.1	48.16
465	24.13	48.11
465	24.1	48.13
465	24.12	48.13
465	24.13	48.16
465	24.1	48.13
466	24.1	48.1
466	24.12	48.09
466	24.13	48.09
465	24.13	48.12
466	24.1	48.12
466	24.12	48.14
466	24.13	48.11
466	24.1	48.12
466	24.12	48.13
466	24.1	48.09
466	24.13	48.04
466	24.1	48.17
465	24.13	48.17
466	24.12	48.12
466	24.15	48.12
467	24.12	48.11
466	24.12	48.06
467	24.13	48.08
466	24.13	48.11
467	24.12	48.13
467	24.1	48.06
467	24.09	48.01
467	24.12	48.07
467	24.12	48.1
467	24.12	48.14
468	24.12	48.07
468	24.13	48.13
467	24.1	48.11
468	24.13	48.16
468	24.13	48.09
469	24.13	48.07
469	24.13	48.06
469	24.13	48.09
468	24.13	48.06
469	24.12	48.04
468	24.12	48.06
469	24.13	48.05
469	24.12	48.06
469	24.1	48.06
470	24.12	48.1
469	24.13	48.12
470	24.13	48.12
469	24.1	48.12
471	24.1	48.09
470	24.1	48.1
470	24.1	48.12
471	24.13	48.11
471	24.13	48.11
471	24.12	48.11
471	24.13	48.13
470	24.15	48.1
470	24.13	48.13
471	24.13	48.07
470	24.12	48.09
471	24.13	48.11
471	24.13	48.06
470	24.13	48.08
470	24.13	48.09
471	24.13	48.09
472	24.13	48.08
472	24.12	48.06
472	24.12	48.12
471	24.16	48.15
471	24.13	48.09
471	24.13	48.12
472	24.13	48.11
473	24.1	48.08
473	24.15	48.16
473	24.15	48.15
473	24.16	48.07
473	24.13	48.1
473	24.13	48.08
474	24.16	48.09
474	24.15	48.06
474	24.13	48.08
475	24.15	48.04
474	24.16	48.06
473	24.16	48.03
472	24.15	48.04
473	24.15	48.05
472	24.17	48.05
472	24.15	48.0
471	24.16	48.0
472	24.17	48.04
472	24.15	48.08
473	24.13	48.03
474	24.15	48.03
475	24.13	48.07
474	24.17	48.04
475	24.17	48.05
475	24.19	48.08
476	24.17	48.04
476	24.16	48.08
476	24.15	48.1
477	24.17	48.08
477	24.16	48.09
478	24.17	48.06
478	24.17	48.06
478	24.15	48.06
480	24.15	48.09
480	24.16	48.05
480	24.16	48.08
480	24.16	48.03
479	24.15	48.04
479	24.16	48.09
480	24.16	48.11
480	24.19	48.08
478	24.19	48.06
479	24.19	48.08
480	24.19	48.04
480	24.2	48.07
479	24.17	48.04
480	24.17	48.03
479	24.19	48.04
479	24.17	48.07
479	24.16	48.05
478	24.19	48.08
478	24.17	48.1
478	24.16	48.06
478	24.16	48.04
479	24.17	48.03
479	24.17	48.01
480	24.19	48.05
480	24.17	48.06
482	24.17	48.04
481	24.16	48.03
481	24.16	48.07
481	24.17	48.06
482	24.16	48.04
481	24.17	48.1
481	24.16	48.09
481	24.17	48.09
481	24.15	48.04
482	24.17	48.0
482	24.19	48.02
481	24.19	48.01
480	24.17	48.02
481	24.17	48.01
481	24.17	48.03
482	24.19	48.04
482	24.19	48.03
482	24.17	48.07
482	24.15	48.03
482	24.19	48.05
481	24.19	48.02
481	24.17	48.08
481	24.17	48.04
480	24.19	48.02
481	24.17	48.04
482	24.2	48.06
482	24.19	48.08
482	24.2	48.02
482	24.19	48.01
483	24.19	48.07
483	24.19	48.07
483	24.2	48.06
482	24.2	48.02
482	24.2	48.0
482	24.19	48.05
482	24.19	48.0
483	24.19	47.96
483	24.2	48.04
483	24.2	47.96
482	24.21	47.97
482	24.21	47.98
483	24.19	48.01
482	24.19	48.0
484	24.21	47.99
484	24.2	48.0
484	24.21	47.96
483	24.19	47.94
483	24.2	47.95
483	24.21	47.95
482	24.21	47.96
482	24.21	48.0
482	24.21	47.99
482	24.21	47.98
481	24.24	47.99
482	24.21	47.89
482	24.21	47.95
482	24.23	47.92
482	24.23	47.94
482	24.23	47.93
483	24.21	47.89
482	24.23	47.92
481	24.23	47.94
481	24.21	47.93
482	24.23	47.96
482	24.2	47.99
483	24.23	47.98
482	24.23	47.95
483	24.23	47.98
483	24.21	47.94
482	24.21	47.98
482	24.21	47.95
483	24.21	47.94
483	24.21	47.91
483	24.21	47.94
484	24.23	47.93
484	24.23	47.94
484	24.21	47.94
484	24.23	47.92
484	24.24	47.93
484	24.23	47.94
483	24.23	47.91
483	24.24	47.94
483	24.24	47.97
483	24.23	47.94
483	24.24	47.92
483	24.24	47.94
482	24.21	47.95
482	24.21	47.98
482	24.24	47.96
482	24.23	47.96
483	24.24	47.94
482	24.24	47.97
482	24.23	47.95
482	24.23	47.97
483	24.24	47.94
484	24.26	47.95
486	24.2	47.94
485	24.23	47.94
485	24.24	47.89
485	24.26	47.97
485	24.21	47.9
486	24.23	47.92
486	24.26	47.91
485	24.23	47.93
484	24.24	47.96
484	24.23	47.91
484	24.26	47.92
484	24.24	47.93
484	24.26	47.93
484	24.26	47.93
484	24.26	47.92
484	24.24	47.91
484	24.24	47.91
484	24.24	47.92
484	24.26	47.93
484	24.23	47.92
484	24.24	47.94
483	24.26	47.92
483	24.26	47.88
484	24.27	47.92
484	24.24	47.93
484	24.24	47.93
484	24.26	47.92
483	24.26	47.93
483	24.24	47.93
483	24.24	47.9
483	24.26	47.88
484	24.27	47.95
486	24.26	47.92
485	24.24	47.9
485	24.23	47.92
485	24.23	47.91
485	24.24	47.87
484	24.24	47.91
483	24.23	47.89
483	24.23	47.92
484	24.24	47.95
484	24.24	47.94
485	24.24	47.92
485	24.24	47.93
486	24.24	47.91
486	24.24	47.93
485	24.26	47.95
486	24.24	47.89
486	24.27	47.91
484	24.26	47.93
484	24.26	47.92
484	24.26	47.95
485	24.24	47.92
484	24.26	47.96
483	24.26	47.9
483	24.27	47.89
483	24.27	47.91
483	24.24	47.92
482	24.26	47.93
481	24.28	47.91
480	24.26	47.92
481	24.28	47.93
481	24.24	47.91
481	24.26	47.91
481	24.27	47.97
481	24.24	47.91
481	24.27	47.88
482	24.26	47.92
482	24.27	47.95
482	24.26	47.94
482	24.27	47.9
482	24.26	47.93
482	24.26	47.93
483	24.27	47.93
482	24.26	47.93
483	24.26	47.93
483	24.27	47.91
484	24.27	47.91
484	24.28	47.89
484	24.26	47.93
485	24.26	47.93
485	24.28	47.95
486	24.27	47.91
485	24.28	47.93
486	24.28	47.96
486	24.27	47.91
486	24.27	47.93
485	24.26	47.95
484	24.26	47.94
484	24.27	47.9
484	24.28	47.93
484	24.28	47.92
484	24.27	47.95
484	24.28	47.99
484	24.27	47.93
485	24.27	47.99
485	24.27	47.99
485	24.28	47.96
486	24.27	47.93
485	24.27	47.96
486	24.3	47.95
485	24.28	47.93
486	24.28	47.91
487	24.28	47.96
488	24.27	47.97
488	24.3	47.97
488	24.27	47.99
490	24.28	47.96
490	24.27	47.99
491	24.28	47.95
491	24.27	47.97
490	24.27	47.93
491	24.28	47.96
491	24.28	47.97
491	24.28	47.99
491	24.27	47.95
492	24.28	47.95
491	24.28	47.99
491	24.27	48.0
491	24.26	48.0
492	24.27	48.02
492	24.28	48.01
492	24.27	47.93
493	24.27	47.95
493	24.28	47.96
494	24.3	47.96
494	24.28	47.96
494	24.28	47.96
494	24.28	47.95
493	24.3	47.93
492	24.28	47.97
492	24.28	47.99
492	24.27	47.91
492	24.28	47.93
491	24.27	47.95
491	24.27	47.94
490	24.27	48.0
490	24.27	47.96
490	24.27	47.98
491	24.28	48.0
491	24.3	47.99
490	24.26	47.97
491	24.28	48.0
492	24.3	47.99
492	24.27	47.97
493	24.27	47.95
493	24.28	47.93
493	24.27	47.92
493	24.27	47.99
492	24.27	47.97
492	24.26	47.96
493	24.28	47.97
493	24.27	47.98
491	24.3	47.98
492	24.31	47.99
492	24.3	48.02
493	24.3	48.01
492	24.27	48.05
493	24.3	48.04
493	24.31	47.97
492	24.28	47.99
493	24.28	48.02
493	24.27	48.0
493	24.27	48.0
494	24.28	48.02
493	24.31	48.01
493	24.3	48.0
494	24.28	48.04
493	24.31	48.01
494	24.28	48.01
494	24.27	47.99
494	24.3	48.0
494	24.28	48.02
493	24.27	47.97
494	24.33	48.0
493	24.3	48.05
493	24.3	48.0
493	24.31	48.06
493	24.33	48.03
494	24.31	48.04
494	24.3	48.01
495	24.3	48.04
495	24.3	48.01
495	24.33	47.96
495	24.33	47.99
494	24.31	47.95
494	24.3	47.99
495	24.3	48.0
495	24.31	48.01
496	24.3	47.99
495	24.34	47.99
494	24.33	48.01
495	24.31	48.0
495	24.34	47.98
495	24.33	48.02
496	24.33	47.95
495	24.34	47.94
495	24.3	47.94
496	24.3	47.98
496	24.31	47.97
497	24.31	48.0
497	24.33	48.03
497	24.3	48.01
497	24.31	47.99
497	24.33	48.03
496	24.31	48.03
497	24.31	48.05
497	24.33	48.01
497	24.34	48.05
498	24.31	48.01
498	24.31	47.98
498	24.31	47.96
499	24.33	48.0
499	24.33	47.98
499	24.31	47.93
499	24.33	47.92
500	24.33	47.97
501	24.33	47.96
501	24.31	48.01
502	24.31	48.05
503	24.31	48.0
502	24.33	47.99
501	24.36	47.94
500	24.31	47.99
500	24.31	47.97
499	24.31	48.01
500	24.33	48.03
500	24.33	48.04
500	24.31	48.04
501	24.34	48.04
502	24.33	48.03
502	24.34	48.0
501	24.33	47.98
501	24.33	48.0
502	24.36	48.02
502	24.34	48.02
501	24.34	48.04
502	24.33	48.0
502	24.36	47.95
502	24.34	47.98
503	24.33	47.97
503	24.34	47.94
503	24.31	47.98
504	24.36	47.99
504	24.34	47.95
504	24.34	47.98
504	24.34	47.98
505	24.34	48.03
504	24.33	47.94
504	24.34	47.98
504	24.36	47.98
504	24.34	47.98
505	24.34	48.0
505	24.34	48.02
504	24.36	48.03
504	24.34	48.04
505	24.34	48.03
505	24.36	48.09
505	24.33	48.11
505	24.36	48.06
506	24.34	48.04
507	24.36	48.02
508	24.34	48.09
507	24.34	48.06
507	24.34	48.11
507	24.36	48.07
508	24.36	48.03
508	24.36	48.04
508	24.34	48.04
509	24.36	48.0
510	24.38	48.03
510	24.37	48.03
510	24.37	48.01
509	24.36	47.99
509	24.37	48.04
509	24.36	48.07
508	24.36	48.02
509	24.36	48.06
509	24.37	47.99
510	24.37	47.96
511	24.37	47.96
511	24.36	48.02
511	24.37	47.99
511	24.36	47.99
512	24.37	47.94
512	24.37	47.95
513	24.38	48.04
512	24.37	48.08
512	24.38	48.06
512	24.38	48.06
512	24.37	48.01
511	24.38	48.03
512	24.38	48.01
511	24.37	48.06
511	24.38	48.0
510	24.37	48.02
510	24.4	47.97
509	24.36	48.04
509	24.38	47.98
509	24.37	48.0
509	24.37	48.02
509	24.4	47.99
509	24.4	47.99
509	24.37	47.97
508	24.38	47.88
506	24.4	47.98
506	24.4	47.98
507	24.38	48.0
508	24.37	48.0
508	24.41	47.99
507	24.38	48.04
507	24.38	48.04
507	24.38	48.0
507	24.38	48.07
508	24.4	48.01
507	24.4	48.0
507	24.4	47.98
507	24.4	47.94
507	24.4	47.84
506	24.38	47.86
508	24.38	47.93
508	24.38	47.82
509	24.38	47.88
507	24.38	47.93
507	24.38	47.95
507	24.38	47.99
508	24.37	48.04
507	24.38	47.95
508	24.38	48.01
509	24.4	47.98
509	24.38	47.94
508	24.38	47.93
508	24.37	47.94
508	24.37	47.94
508	24.38	48.0
508	24.4	48.04
508	24.36	48.0
507	24.38	47.99
508	24.41	48.01
508	24.41	47.93
508	24.4	47.94
509	24.4	47.94
507	24.4	47.91
508	24.4	47.91
508	24.38	47.88
508	24.4	47.93
509	24.4	47.87
508	24.41	47.92
508	24.4	48.0
509	24.38	47.98
509	24.41	47.98
509	24.41	48.0
510	24.4	48.0
512	24.4	47.94
513	24.41	47.93
513	24.43	47.97
513	24.41	47.93
512	24.4	48.0
512	24.4	47.95
512	24.4	47.93
512	24.4	47.98
512	24.43	47.95
512	24.43	48.01
511	24.43	47.98
511	24.43	47.93
511	24.41	47.94
511	24.43	47.99
511	24.43	47.97
511	24.4	47.9
511	24.43	47.89
510	24.41	47.93
510	24.43	47.92
511	24.41	47.91
511	24.43	47.92
511	24.46	47.91
510	24.44	47.93
510	24.43	47.91
511	24.43	47.88
511	24.43	47.87
511	24.43	47.88
510	24.43	47.9
510	24.43	47.89
511	24.43	47.89
511	24.43	47.92
512	24.43	47.85
512	24.41	47.86
512	24.44	47.83
512	24.44	47.79
512	24.43	47.86
511	24.44	47.87
512	24.44	47.88
510	24.46	47.85
509	24.44	47.83
509	24.43	47.8
508	24.44	47.68
507	24.43	47.71
507	24.43	47.79
508	24.44	47.87
508	24.43	47.93
510	24.43	47.88
509	24.43	47.89
509	24.44	47.92
509	24.47	47.8
509	24.43	47.84
509	24.44	47.81
509	24.43	47.79
509	24.46	47.77
509	24.41	47.75
509	24.44	47.82
509	24.43	47.77
510	24.44	47.87
510	24.47	47.75
509	24.44	47.78
509	24.46	47.74
511	24.44	47.75
511	24.46	47.72
511	24.44	47.71
510	24.44	47.75
510	24.43	47.81
510	24.43	47.9
510	24.44	47.81
510	24.46	47.8
511	24.44	47.84
511	24.44	47.89
510	24.46	47.85
510	24.43	47.89
510	24.44	47.86
510	24.46	47.89
509	24.44	47.83
509	24.44	47.85
510	24.46	47.76
510	24.46	47.73
510	24.46	47.76
511	24.44	47.86
511	24.44	47.83
510	24.44	47.83
511	24.46	47.8
510	24.48	47.82
511	24.47	47.79
511	24.44	47.84
511	24.47	47.77
512	24.48	47.82
511	24.47	47.85
511	24.47	47.85
510	24.47	47.76
511	24.48	47.65
511	24.47	47.66
510	24.46	47.65
510	24.47	47.63
509	24.47	47.66
509	24.47	47.78
508	24.47	47.83
508	24.47	47.73
508	24.46	47.61
508	24.46	47.63
509	24.46	47.65
508	24.46	47.65
509	24.46	47.67
509	24.44	47.66
508	24.46	47.67
509	24.46	47.73
508	24.44	47.8
509	24.46	47.81
509	24.48	47.77
506	24.46	47.84
506	24.46	47.89
506	24.46	47.9
506	24.46	47.8
505	24.48	47.77
504	24.46	47.85
505	24.46	47.84
505	24.47	47.82
503	24.47	47.8
504	24.48	47.8
504	24.47	47.8
505	24.48	47.76
505	24.46	47.75
505	24.47	47.73
504	24.48	47.69
505	24.48	47.62
505	24.48	47.66
505	24.48	47.65
504	24.47	47.68
503	24.48	47.68
503	24.47	47.67
504	24.48	47.72
504	24.48	47.74
504	24.46	47.68
504	24.48	47.62
504	24.47	47.67
504	24.5	47.75
504	24.47	47.77
504	24.48	47.68
505	24.48	47.75
506	24.47	47.78
507	24.47	47.79
508	24.48	47.84
508	24.48	47.79
508	24.48	47.78
509	24.47	47.76
509	24.47	47.82
510	24.48	47.77
510	24.5	47.77
510	24.5	47.78
509	24.48	47.72
509	24.5	47.7
509	24.48	47.63
510	24.48	47.66
510	24.5	47.67
512	24.5	47.71
513	24.51	47.75
515	24.53	47.77
515	24.51	47.72
514	24.51	47.75
514	24.51	47.76
514	24.51	47.77
515	24.5	47.73
514	24.5	47.75
514	24.53	47.71
515	24.51	47.7
515	24.54	47.64
514	24.5	47.58
515	24.51	47.52
516	24.51	47.52
515	24.51	47.6
514	24.5	47.66
514	24.53	47.63
514	24.5	47.67
514	24.51	47.58
514	24.5	47.55
514	24.51	47.52
514	24.5	47.59
514	24.51	47.67
515	24.5	47.71
516	24.5	47.7
516	24.5	47.69
515	24.53	47.6
514	24.54	47.66
515	24.5	47.65
515	24.51	47.64
516	24.51	47.73
517	24.53	47.75
518	24.51	47.78
517	24.5	47.7
517	24.5	47.7
517	24.53	47.67
517	24.55	47.66
517	24.51	47.69
517	24.53	47.7
516	24.51	47.68
516	24.53	47.64
516	24.53	47.63
516	24.53	47.57
515	24.53	47.6
515	24.51	47.62
515	24.53	47.64
514	24.53	47.6
513	24.51	47.62
513	24.53	47.64
513	24.54	47.62
514	24.57	47.67
514	24.54	47.7
514	24.53	47.64
513	24.51	47.63
514	24.53	47.61
514	24.53	47.62
515	24.51	47.6
514	24.53	47.66
514	24.55	47.66
514	24.54	47.54
514	24.54	47.48
514	24.53	47.45
514	24.57	47.42
514	24.53	47.48
515	24.55	47.5
514	24.54	47.48
513	24.51	47.4
513	24.51	47.43
513	24.51	47.45
512	24.51	47.42
512	24.53	47.42
512	24.53	47.4
512	24.53	47.45
511	24.54	47.54
511	24.53	47.54
510	24.51	47.65
511	24.51	47.61
511	24.53	47.63
510	24.53	47.66
510	24.51	47.63
511	24.53	47.67
511	24.53	47.65
510	24.53	47.7
509	24.51	47.69
511	24.53	47.71
511	24.55	47.72
512	24.51	47.62
512	24.53	47.58
511	24.53	47.48
512	24.54	47.43
511	24.53	47.36
511	24.53	47.4
510	24.53	47.42
509	24.53	47.47
509	24.54	47.46
509	24.54	47.48
508	24.55	47.46
509	24.54	47.46
508	24.54	47.47
508	24.51	47.44
508	24.54	47.37
509	24.53	47.37
509	24.53	47.39
509	24.54	47.45
508	24.55	47.46
508	24.54	47.39
508	24.54	47.4
507	24.54	47.4
506	24.55	47.49
507	24.57	47.5
507	24.54	47.47
507	24.55	47.57
507	24.54	47.57
507	24.54	47.56
507	24.57	47.56
507	24.55	47.56
507	24.55	47.56
507	24.55	47.55
508	24.54	47.51
508	24.55	47.53
508	24.55	47.4
509	24.57	47.34
509	24.57	47.35
509	24.55	47.3
510	24.55	47.33
509	24.55	47.39
509	24.55	47.45
508	24.55	47.47
508	24.54	47.37
508	24.57	47.33
508	24.55	47.34
509	24.55	47.42
509	24.58	47.44
509	24.57	47.5
509	24.55	47.45
510	24.57	47.38
509	24.55	47.34
509	24.55	47.4
509	24.55	47.39
509	24.54	47.47
509	24.57	47.5
510	24.57	47.44
509	24.55	47.42
509	24.57	47.41
509	24.54	47.37
510	24.58	47.39
510	24.58	47.41
511	24.57	47.5
512	24.58	47.46
512	24.6	47.53
511	24.57	47.51
511	24.61	47.39
511	24.58	47.41
511	24.58	47.38
511	24.6	47.38
512	24.6	47.33
513	24.58	47.43
513	24.57	47.45
513	24.6	47.38
514	24.58	47.42
514	24.58	47.41
514	24.58	47.37
514	24.58	47.38
514	24.57	47.34
515	24.61	47.38
515	24.61	47.42
515	24.57	47.41
515	24.6	47.5
515	24.58	47.45
514	24.61	47.45
515	24.58	47.44
515	24.6	47.47
516	24.58	47.43
517	24.61	47.39
517	24.61	47.36
518	24.57	47.39
518	24.57	47.32
517	24.58	47.35
517	24.58	47.37
518	24.6	47.42
519	24.58	47.43
519	24.6	47.44
520	24.61	47.46
520	24.61	47.46
520	24.61	47.36
518	24.58	47.31
518	24.61	47.3
520	24.61	47.32
520	24.6	47.31
520	24.58	47.24
520	24.61	47.28
520	24.6	47.4
521	24.61	47.41
521	24.6	47.42
521	24.61	47.44
522	24.62	47.42
521	24.6	47.46
522	24.61	47.44
521	24.61	47.4
521	24.62	47.38
523	24.61	47.33
523	24.61	47.25
523	24.6	47.32
523	24.6	47.35
523	24.61	47.33
523	24.62	47.4
523	24.61	47.39
523	24.61	47.35
522	24.6	47.39
521	24.61	47.34
522	24.61	47.32
521	24.61	47.4
522	24.62	47.33
522	24.62	47.32
521	24.6	47.33
521	24.61	47.26
521	24.62	47.34
521	24.62	47.39
521	24.62	47.4
521	24.62	47.4
521	24.64	47.4
521	24.62	47.39
520	24.62	47.43
522	24.61	47.38
522	24.64	47.35
522	24.62	47.41
521	24.62	47.46
521	24.62	47.44
522	24.62	47.38
522	24.65	47.43
523	24.64	47.36
523	24.62	47.36
523	24.62	47.4
524	24.61	47.41
525	24.64	47.4
525	24.62	47.44
526	24.61	47.45
527	24.62	47.49
527	24.62	47.41
527	24.61	47.36
527	24.62	47.31
526	24.62	47.25
525	24.64	47.28
525	24.61	47.38
525	24.62	47.5
525	24.62	47.48
526	24.62	47.44
526	24.61	47.47
525	24.64	47.41
526	24.64	47.45
527	24.62	47.5
528	24.64	47.5
530	24.64	47.33
529	24.64	47.38
528	24.64	47.41
528	24.62	47.39
529	24.62	47.4
530	24.64	47.4
530	24.62	47.34
529	24.62	47.28
530	24.65	47.34
531	24.65	47.32
531	24.64	47.34
531	24.64	47.36
530	24.65	47.45
529	24.65	47.45
529	24.65	47.46
530	24.67	47.42
529	24.67	47.36
527	24.68	47.37
527	24.7	47.39
528	24.68	47.41
529	24.67	47.39
528	24.68	47.36
528	24.67	47.35
529	24.67	47.25
528	24.68	47.3
528	24.65	47.28
528	24.68	47.3
527	24.67	47.26
528	24.68	47.26
528	24.67	47.29
528	24.65	47.26
528	24.67	47.27
527	24.65	47.34
527	24.65	47.28
526	24.65	47.34
526	24.68	47.37
524	24.67	47.38
525	24.65	47.33
524	24.65	47.37
523	24.65	47.4
522	24.68	47.45
522	24.67	47.44
522	24.65	47.45
522	24.67	47.48
521	24.7	47.44
522	24.68	47.47
522	24.67	47.4
523	24.67	47.38
523	24.67	47.4
524	24.68	47.47
525	24.7	47.45
526	24.67	47.46
526	24.68	47.49
528	24.68	47.49
529	24.7	47.48
532	24.67	47.46
531	24.68	47.5
533	24.7	47.53
534	24.71	47.52
534	24.68	47.49
535	24.7	47.48
536	24.68	47.46
536	24.68	47.46
538	24.7	47.49
539	24.7	47.48
539	24.7	47.48
539	24.68	47.49
541	24.67	47.47
542	24.7	47.5
543	24.7	47.5
546	24.7	47.43
546	24.68	47.43
547	24.7	47.59
547	24.68	47.61
547	24.68	47.64
547	24.68	47.62
549	24.7	47.58
549	24.68	47.55
549	24.71	47.51
551	24.68	47.55
552	24.68	47.6
552	24.7	47.52
553	24.7	47.46
554	24.71	47.39
555	24.68	47.43
556	24.68	47.52
555	24.7	47.65
557	24.71	47.64
557	24.7	47.64
557	24.67	47.58
559	24.67	47.59
559	24.67	47.58
559	24.7	47.64
559	24.7	47.61
559	24.71	47.6
559	24.7	47.65
560	24.71	47.7
560	24.7	47.72
560	24.71	47.76
560	24.68	47.73
561	24.71	47.71
561	24.7	47.68
561	24.71	47.62
562	24.71	47.66
563	24.7	47.69
565	24.7	47.64
565	24.7	47.69
565	24.7	47.62
565	24.7	47.58
565	24.71	47.53
566	24.7	47.59
567	24.71	47.68
567	24.68	47.63
567	24.71	47.62
567	24.71	47.59
567	24.7	47.62
567	24.71	47.63
568	24.7	47.67
568	24.72	47.66
568	24.72	47.66
569	24.72	47.61
568	24.7	47.68
568	24.71	47.64
569	24.71	47.59
569	24.72	47.59
571	24.71	47.68
570	24.71	47.64
570	24.71	47.64
570	24.71	47.64
571	24.72	47.61
571	24.74	47.53
571	24.71	47.64
571	24.72	47.71
572	24.7	47.66
571	24.7	47.66
570	24.7	47.7
571	24.72	47.66
572	24.71	47.63
572	24.72	47.69
571	24.72	47.7
571	24.71	47.69
569	24.7	47.71
570	24.72	47.75
569	24.72	47.73
570	24.72	47.71
570	24.74	47.74
570	24.72	47.67
570	24.71	47.67
570	24.71	47.69
570	24.71	47.72
570	24.72	47.68
571	24.72	47.61
570	24.72	47.68
570	24.72	47.61
570	24.74	47.61
570	24.75	47.61
570	24.74	47.58
570	24.72	47.55
569	24.75	47.53
568	24.72	47.57
568	24.74	47.5
568	24.72	47.51
568	24.72	47.6
568	24.74	47.57
568	24.74	47.64
568	24.74	47.63
568	24.71	47.62
567	24.72	47.65
567	24.71	47.61
567	24.74	47.47
567	24.72	47.45
566	24.74	47.5
566	24.74	47.53
566	24.7	47.64
565	24.72	47.63
565	24.72	47.64
565	24.71	47.63
563	24.71	47.64
563	24.71	47.62
564	24.71	47.66
564	24.74	47.64
564	24.7	47.64
565	24.71	47.66
565	24.74	47.63
565	24.72	47.74
564	24.74	47.71
565	24.71	47.66
565	24.74	47.68
566	24.71	47.73
566	24.72	47.66
566	24.72	47.68
567	24.71	47.67
567	24.72	47.71
567	24.72	47.72
567	24.72	47.71
567	24.72	47.68
568	24.74	47.65
567	24.77	47.66
569	24.75	47.71
570	24.72	47.62
570	24.74	47.65
569	24.74	47.59
567	24.72	47.55
565	24.74	47.5
564	24.74	47.67
564	24.72	47.7
564	24.74	47.7
564	24.74	47.61
564	24.72	47.63
564	24.74	47.65
564	24.78	47.65
565	24.75	47.66
565	24.74	47.66
565	24.77	47.66
566	24.74	47.7
565	24.75	47.57
565	24.75	47.58
566	24.77	47.55
565	24.74	47.67
565	24.75	47.7
566	24.74	47.77
566	24.77	47.69
567	24.74	47.65
567	24.75	47.62
567	24.75	47.65
566	24.77	47.63
565	24.75	47.63
565	24.77	47.55
564	24.75	47.59
564	24.75	47.61
564	24.75	47.51
563	24.75	47.46
562	24.77	47.5
561	24.74	47.5
558	24.75	47.49
558	24.75	47.46
559	24.74	47.53
559	24.75	47.62
559	24.74	47.68
559	24.74	47.69
559	24.75	47.67
559	24.72	47.61
559	24.74	47.63
559	24.74	47.66
560	24.74	47.66
561	24.75	47.66
560	24.74	47.71
561	24.74	47.66
562	24.75	47.71
562	24.74	47.71
562	24.74	47.65
562	24.75	47.62
563	24.77	47.65
562	24.75	47.63
563	24.77	47.6
562	24.75	47.64
562	24.75	47.63
562	24.75	47.62
562	24.75	47.63
563	24.74	47.66
564	24.77	47.73
564	24.74	47.71
565	24.77	47.67
565	24.75	47.57
565	24.74	47.55
564	24.77	47.54
565	24.74	47.57
564	24.78	47.59
564	24.77	47.62
564	24.77	47.64
563	24.75	47.59
564	24.75	47.55
564	24.77	47.6
566	24.75	47.62
566	24.77	47.67
566	24.75	47.62
565	24.78	47.53
565	24.77	47.51
564	24.77	47.48
564	24.78	47.47
564	24.77	47.52
565	24.77	47.55
564	24.77	47.53
565	24.78	47.55
566	24.79	47.5
566	24.79	47.54
568	24.78	47.5
567	24.78	47.53
567	24.78	47.5
566	24.78	47.52
565	24.78	47.52
565	24.78	47.49
563	24.81	47.53
563	24.77	47.52
562	24.81	47.51
561	24.78	47.48
561	24.79	47.53
561	24.79	47.53
561	24.81	47.53
561	24.79	47.5
562	24.79	47.57
561	24.81	47.56
560	24.79	47.64
558	24.81	47.6
558	24.79	47.52
557	24.79	47.55
557	24.83	47.55
557	24.82	47.57
557	24.83	47.54
557	24.82	47.6
557	24.82	47.61
557	24.79	47.6
555	24.82	47.6
555	24.82	47.63
556	24.82	47.61
555	24.83	47.69
556	24.81	47.61
556	24.82	47.67
556	24.82	47.7
556	24.81	47.63
556	24.82	47.66
557	24.82	47.61
557	24.79	47.64
558	24.83	47.75
558	24.82	47.78
557	24.82	47.79
558	24.83	47.82
559	24.81	47.82
559	24.83	47.83
558	24.82	47.77
559	24.82	47.79
560	24.82	47.9
560	24.81	47.78
560	24.86	47.72
560	24.85	47.71
560	24.83	47.77
560	24.83	47.71
560	24.83	47.72
560	24.81	47.77
560	24.85	47.79
560	24.85	47.93
561	24.88	47.99
561	24.83	48.13
561	24.83	48.01
562	24.83	47.95
562	24.85	47.9
562	24.83	47.93
562	24.83	48.11
563	24.86	48.22
564	24.88	48.07
564	24.85	47.89
564	24.86	47.8
564	24.86	47.87
564	24.86	47.99
564	24.86	48.14
564	24.89	48.11
564	24.86	48.22
565	24.83	48.22
565	24.85	48.78
568	24.85	48.79
568	24.86	48.6
574	24.88	48.49
574	24.85	48.28
576	24.88	48.24
578	24.88	48.21
580	24.88	48.2
582	24.88	48.16
583	24.86	48.27
583	24.86	48.22
583	24.88	48.22
585	24.86	48.18
586	24.85	48.21
587	24.88	48.22
586	24.83	48.2
588	24.88	48.12
588	24.85	48.18
587	24.86	48.18
587	24.85	48.24
588	24.86	48.2
588	24.88	48.25
588	24.86	48.31
589	24.85	48.35
589	24.86	48.36
589	24.88	48.26
590	24.83	48.35
591	24.85	48.31
590	24.86	48.42
591	24.85	48.63
591	24.88	48.67
592	24.88	48.56
593	24.86	48.43
594	24.86	48.54
594	24.88	48.5
595	24.86	48.59
597	24.85	48.67
601	24.86	48.72
602	24.88	48.71
602	24.89	48.65
603	24.91	48.74
604	24.88	48.79
607	24.88	48.8
609	24.89	48.71
615	24.89	48.7
616	24.92	48.71
619	24.92	48.73
619	24.88	48.72
619	24.91	48.64
620	24.89	48.61
622	24.89	48.58
622	24.89	48.64
623	24.89	48.64
623	24.91	48.56
624	24.91	48.64
625	24.89	48.67
625	24.93	48.78
627	24.92	48.81
627	24.92	48.79
631	24.92	48.78
633	24.91	48.74
634	24.91	48.69
636	24.92	48.64
636	24.91	48.61
636	24.91	48.61
637	24.91	48.68
639	24.92	48.64
642	24.92	48.65
644	24.92	48.63
644	24.93	48.64
645	24.92	48.71
648	24.91	48.71
648	24.89	48.69
649	24.92	48.68
656	24.93	48.65
657	24.93	48.62
660	24.92	48.64
660	24.92	48.68
662	24.93	48.73
663	24.92	48.71
664	24.95	48.8
665	24.93	48.74
666	24.93	48.78
667	24.93	48.76
668	24.92	48.75
668	24.93	48.75
669	24.93	48.75
669	24.93	48.74
671	24.93	48.82
678	24.95	48.83
680	24.95	48.75
679	24.93	48.75
680	24.92	48.78
680	24.95	48.82
681	24.93	48.8
681	24.95	48.94
682	24.92	49.02
683	24.93	48.95
683	24.95	49.0
684	24.98	48.93
685	24.98	48.98
686	24.93	48.95
686	24.93	49.08
686	24.92	49.09
690	24.96	49.01
690	24.96	48.95
690	24.95	48.93
690	24.93	49.0
690	24.92	49.01
691	24.96	48.98
691	24.96	49.02
692	24.96	49.11
696	24.93	49.2
700	24.96	49.17
699	24.96	49.05
701	24.95	49.05
701	24.96	48.98
701	24.98	48.95
701	24.98	49.02
702	24.98	49.09
701	24.96	49.05
701	24.96	49.04
701	24.96	49.05
701	24.98	49.2
701	24.99	49.12
701	24.96	49.1
701	24.98	49.1
702	24.96	49.16
707	24.98	49.12
708	24.98	49.22
710	24.98	49.15
710	24.98	49.1
710	24.98	49.15
711	24.99	49.05
711	24.99	49.03
711	24.99	49.03
711	24.98	49.04
712	24.99	49.17
712	24.99	49.16
713	24.99	49.14
716	24.99	49.17
715	25.0	49.16
715	25.0	49.14
715	25.0	49.15
715	24.98	49.22
716	25.0	49.27
717	25.0	49.11
720	25.0	49.03
720	24.99	49.2
720	25.0	49.22
719	25.02	49.18
720	25.0	49.08
720	25.0	48.94
721	24.99	49.09
721	25.03	49.16
721	24.99	49.14
722	25.03	49.13
722	25.0	49.14
721	25.02	48.99
720	25.0	49.08
720	25.0	49.09
720	25.02	49.04
721	24.99	49.03
720	25.0	48.96
719	25.02	49.12
719	25.02	49.02
719	25.0	48.92
719	25.02	49.08
718	25.0	49.07
718	25.03	49.14
718	24.99	49.14
719	25.02	49.1
718	25.02	49.13
719	25.0	49.22
719	25.0	49.22
720	25.02	49.22
722	25.02	49.2
721	25.05	49.22
721	25.02	49.32
722	25.0	49.32
722	25.03	49.26
723	25.03	49.1
723	25.03	49.03
723	25.03	48.99
724	25.03	48.95
724	25.02	49.22
724	25.02	49.38
724	25.02	49.43
723	25.02	49.52
724	25.0	49.49
724	25.02	49.41
725	25.02	49.35
725	25.02	49.22
725	25.05	49.08
725	25.0	49.09
725	25.02	48.99
725	25.02	48.91
725	25.02	48.96
723	25.02	49.02
723	25.02	49.02
724	25.03	49.04
723	25.05	49.04
723	25.02	48.97
723	25.02	48.92
723	25.02	48.9
723	25.02	48.95
722	24.99	49.03
721	25.02	49.08
718	25.03	49.14
718	25.03	49.33
718	25.0	49.34
716	25.02	49.35
716	25.03	49.31
715	25.02	49.13
715	25.02	49.13
715	25.02	49.12
715	25.02	49.34
715	25.03	49.37
716	25.03	49.28
715	25.05	49.31
716	25.05	49.26
715	25.03	49.31
715	25.06	49.29
716	25.05	49.22
716	25.03	49.22
715	25.03	49.27
717	25.05	49.32
718	25.05	49.34
720	25.08	49.34
720	25.05	49.3
720	25.06	49.27
721	25.08	49.17
721	25.06	49.07
720	25.05	49.11
720	25.05	49.14
720	25.05	49.18
721	25.05	49.16
723	25.08	49.22
723	25.08	49.29
724	25.08	49.28
724	25.05	49.05
723	25.08	48.96
723	25.08	48.94
722	25.06	49.03
722	25.05	49.13
721	25.08	49.1
721	25.08	49.11
721	25.05	49.15
720	25.08	49.09
720	25.08	49.04
720	25.08	49.16
720	25.05	49.32
719	25.08	49.25
718	25.09	49.16
717	25.08	49.2
717	25.06	49.29
717	25.09	49.43
716	25.08	49.33
717	25.09	49.21
717	25.09	49.17
717	25.1	49.17
718	25.08	49.28
718	25.09	49.39
718	25.09	49.44
719	25.09	49.48
720	25.1	49.44
722	25.09	49.45
722	25.09	49.46
722	25.12	49.47
721	25.12	49.38
722	25.1	49.27
721	25.13	49.27
721	25.15	49.2
721	25.15	49.12
721	25.15	49.17
721	25.16	49.18
722	25.15	49.17
720	25.13	49.12
718	25.13	49.12
718	25.16	49.15
717	25.18	49.0
717	25.18	49.1
716	25.19	49.11
718	25.19	49.15
718	25.19	49.01
717	25.19	48.99
717	25.19	49.03
717	25.16	49.04
716	25.18	49.05
716	25.2	49.05
716	25.19	49.03
716	25.19	49.05
716	25.19	48.98
716	25.18	48.98
715	25.18	48.91
715	25.19	48.7
714	25.18	48.63
712	25.19	48.35
709	25.19	48.04
708	25.2	48.13
704	25.18	47.98
698	25.18	48.05
695	25.19	48.14
693	25.16	48.08
691	25.15	47.45
682	25.15	47.04
679	25.16	47.01
665	25.15	47.25
661	25.15	47.75
651	25.15	47.71
647	25.16	47.33
639	25.13	47.08
635	25.15	46.65
614	25.13	46.3
608	25.12	46.36
598	25.13	46.72
587	25.1	46.84
585	25.12	47.03
580	25.1	46.91
579	25.15	46.52
576	25.12	46.44
569	25.12	46.31
562	25.12	46.14
556	25.13	46.03
549	25.12	45.97
547	25.13	45.82
542	25.1	46.16
542	25.1	46.55
539	25.1	47.19
538	25.12	47.76
537	25.1	47.76
537	25.15	47.67
538	25.16	47.67
539	25.13	47.79
540	25.15	47.83
545	25.16	47.87
549	25.13	47.8
557	25.19	47.7
565	25.16	47.75
571	25.16	47.69
577	25.16	47.8
581	25.19	47.63
582	25.22	47.55
583	25.2	47.54
583	25.19	47.52
583	25.2	47.51
584	25.2	47.39
584	25.23	47.46
584	25.25	47.79
584	25.27	47.48
584	25.27	47.2
584	25.27	47.17
584	25.29	47.34
584	25.29	47.43
584	25.27	47.43
584	25.29	47.34
584	25.26	47.35
584	25.26	47.36
584	25.29	47.52
584	25.27	47.6
584	25.25	47.7
584	25.22	47.62
584	25.23	47.64
584	25.19	47.64
584	25.22	47.61
584	25.2	47.61
584	25.2	47.56
584	25.18	47.54
584	25.18	47.55
584	25.18	47.59
584	25.16	47.73
584	25.16	47.81
584	25.15	47.75
584	25.16	47.69
584	25.13	47.72
584	25.15	47.79
584	25.13	47.84
584	25.13	47.81
584	25.1	47.86
584	25.12	47.85
584	25.12	47.82
584	25.12	47.77
584	25.1	47.78
584	25.12	47.72
584	25.13	47.73
584	25.12	47.75
584	25.13	47.74
584	25.12	47.79
584	25.12	47.81
584	25.13	47.77
584	25.12	47.82
584	25.12	47.78
584	25.13	47.83
584	25.15	47.82
584	25.15	47.82
584	25.15	47.78
584	25.13	47.82
584	25.15	47.82
584	25.15	47.82
584	25.16	47.82
584	25.16	47.77
584	25.16	47.81
584	25.15	47.82
584	25.19	47.81
584	25.19	47.79
584	25.18	47.81
584	25.18	47.82
584	25.18	47.82
584	25.19	47.86
584	25.18	47.85
584	25.18	47.83
584	25.19	47.83
584	25.23	47.83
584	25.22	47.86
584	25.22	47.83
584	25.2	47.79
584	25.23	47.79
584	25.22	47.8
584	25.23	47.76
584	25.22	47.8
584	25.22	47.79
584	25.23	47.76
584	25.26	47.73
584	25.23	47.72
584	25.23	47.72
584	25.23	47.72
584	25.25	47.92
584	25.23	47.76
584	25.23	47.74
584	25.25	47.75
584	25.26	47.71
584	25.25	47.7
584	25.23	47.66
584	25.27	47.69
584	25.26	47.67
584	25.27	47.63
584	25.26	47.55
584	25.25	47.56
584	25.26	47.57
584	25.26	47.67
584	25.27	47.57
584	25.29	47.45
584	25.27	47.46
584	25.26	47.45
584	25.27	47.52
584	25.29	47.52
584	25.29	47.47
584	25.27	47.51
584	25.27	47.5
584	25.27	47.53
584	25.3	47.51
584	25.27	47.51
584	25.27	47.51
584	25.3	47.41
584	25.29	47.4
584	25.3	47.41
584	25.3	47.41
584	25.29	47.43
584	25.29	47.4
584	25.32	47.41
584	25.3	47.39
584	25.32	47.37
584	25.32	47.41
584	25.33	47.42
584	25.32	47.35
584	25.33	47.36
584	25.32	47.35
584	25.33	47.35
584	25.32	47.31
584	25.33	47.33
584	25.32	47.31
584	25.33	47.33
584	25.34	47.34
584	25.33	47.32
584	25.33	47.3
584	25.33	47.31
584	25.32	47.3
584	25.33	47.3
584	25.34	47.32
584	25.34	47.28
584	25.34	47.28
584	25.36	47.24
584	25.36	47.24
584	25.34	47.23
584	25.36	47.24
584	25.34	47.25
584	25.34	47.24
584	25.34	47.21
584	25.34	47.23
584	25.36	47.23
584	25.36	47.31
584	25.36	47.27
584	25.38	47.25
584	25.34	47.29
584	25.34	47.24
584	25.36	47.25
584	25.34	47.21
584	25.34	47.21
584	25.36	47.19
584	25.36	47.19
584	25.36	47.2
584	25.37	47.3
584	25.36	47.29
584	25.38	47.3
584	25.37	47.3
584	25.36	47.33
584	25.37	47.32
584	25.36	47.3
584	25.38	47.27
584	25.38	47.31
584	25.38	47.33
584	25.37	47.25
584	25.38	47.29
584	25.37	47.28
584	25.38	47.25
584	25.37	47.26
584	25.38	47.19
584	25.38	47.17
584	25.41	47.18
584	25.38	47.19
584	25.38	47.15
584	25.4	47.2
584	25.41	47.14
584	25.43	47.16
584	25.41	47.15
584	25.41	47.14
584	25.41	47.17
584	25.41	47.15
584	25.41	47.15
584	25.4	47.16
584	25.43	47.17
584	25.41	47.12
584	25.44	47.09
584	25.4	47.13
584	25.43	47.16
584	25.44	47.08
584	25.44	47.14
584	25.46	47.17
584	25.44	47.09
584	25.44	47.12
584	25.43	47.13
584	25.46	47.17
584	25.47	47.12
584	25.47	47.1
584	25.46	47.11
584	25.46	47.05
584	25.46	47.03
584	25.48	46.97
584	25.48	46.96
584	25.5	46.93
584	25.46	46.96
584	25.5	46.99
584	25.48	46.95
584	25.5	46.93
584	25.47	46.92
584	25.48	46.99
584	25.5	46.97
584	25.5	47.0
584	25.5	47.0
584	25.5	47.08
584	25.48	46.99
584	25.5	46.95
584	25.5	46.87
584	25.47	46.89
584	25.51	46.92
584	25.51	46.9
584	25.5	46.97
584	25.51	46.94
584	25.51	46.98
584	25.53	46.96
584	25.53	46.91
584	25.48	46.93
584	25.51	46.91
584	25.54	46.91
584	25.5	46.9
584	25.53	46.93
584	25.51	46.92
584	25.53	46.86
584	25.53	46.91
584	25.54	46.94
584	25.53	47.0
584	25.53	47.01
584	25.53	47.04
584	25.54	47.03
584	25.53	47.0
584	25.51	46.97
584	25.54	46.96
584	25.51	46.94
584	25.54	46.92
584	25.51	46.91
584	25.53	46.92
584	25.54	46.89
584	25.53	46.9
584	25.54	46.95
584	25.54	46.87
584	25.53	46.89
584	25.54	46.92
584	25.53	46.95
584	25.53	46.94
584	25.54	46.97
584	25.53	47.0
584	25.54	46.96
584	25.54	46.91
584	25.53	46.92
584	25.54	46.9
584	25.53	46.89
584	25.53	46.9
584	25.54	46.87
584	25.56	46.8
584	25.54	46.75
584	25.56	46.79
584	25.54	46.77
584	25.56	46.79
584	25.53	46.7
584	25.56	46.77
584	25.57	46.76
584	25.57	46.74
584	25.56	46.74
584	25.57	46.79
584	25.57	46.78
584	25.57	46.81
584	25.56	46.8
584	25.57	46.81
584	25.56	46.84
584	25.57	46.82
584	25.56	46.8
584	25.57	46.79
584	25.56	46.79
584	25.56	46.73
584	25.57	46.77
584	25.57	46.77
584	25.54	46.77
584	25.54	46.81
584	25.57	46.74
584	25.56	46.81
584	25.57	46.77
584	25.57	46.75
584	25.57	46.72
584	25.56	46.73
584	25.56	46.73
584	25.57	47.13
584	25.56	47.08
584	25.56	46.9
584	25.57	46.78
584	25.56	46.73
584	25.57	46.7
584	25.57	46.76
584	25.56	46.7
584	25.56	46.71
584	25.6	46.78
584	25.58	46.72
584	25.56	46.71
584	25.6	46.83
584	25.6	46.76
584	25.57	46.7
584	25.6	46.66
584	25.58	46.69
584	25.6	46.61
584	25.57	46.64
584	25.6	46.75
584	25.6	47.32
584	25.61	46.85
584	25.6	46.64
584	25.58	46.65
584	25.6	46.63
584	25.6	46.64
584	25.6	46.6
584	25.6	46.6
584	25.61	46.65
584	25.61	46.64
584	25.61	46.63
584	25.6	46.59
584	25.6	46.6
584	25.6	46.6
584	25.63	46.64
584	25.61	46.62
584	25.61	46.65
584	25.6	46.6
584	25.6	46.6
584	25.58	46.59
584	25.61	46.55
584	25.61	46.64
584	25.6	46.64
584	25.6	46.64
584	25.63	46.63
584	25.58	46.63
584	25.61	46.64
584	25.6	46.77
584	25.6	46.68
584	25.61	46.62
584	25.58	46.62
584	25.6	46.64
584	25.6	46.86
584	25.61	46.65
584	25.6	47.31
584	25.6	47.1
584	25.61	46.79
584	25.6	46.67
584	25.6	46.65
584	25.63	46.58
584	25.61	46.6
584	25.63	46.62
584	25.61	46.85
584	25.63	46.71
584	25.6	46.66
584	25.61	46.65
584	25.61	46.67
584	25.61	46.65
584	25.63	46.87
584	25.63	46.71
584	25.63	46.6
584	25.61	46.58
584	25.64	46.52
584	25.63	46.56
584	25.61	46.55
584	25.61	46.55
584	25.61	46.56
584	25.65	46.58
584	25.61	46.58
584	25.64	46.59
584	25.63	46.62
584	25.65	46.68
584	25.61	46.65
584	25.63	46.58
584	25.61	46.6
584	25.61	46.54
584	25.61	46.57
584	25.63	46.58
584	25.61	46.6
584	25.63	46.57
584	25.64	46.53
584	25.63	46.57
584	25.63	46.59
584	25.64	46.57
584	25.63	46.59
584	25.64	46.79
584	25.63	46.68
584	25.64	46.51
584	25.65	46.53
584	25.61	46.58
584	25.63	46.58
584	25.65	46.57
584	25.64	46.57
584	25.64	46.54
584	25.64	46.56
584	25.61	46.56
584	25.65	46.57
584	25.64	46.54
584	25.65	46.61
584	25.65	46.61
584	25.65	46.58
584	25.65	46.57
584	25.64	46.58
584	25.65	46.79
584	25.65	46.88
584	25.64	46.63
584	25.65	46.61
584	25.65	46.59
584	25.64	46.51
584	25.67	46.67
584	25.64	46.72
584	25.64	46.65
584	25.64	46.55
584	25.63	46.49
584	25.65	46.49
584	25.65	46.51
584	25.65	46.55
584	25.65	46.54
584	25.65	46.45
584	25.64	46.5
584	25.64	46.57
584	25.65	46.55
584	25.65	46.54
584	25.67	46.53
584	25.64	46.51
584	25.65	46.48
584	25.63	46.55
584	25.64	46.54
584	25.63	46.52
584	25.64	46.52
584	25.63	46.65
584	25.63	46.83
584	25.64	46.67
584	25.64	46.54
584	25.67	46.54
584	25.64	46.5
584	25.64	46.46
584	25.65	46.52
584	25.63	46.51
584	25.65	46.51
584	25.65	46.53
584	25.67	46.49
584	25.63	46.54
584	25.65	46.51
584	25.67	46.51
584	25.65	46.51
584	25.64	46.49
584	25.65	46.47
584	25.67	46.45
584	25.65	46.47
584	25.67	46.45
584	25.64	46.46
584	25.65	46.45
584	25.65	46.48
584	25.65	46.46
584	25.67	46.51
584	25.67	46.46
584	25.65	46.49
584	25.67	46.5
584	25.68	46.44
584	25.65	46.79
584	25.65	46.61
584	25.68	46.49
584	25.64	46.48
584	25.67	46.37
584	25.67	46.39
584	25.68	46.43
584	25.68	46.43
584	25.68	46.44
584	25.67	46.42
584	25.68	46.42
584	25.68	46.43
584	25.68	46.38
584	25.67	46.41
584	25.67	46.4
584	25.67	46.44
584	25.68	46.42
584	25.67	46.38
584	25.67	46.42
584	25.67	46.4
584	25.68	46.46
584	25.7	46.42
584	25.7	46.42
584	25.67	46.43
584	25.73	46.41
584	25.68	46.41
584	25.7	46.41
584	25.71	46.38
584	25.71	46.36
584	25.68	46.37
584	25.71	46.36
584	25.7	46.4
584	25.7	46.46
584	25.71	46.32
584	25.71	46.35
584	25.7	46.35
584	25.73	46.4
584	25.71	46.35
584	25.7	46.31
584	25.73	46.32
584	25.7	46.34
584	25.74	46.48
584	25.7	46.54
584	25.73	46.48
584	25.73	46.38
584	25.71	46.97
584	25.71	46.66
584	25.74	46.47
584	25.74	46.46
584	25.74	46.32
584	25.73	46.41
584	25.74	46.44
584	25.75	46.58
584	25.74	46.7
584	25.74	46.52
584	25.74	46.36
584	25.75	46.3
584	25.75	46.27
584	25.73	46.23
584	25.74	46.29
584	25.75	46.29
584	25.75	46.27
584	25.75	46.26
584	25.74	46.26
584	25.75	46.2
584	25.74	46.32
584	25.73	46.22
584	25.74	46.18
584	25.75	46.2
584	25.77	46.21
584	25.75	46.21
584	25.74	46.28
584	25.74	46.46
584	25.75	46.43
584	25.73	46.38
584	25.75	46.34
584	25.75	46.27
584	25.75	46.29
584	25.77	46.2
584	25.78	46.16
584	25.77	46.26
584	25.74	46.41
584	25.77	46.5
584	25.75	46.43
584	25.74	46.49
584	25.75	46.44
584	25.77	46.48
584	25.78	46.38
584	25.74	46.33
584	25.74	46.32
584	25.75	46.46
584	25.77	46.5
584	25.74	46.41
584	25.75	46.41
584	25.75	46.37
584	25.75	46.35
584	25.77	46.29
584	25.75	46.28
584	25.75	46.22
584	25.77	46.31
584	25.77	46.27
584	25.75	46.22
584	25.77	46.17
584	25.78	46.2
584	25.75	46.21
584	25.77	46.23
584	25.78	46.21
584	25.8	46.17
584	25.77	46.21
584	25.78	46.2
584	25.77	46.13
584	25.77	46.15
584	25.8	46.14
584	25.74	46.12
584	25.78	46.21
584	25.77	46.21
584	25.74	46.41
584	25.77	46.64
584	25.77	46.33
584	25.77	46.27
584	25.77	46.3
584	25.77	46.31
584	25.77	46.37
584	25.8	46.46
584	25.77	46.26
584	25.78	46.24
584	25.75	46.27
584	25.77	46.25
584	25.75	46.39
584	25.77	46.35
584	25.77	46.38
584	25.8	46.31
584	25.77	46.33
584	25.77	46.41
584	25.8	46.34
584	25.81	46.32
584	25.77	46.36
584	25.77	46.36
584	25.77	46.38
584	25.8	46.36
584	25.77	46.37
584	25.77	46.32
584	25.8	46.27
584	25.8	46.25
584	25.8	46.25
584	25.78	46.2
584	25.8	46.22
584	25.77	46.25
584	25.8	46.2
584	25.8	46.21
584	25.78	46.23
584	25.8	46.23
584	25.8	46.19
584	25.81	46.15
584	25.81	46.14
584	25.8	46.08
584	25.8	46.13
584	25.81	46.12
584	25.77	46.13
584	25.82	46.15
584	25.8	46.13
584	25.8	46.14
584	25.81	46.16
584	25.81	46.07
584	25.82	46.09
584	25.81	46.02
584	25.8	45.97
584	25.81	45.98
584	25.84	45.96
584	25.82	46.0
584	25.82	46.02
584	25.81	46.0
584	25.82	46.0
584	25.82	46.03
584	25.82	46.23
584	25.85	46.17
584	25.84	46.17
584	25.82	46.13
584	25.82	46.16
584	25.81	46.12
584	25.82	46.08
584	25.82	46.08
584	25.82	46.0
584	25.82	46.02
584	25.84	46.0
584	25.82	46.04
584	25.85	45.98
584	25.82	46.02
584	25.85	46.07
584	25.82	46.08
584	25.85	46.02
584	25.84	46.05
584	25.85	45.98
584	25.82	46.0
584	25.84	45.98
584	25.81	45.96
584	25.87	45.86
584	25.88	45.9
584	25.87	45.86
584	25.84	45.85
584	25.84	45.84
584	25.84	45.85
584	25.85	45.84
584	25.89	45.85
584	25.88	45.82
584	25.88	45.8
584	25.88	45.78
584	25.89	45.78
584	25.87	45.77
584	25.87	45.76
584	25.88	45.77
584	25.88	45.79
584	25.88	45.8
584	25.87	45.72
584	25.87	45.72
584	25.89	45.71
584	25.89	45.72
584	25.88	45.73
584	25.89	45.7
584	25.89	45.74
584	25.89	45.72
584	25.89	45.7
584	25.89	45.7
584	25.91	45.69
584	25.91	45.73
584	25.91	45.69
584	25.91	45.67
584	25.92	45.71
584	25.91	45.64
584	25.89	45.7
584	25.92	45.67
584	25.91	45.69
584	25.92	45.69
584	25.94	45.72
584	25.92	45.65
584	25.94	45.58
584	25.92	45.67
584	25.91	45.65
584	25.95	45.65
584	25.92	45.66
584	25.92	45.62
584	25.94	45.62
584	25.89	45.65
584	25.92	45.62
584	25.94	45.61
584	25.92	45.58
584	25.91	45.57
584	25.92	45.58
584	25.92	45.55
584	25.94	45.53
584	25.92	45.51
584	25.94	45.5
584	25.92	45.51
584	25.92	45.57
584	25.91	45.76
584	25.92	45.66
584	25.91	45.61
584	25.92	45.66
584	25.91	45.66
584	25.91	45.59
584	25.91	45.6
584	25.91	45.58
584	25.89	45.58
584	25.89	45.57
584	25.94	45.55
584	25.89	45.57
584	25.91	45.57
584	25.91	45.63
584	25.91	45.63
584	25.91	45.6
584	25.94	45.6
584	25.92	45.65
584	25.92	45.71
584	25.91	45.7
584	25.91	45.7
584	25.92	45.67
584	25.92	45.64
584	25.91	45.63
584	25.89	45.67
584	25.94	45.66
584	25.92	45.63
584	25.92	45.65
584	25.94	45.58
584	25.94	45.66
584	25.94	45.66
584	25.95	45.67
584	25.94	45.65
584	25.95	45.63
584	25.94	45.61
584	25.95	45.67
584	25.94	45.6
584	25.95	45.54
584	25.94	45.52
584	25.94	45.5
584	25.95	45.5
584	25.95	45.56
584	25.94	45.55
584	25.94	45.5
584	25.94	45.47
584	25.95	45.52
584	25.96	45.58
584	25.95	45.53
584	25.92	45.57
584	25.92	45.49
584	25.94	45.56
584	25.94	45.5
584	25.95	45.54
584	25.94	45.58
584	25.92	45.6
584	25.94	45.58
584	25.94	45.56
584	25.92	45.53
584	25.92	45.53
584	25.94	45.52
584	25.92	45.52
584	25.94	45.55
584	25.94	45.5
584	25.94	45.53
584	25.92	45.5
584	25.94	45.51
584	25.94	45.51
584	25.94	45.49
584	25.92	45.51
584	25.94	45.47
584	25.94	45.46
584	25.91	45.48
584	25.91	45.46
584	25.92	45.45
584	25.92	45.42
584	25.91	45.46
584	25.91	45.46
584	25.89	45.49
584	25.91	45.48
584	25.89	45.52
584	25.89	45.52
584	25.87	45.53
584	25.91	45.56
584	25.88	45.6
584	25.88	45.6
584	25.88	45.56
584	25.85	45.6
584	25.88	45.58
584	25.88	45.57
584	25.87	45.55
584	25.87	45.57
584	25.85	45.64
584	25.85	45.65
584	25.87	45.67
584	25.87	45.71
584	25.88	45.75
584	25.88	45.69
584	25.87	45.72
584	25.87	45.66
584	25.87	45.67
584	25.88	45.67
584	25.89	45.67
584	25.87	45.67
584	25.88	45.66
584	25.88	45.62
584	25.88	45.53
584	25.88	45.58
584	25.88	45.53
584	25.89	45.54
584	25.89	45.49
584	25.85	45.52
584	25.89	45.52
584	25.91	45.45
584	25.91	45.48
584	25.91	45.55
584	25.89	45.54
584	25.91	45.46
584	25.91	45.46
584	25.89	45.43
584	25.88	45.45
584	25.89	45.42
584	25.88	45.4
584	25.88	45.35
584	25.88	45.35
584	25.88	45.37
584	25.88	45.41
584	25.88	45.36
584	25.88	45.38
584	25.88	45.42
584	25.88	45.44
584	25.88	45.43
584	25.88	45.39
584	25.88	45.43
584	25.88	45.53
584	25.89	45.46
584	25.87	45.42
584	25.88	45.47
584	25.87	45.47
584	25.91	45.46
584	25.88	45.46
584	25.87	45.47
584	25.87	45.5
584	25.88	45.51
584	25.91	45.52
584	25.87	45.52
584	25.88	45.54
584	25.88	45.53
584	25.88	45.52
584	25.87	45.5
584	25.88	45.51
584	25.88	45.52
584	25.87	45.48
584	25.87	45.47
584	25.89	45.47
584	25.87	45.44
584	25.85	45.44
584	25.88	45.47
584	25.88	45.48
584	25.87	45.58
584	25.87	45.75
584	25.89	45.65
584	25.89	45.56
584	25.91	45.49
584	25.89	45.43
584	25.88	45.36
584	25.88	45.45
584	25.89	45.46
584	25.89	45.46
584	25.88	45.43
584	25.88	45.41
584	25.91	45.38
584	25.89	45.41
584	25.88	45.41
584	25.89	45.36
584	25.92	45.32
584	25.88	45.3
584	25.91	45.29
584	25.89	45.37
584	25.88	45.49
584	25.91	45.45
584	25.89	45.42
584	25.92	45.56
584	25.94	45.97
584	25.89	45.57
584	25.88	45.47
584	25.89	45.46
584	25.88	45.53
584	25.91	45.51
584	25.89	45.46
584	25.89	45.5
584	25.88	45.47
584	25.91	45.46
584	25.88	45.44
584	25.89	45.34
584	25.89	45.35
584	25.91	45.31
584	25.91	45.33
584	25.89	45.35
584	25.91	45.33
584	25.89	45.34
584	25.91	45.31
584	25.89	45.35
584	25.91	45.38
584	25.89	45.41
584	25.89	45.44
584	25.91	45.44
584	25.91	45.47
584	25.91	45.45
584	25.92	45.42
584	25.89	45.39
584	25.91	45.42
584	25.89	45.38
584	25.91	45.37
584	25.88	45.43
584	25.91	45.42
584	25.91	45.43
584	25.91	45.42
584	25.89	45.44
584	25.88	45.46
584	25.89	45.36
584	25.91	45.41
584	25.87	45.48
584	25.87	45.44
584	25.88	45.46
584	25.88	45.45
584	25.88	45.47
584	25.88	45.52
584	25.87	45.53
584	25.88	45.54
584	25.88	45.37
584	25.88	45.26
584	25.89	45.36
584	25.88	45.42
584	25.87	45.44
584	25.88	45.39
584	25.85	45.47
584	25.88	45.54
584	25.88	45.49
584	25.87	45.52
584	25.88	45.55
584	25.88	45.56
584	25.89	45.49
584	25.88	45.49
584	25.89	45.52
584	25.88	45.48
584	25.91	45.51
584	25.88	45.52
584	25.87	45.59
584	25.89	45.56
584	25.88	45.58
584	25.88	45.6
584	25.85	45.62
584	25.87	45.58
584	25.87	45.59
584	25.87	45.59
584	25.87	45.6
584	25.87	45.57
584	25.87	45.56
584	25.89	45.62
584	25.87	45.64
584	25.89	45.6
584	25.88	45.59
584	25.87	45.42
584	25.85	45.38
584	25.88	45.39
584	25.85	45.41
584	25.87	45.45
584	25.87	45.45
584	25.85	45.45
584	25.85	45.43
584	25.85	45.48
584	25.88	45.48
584	25.87	45.46
584	25.87	45.46
584	25.87	45.48
584	25.88	45.44
584	25.85	45.45
584	25.87	45.46
584	25.84	45.42
584	25.85	45.42
584	25.85	45.45
584	25.84	45.45
584	25.87	45.5
584	25.84	45.52
584	25.84	45.46
584	25.84	45.44
584	25.85	45.44
584	25.85	45.54
584	25.85	45.56
584	25.85	45.57
584	25.84	45.62
584	25.84	45.63
584	25.81	45.57
584	25.81	45.56
584	25.81	45.56
584	25.81	45.61
584	25.81	45.6
584	25.84	45.59
584	25.8	45.61
584	25.81	45.62
584	25.81	45.64
584	25.82	45.64
584	25.78	45.65
584	25.8	45.65
584	25.81	45.69
584	25.81	45.72
584	25.78	45.71
584	25.8	45.69
584	25.75	45.73
584	25.77	45.7
584	25.77	45.76
584	25.81	45.79
584	25.77	45.7
584	25.75	45.68
584	25.75	45.67
584	25.77	45.56
584	25.75	45.64
584	25.75	45.6
584	25.75	45.51
584	25.74	45.55
584	25.77	45.56
584	25.74	45.52
584	25.73	45.61
584	25.74	45.63
584	25.75	45.66
584	25.74	45.76
584	25.73	45.75
584	25.73	45.82
584	25.75	45.81
584	25.73	45.79
584	25.73	45.83
584	25.75	45.8
584	25.73	45.8
584	25.73	45.82
584	25.74	45.83
584	25.71	45.85
584	25.71	45.81
584	25.73	45.85
584	25.71	45.83
584	25.7	45.87
584	25.71	45.87
584	25.71	45.9
584	25.71	45.88
584	25.71	45.85
584	25.73	45.81
584	25.7	45.79
584	25.71	45.88
584	25.68	45.85
584	25.71	45.9
584	25.7	45.93
584	25.7	45.92
584	25.68	45.91
584	25.71	45.94
584	25.7	45.95
584	25.7	45.91
584	25.68	45.91
584	25.71	45.94
584	25.68	45.93
584	25.71	45.9
584	25.68	45.93
584	25.7	45.96
584	25.68	45.89
584	25.7	45.97
584	25.7	45.91
584	25.68	45.85
584	25.7	45.86
584	25.7	45.83
584	25.68	45.88
584	25.7	45.97
584	25.67	45.98
584	25.68	45.89
584	25.68	45.89
584	25.68	45.95
584	25.67	45.89
584	25.67	45.95
584	25.65	45.98
584	25.67	45.93
584	25.7	45.92
584	25.67	45.94
584	25.68	45.97
584	25.67	45.93
584	25.68	45.89
584	25.67	45.88
584	25.65	45.94
584	25.67	45.93
584	25.67	45.89
584	25.67	45.94
584	25.65	45.92
584	25.67	45.93
584	25.68	45.94
584	25.64	45.96
584	25.68	45.98
584	25.68	45.93
584	25.64	45.95
584	25.68	45.94
584	25.65	45.96
584	25.64	46.04
584	25.65	46.05
584	25.64	46.01
584	25.65	45.89
584	25.64	45.88
584	25.64	45.9
584	25.64	45.9
584	25.65	45.87
584	25.64	45.91
584	25.64	45.93
584	25.67	45.98
584	25.63	45.98
584	25.64	45.96
584	25.63	45.97
584	25.63	45.95
584	25.67	45.89
584	25.64	45.94
584	25.64	45.96
584	25.65	45.98
584	25.64	46.0
584	25.63	45.96
584	25.61	45.91
584	25.64	45.92
584	25.63	45.93
584	25.6	45.96
584	25.63	45.85
584	25.63	45.89
584	25.61	45.96
584	25.63	45.96
584	25.63	45.92
584	25.64	46.01
584	25.63	45.95
584	25.6	45.97
584	25.63	45.99
584	25.61	45.92
584	25.61	45.98
584	25.63	45.98
584	25.63	45.97
584	25.61	45.93
584	25.63	45.95
584	25.63	45.85
584	25.61	45.94
584	25.58	45.93
584	25.6	45.93
584	25.63	45.94
584	25.61	45.91
584	25.61	45.87
584	25.63	45.93
584	25.63	45.96
584	25.63	45.86
584	25.61	45.89
584	25.6	45.84
584	25.63	45.86
584	25.63	45.86
584	25.63	45.84
584	25.61	45.82
584	25.6	45.81
584	25.61	45.81
584	25.6	45.88
584	25.6	45.93
584	25.64	45.92
584	25.6	45.97
584	25.6	45.87
584	25.6	45.93
584	25.6	45.86
584	25.6	45.87
584	25.58	45.81
584	25.63	45.86
584	25.58	45.9
584	25.61	45.89
584	25.58	45.87
584	25.58	45.86
584	25.57	45.93
584	25.58	45.89
584	25.58	45.87
584	25.57	45.92
584	25.57	45.88
584	25.58	45.87
584	25.6	45.85
584	25.58	45.87
584	25.6	45.91
584	25.6	45.92
584	25.58	45.92
584	25.57	45.88
584	25.57	45.89
584	25.58	45.89
584	25.58	45.93
584	25.57	45.95
584	25.6	45.97
584	25.58	45.98
584	25.57	45.97
584	25.57	45.97
584	25.58	45.98
584	25.57	45.95
584	25.57	45.98
584	25.57	45.94
584	25.56	45.95
584	25.58	45.96
584	25.57	45.95
584	25.56	45.85
584	25.57	45.88
584	25.57	45.92
584	25.57	45.94
584	25.56	45.94
584	25.56	45.99
584	25.54	46.02
584	25.56	46.04
584	25.58	45.95
584	25.57	45.9
584	25.57	45.97
584	25.56	45.94
584	25.56	45.89
584	25.57	45.93
584	25.56	45.96
584	25.56	45.95
584	25.56	45.95
584	25.54	45.91
584	25.53	45.9
584	25.56	45.89
584	25.56	45.86
584	25.56	45.83
584	25.53	45.82
584	25.53	45.83
584	25.53	45.88
584	25.54	45.79
584	25.53	45.77
584	25.53	45.74
584	25.53	45.71
584	25.53	45.68
584	25.53	45.67
584	25.53	45.73
584	25.51	45.73
584	25.53	45.75
584	25.53	45.82
584	25.54	45.84
584	25.51	45.85
584	25.51	45.87
584	25.56	45.84
584	25.53	45.88
584	25.53	45.83
584	25.51	45.86
584	25.53	45.9
584	25.53	45.92
584	25.51	45.94
584	25.53	45.93
584	25.53	45.92
584	25.53	45.94
584	25.51	45.9
584	25.54	45.91
584	25.5	45.9
584	25.51	45.94
584	25.53	45.93
584	25.5	45.97
584	25.53	45.93
584	25.48	45.94
584	25.5	46.02
584	25.48	45.99
584	25.51	46.04
584	25.51	46.01
584	25.48	45.99
584	25.5	45.97
584	25.5	45.99
584	25.5	45.98
584	25.51	46.01
584	25.48	46.0
584	25.48	45.95
584	25.5	46.0
584	25.47	46.02
584	25.48	45.98
584	25.5	45.9
584	25.47	45.93
584	25.48	45.98
584	25.47	45.99
584	25.48	46.06
584	25.48	46.02
584	25.47	46.06
584	25.47	46.02
584	25.46	46.05
584	25.47	45.97
584	25.48	45.94
584	25.5	45.99
584	25.48	46.0
584	25.47	45.98
584	25.47	45.96
584	25.47	45.9
584	25.5	45.89
584	25.48	45.83
584	25.46	45.91
584	25.5	45.98
584	25.46	46.01
584	25.46	46.0
584	25.47	46.04
584	25.47	46.0
584	25.47	46.0
584	25.46	45.95
584	25.47	45.97
584	25.46	45.95
584	25.47	45.93
584	25.44	45.96
584	25.46	45.94
584	25.46	45.95
584	25.46	45.97
584	25.46	45.91
584	25.44	45.92
584	25.44	45.93
584	25.46	45.9
584	25.48	45.87
584	25.44	45.87
584	25.46	45.9
584	25.47	45.93
584	25.46	45.88
584	25.44	45.84
584	25.44	45.88
584	25.44	45.9
584	25.44	46.02
584	25.44	45.99
584	25.46	45.89
584	25.44	45.87
584	25.46	45.85
584	25.44	45.96
584	25.43	46.0
584	25.46	46.05
584	25.43	45.97
584	25.44	45.98
584	25.46	45.96
584	25.44	45.9
584	25.46	45.93
584	25.44	45.97
584	25.47	46.03
584	25.46	46.07
584	25.44	46.01
584	25.46	45.97
584	25.44	45.94
584	25.44	45.97
584	25.47	45.85
584	25.47	45.87
584	25.47	45.83
584	25.46	45.87
584	25.43	45.93
584	25.46	45.91
584	25.46	45.76
584	25.44	45.83
584	25.43	45.85
584	25.44	45.9
584	25.43	45.87
584	25.43	45.95
584	25.44	46.0
584	25.46	46.02
584	25.44	46.07
584	25.43	46.02
584	25.41	46.03
584	25.43	45.89
584	25.44	45.9
584	25.46	45.87
584	25.43	45.93
584	25.41	45.98
584	25.41	45.97
584	25.41	45.98
584	25.41	46.05
584	25.43	46.07
584	25.41	46.04
584	25.41	46.03
584	25.44	45.94
584	25.41	45.97
584	25.41	45.92
584	25.41	45.89
584	25.43	45.81
584	25.44	45.83
584	25.43	45.98
584	25.41	46.04
584	25.43	46.07
584	25.41	46.03
584	25.41	45.98
584	25.38	46.01
584	25.41	46.0
584	25.43	46.03
584	25.4	45.98
584	25.4	45.98
584	25.37	46.02
584	25.38	45.98
584	25.38	45.98
584	25.4	45.97
584	25.4	45.88
584	25.4	45.93
584	25.37	45.91
584	25.4	45.91
584	25.38	46.01
584	25.41	45.98
584	25.4	45.99
584	25.4	45.96
584	25.43	45.99
584	25.38	45.99
584	25.41	46.02
584	25.41	45.98
584	25.38	45.99
584	25.41	45.94
584	25.38	45.91
584	25.38	45.96
584	25.4	45.96
584	25.38	45.96
584	25.38	45.98
584	25.4	46.0
584	25.38	45.96
584	25.4	45.96
584	25.37	45.9
584	25.38	45.99
584	25.36	45.98
584	25.4	45.98
584	25.38	45.99
584	25.38	46.1
584	25.4	46.09
584	25.38	46.11
584	25.4	46.13
584	25.38	46.06
584	25.36	46.02
584	25.38	45.99
584	25.37	46.09
584	25.37	46.06
584	25.38	46.02
584	25.37	46.04
584	25.4	46.13
584	25.37	46.12
584	25.4	46.06
584	25.37	46.11
584	25.4	46.01
584	25.38	45.98
584	25.37	46.04
584	25.41	46.08
584	25.37	46.06
584	25.37	46.06
584	25.38	46.05
584	25.37	46.11
584	25.38	46.09
584	25.38	46.0
584	25.37	45.95
584	25.38	46.0
584	25.37	46.0
584	25.37	45.98
584	25.37	45.98
584	25.38	45.96
584	25.37	45.99
584	25.38	46.01
584	25.4	46.0
584	25.38	46.01
584	25.38	46.1
584	25.37	46.05
584	25.38	46.08
584	25.37	46.0
584	25.37	46.01
584	25.36	46.02
584	25.4	45.91
584	25.36	46.0
584	25.38	46.04
584	25.38	46.05
584	25.4	46.04
584	25.37	46.05
584	25.36	46.0
584	25.34	45.95
584	25.36	45.94
584	25.37	45.96
584	25.36	46.04
584	25.37	46.11
584	25.36	46.12
584	25.37	46.0
584	25.37	45.94
584	25.37	45.93
584	25.37	45.9
584	25.34	45.94
584	25.36	46.05
584	25.36	46.08
584	25.34	46.09
584	25.37	46.11
584	25.36	46.06
584	25.36	46.07
584	25.36	46.06
584	25.36	46.07
584	25.37	46.0
584	25.37	46.04
584	25.34	46.05
584	25.34	46.05
584	25.36	46.04
584	25.36	46.05
584	25.36	46.04
584	25.36	45.99
584	25.34	45.96
584	25.37	46.05
584	25.37	46.06
584	25.36	46.06
584	25.36	46.06
584	25.36	46.02
584	25.36	45.98
584	25.34	45.89
584	25.36	45.91
584	25.34	45.95
584	25.37	46.02
584	25.34	46.02
584	25.38	46.02
584	25.37	46.0
584	25.36	45.92
584	25.36	45.92
584	25.36	45.86
584	25.36	45.87
584	25.37	45.95
584	25.36	46.02
584	25.34	46.0
584	25.34	46.01
584	25.33	46.06
584	25.34	46.01
584	25.34	45.98
584	25.34	45.94
584	25.34	45.87
584	25.34	45.77
584	25.36	45.76
584	25.36	45.76
584	25.36	45.91
584	25.33	46.01
584	25.34	45.99
584	25.37	46.08
584	25.34	46.07
584	25.33	46.11
584	25.32	46.11
584	25.34	46.09
584	25.34	46.09
584	25.36	45.96
584	25.34	45.98
584	25.34	46.02
584	25.34	46.02
584	25.33	46.07
584	25.33	46.03
584	25.33	46.02
584	25.33	46.0
584	25.34	46.02
584	25.33	46.03
584	25.32	46.0
584	25.34	46.0
584	25.33	46.01
584	25.34	46.07
584	25.32	46.01
584	25.36	45.85
584	25.34	45.9
584	25.32	45.98
584	25.34	46.03
584	25.33	46.02
584	25.34	46.01
584	25.33	46.03
584	25.32	45.97
584	25.33	45.96
584	25.32	45.96
584	25.32	45.88
584	25.32	45.86
584	25.33	45.87
584	25.32	45.9
584	25.32	45.98
584	25.3	46.01
584	25.33	45.96
584	25.3	45.97
584	25.3	45.93
584	25.32	45.94
584	25.32	45.93
584	25.3	45.92
584	25.33	45.88
584	25.32	45.85
584	25.29	45.91
584	25.3	45.87
584	25.3	45.93
584	25.3	45.87
584	25.3	45.89
584	25.3	45.93
584	25.29	45.97
584	25.32	45.99
584	25.3	45.94
584	25.33	46.03
584	25.29	46.01
584	25.3	46.0
584	25.3	45.99
584	25.29	46.0
584	25.27	46.01
584	25.29	45.97
584	25.27	45.94
584	25.27	45.95
584	25.29	45.93
584	25.27	45.9
584	25.26	45.89
584	25.29	45.91
584	25.27	45.97
584	25.26	45.99
584	25.29	45.98
584	25.29	46.0
584	25.26	46.04
584	25.29	45.96
584	25.3	45.95
584	25.29	45.9
584	25.27	45.94
584	25.26	45.92
584	25.25	45.94
584	25.29	45.94
584	25.27	45.96
584	25.27	45.99
584	25.29	45.95
584	25.26	45.87
584	25.29	45.87
584	25.27	45.83
584	25.27	45.88
584	25.27	45.87
584	25.27	45.84
584	25.27	45.83
584	25.27	45.83
584	25.29	45.83
584	25.29	45.83
584	25.26	45.79
584	25.27	45.84
584	25.27	45.88
584	25.26	45.93
584	25.27	45.93
584	25.29	45.89
584	25.26	45.87
584	25.26	45.85
584	25.26	45.79
584	25.27	45.83
584	25.27	45.87
584	25.27	45.83
584	25.27	45.81
584	25.27	45.86
584	25.27	45.92
584	25.27	45.81
584	25.29	45.82
584	25.27	45.77
584	25.26	45.75
584	25.26	45.73
584	25.27	45.71
584	25.27	45.7
584	25.26	45.69
584	25.25	45.76
584	25.26	45.84
584	25.23	45.8
584	25.26	45.79
584	25.27	45.81
584	25.26	45.81
584	25.27	45.76
584	25.26	45.79
584	25.29	45.79
584	25.25	45.78
584	25.26	45.76
584	25.27	45.67
584	25.26	45.7
584	25.26	45.77
584	25.26	45.72
584	25.26	45.67
584	25.25	45.71
584	25.27	45.72
584	25.27	45.69
584	25.26	45.64
584	25.27	45.66
584	25.25	45.61
584	25.27	45.65
584	25.26	45.66
584	25.26	45.72
584	25.26	45.7
584	25.25	45.67
584	25.27	45.52
584	25.25	45.6
584	25.27	45.62
584	25.26	45.56
584	25.25	45.66
584	25.23	45.76
584	25.25	45.77
584	25.26	45.78
584	25.26	45.75
584	25.26	45.69
584	25.25	45.71
584	25.23	45.71
584	25.25	45.65
584	25.23	45.63
584	25.23	45.6
584	25.25	45.58
584	25.25	45.65
584	25.23	45.65
584	25.22	45.69
584	25.26	45.64
584	25.22	45.74
584	25.26	45.77
584	25.22	45.74
584	25.25	45.73
584	25.25	45.77
584	25.25	45.72
584	25.25	45.74
584	25.23	45.74
584	25.26	45.83
584	25.25	45.82
584	25.23	45.82
584	25.22	45.69
584	25.26	45.78
584	25.26	45.81
584	25.23	45.78
584	25.23	45.84
584	25.23	45.71
584	25.25	45.74
584	25.25	45.71
584	25.27	45.71
584	25.26	45.71
584	25.22	45.65
584	25.25	45.69
584	25.25	45.72
584	25.22	45.58
584	25.26	45.5
584	25.23	45.5
584	25.25	45.43
584	25.25	45.52
584	25.23	45.71
584	25.25	45.74
584	25.23	45.72
584	25.25	45.74
584	25.23	45.73
584	25.25	45.69
584	25.23	45.71
584	25.25	45.67
584	25.26	45.68
584	25.26	45.57
584	25.26	45.6
584	25.25	45.58
584	25.25	45.49
584	25.25	45.58
584	25.23	45.6
584	25.26	45.61
584	25.25	45.62
584	25.25	45.42
584	25.22	45.47
584	25.22	45.52
584	25.23	45.35
584	25.23	45.34
584	25.23	45.4
584	25.22	45.38
584	25.19	45.35
584	25.22	45.42
584	25.22	45.46
584	25.23	45.44
584	25.23	45.47
584	25.22	45.62
584	25.23	45.58
584	25.22	45.63
584	25.22	45.53
584	25.22	45.29
584	25.2	45.3
584	25.23	45.55
584	25.23	45.59
584	25.23	45.75
584	25.22	45.76
584	25.2	45.81
584	25.19	45.61
584	25.2	45.53
584	25.2	45.37
584	25.2	45.38
584	25.22	45.42
584	25.18	45.55
584	25.2	45.51
584	25.2	45.55
584	25.2	45.67
584	25.22	45.7
584	25.2	45.7
584	25.2	45.72
584	25.22	45.75
584	25.22	45.72
584	25.19	45.7
584	25.18	45.64
584	25.22	45.66
584	25.19	45.69
584	25.19	45.72
584	25.19	45.69
584	25.2	45.64
584	25.2	45.65
584	25.22	45.56
584	25.2	45.53
584	25.2	45.55
584	25.2	45.59
584	25.22	45.61
584	25.2	45.6
584	25.2	45.7
584	25.22	45.6
584	25.2	45.35
584	25.22	45.28
584	25.19	45.32
584	25.19	45.4
584	25.2	45.51
584	25.19	45.49
584	25.2	45.34
584	25.2	45.24
584	25.2	45.25
584	25.19	45.27
584	25.2	45.27
584	25.2	45.35
584	25.19	45.28
584	25.18	45.29
584	25.2	45.35
584	25.19	45.32
584	25.19	45.35
584	25.19	45.43
584	25.19	45.47
584	25.2	45.45
584	25.2	45.37
584	25.16	45.3
584	25.19	45.43
584	25.18	45.46
584	25.19	45.51
584	25.19	45.43
584	25.18	45.49
584	25.18	45.43
584	25.19	45.24
584	25.2	45.27
584	25.18	45.28
584	25.2	45.34
584	25.19	45.38
584	25.19	45.42
584	25.19	45.53
584	25.16	45.54
584	25.19	45.32
584	25.18	45.26
584	25.16	45.32
584	25.18	45.43
584	25.19	45.43
584	25.16	45.39
584	25.19	45.37
584	25.16	45.3
584	25.15	45.38
584	25.16	45.34
584	25.18	45.3
584	25.18	45.45
584	25.19	45.51
584	25.18	45.4
584	25.18	45.34
584	25.19	45.4
584	25.18	45.24
584	25.18	45.29
584	25.18	45.09
584	25.18	45.17
584	25.18	45.25
584	25.18	45.31
584	25.18	45.37
584	25.16	45.37
584	25.16	45.38
584	25.18	45.43
584	25.18	45.37
584	25.19	45.35
584	25.18	45.39
584	25.19	45.16
584	25.18	45.09
584	25.16	45.01
584	25.2	45.01
584	25.18	45.11
584	25.19	45.12
584	25.16	45.08
584	25.19	45.09
584	25.18	45.08
584	25.19	45.14
584	25.19	45.26
584	25.15	45.28
584	25.18	45.28
584	25.18	45.3
584	25.16	45.32
584	25.18	45.21
584	25.15	45.14
584	25.16	45.17
584	25.18	45.18
584	25.16	45.17
584	25.16	45.0
584	25.18	45.03
584	25.16	45.0
584	25.16	45.09
584	25.15	45.13
584	25.18	45.17
584	25.18	45.23
584	25.16	45.29
584	25.16	45.19
584	25.15	44.98
584	25.18	45.01
584	25.18	45.02
584	25.16	45.06
584	25.16	45.05
584	25.18	45.05
584	25.16	44.99
584	25.16	44.97
584	25.15	45.07
584	25.18	45.1
584	25.18	45.09
584	25.18	45.09
584	25.18	45.11
584	25.16	45.05
584	25.16	45.1
584	25.16	45.08
584	25.15	45.11
584	25.15	45.1
584	25.15	45.01
584	25.18	44.97
584	25.16	44.96
584	25.16	45.05
584	25.16	45.09
584	25.13	45.12
584	25.16	45.05
584	25.13	45.01
584	25.15	45.07
584	25.13	45.08
584	25.13	45.12
584	25.18	45.15
584	25.18	45.2
584	25.15	45.27
584	25.13	45.22
584	25.13	45.11
584	25.15	45.04
584	25.15	44.99
584	25.15	45.1
584	25.13	45.1
584	25.15	45.07
584	25.15	45.08
584	25.15	45.1
584	25.15	45.1
584	25.13	45.07
584	25.15	45.17
584	25.16	45.02
584	25.16	44.91
584	25.13	44.94
584	25.16	44.9
584	25.15	45.07
584	25.13	45.06
584	25.13	45.03
584	25.13	45.11
584	25.15	45.14
584	25.16	45.18
584	25.12	45.13
584	25.16	45.17
584	25.13	45.14
584	25.15	45.13
584	25.12	44.94
584	25.15	45.0
584	25.15	45.02
584	25.13	45.09
584	25.13	45.08
584	25.15	45.07
584	25.13	44.95
584	25.13	45.07
584	25.16	45.08
584	25.12	45.12
584	25.15	44.95
584	25.13	44.88
584	25.15	44.92
584	25.16	45.01
584	25.13	44.94
584	25.16	44.9
584	25.12	44.95
584	25.13	45.01
584	25.13	45.02
584	25.13	44.97
584	25.12	44.91
584	25.12	44.87
584	25.13	44.95
584	25.15	44.94
584	25.12	44.94
584	25.15	44.94
584	25.1	44.91
584	25.12	44.96
584	25.09	44.97
584	25.12	45.05
584	25.12	45.01
584	25.13	44.97
584	25.13	44.86
584	25.15	44.91
584	25.12	44.88
584	25.12	44.91
584	25.12	44.89
584	25.1	44.91
584	25.13	44.94
584	25.12	44.97
584	25.1	44.88
584	25.12	44.96
584	25.12	44.96
584	25.1	44.98
584	25.12	44.96
584	25.12	44.94
584	25.12	44.92
584	25.1	44.92
584	25.1	44.9
584	25.09	44.9
584	25.12	44.95
584	25.1	45.01
584	25.12	44.98
584	25.13	45.0
584	25.1	44.99
584	25.12	45.02
584	25.09	45.03
584	25.12	45.05
584	25.1	45.0
584	25.1	44.93
584	25.12	44.9
584	25.12	44.92
584	25.12	44.91
584	25.1	44.78
584	25.12	44.83
584	25.12	44.85
584	25.1	44.74
584	25.1	44.77
584	25.13	44.74
584	25.12	44.81
584	25.12	44.76
584	25.12	44.82
584	25.12	44.89
584	25.1	44.8
584	25.09	44.74
584	25.12	44.81
584	25.1	44.7
584	25.12	44.78
584	25.08	44.86
584	25.1	44.79
584	25.1	44.78
584	25.09	44.69
584	25.1	44.65
584	25.08	44.76
584	25.09	44.83
584	25.1	44.85
584	25.1	44.86
584	25.09	44.83
584	25.1	44.86
584	25.09	44.82
584	25.09	44.83
584	25.1	44.86
584	25.1	44.81
584	25.08	44.75
584	25.08	44.73
584	25.09	44.69
584	25.09	44.69
584	25.08	44.62
584	25.09	44.62
584	25.09	44.59
584	25.09	44.65
584	25.09	44.59
584	25.06	44.65
584	25.09	44.68
584	25.08	44.73
584	25.08	44.85
584	25.08	44.84
584	25.09	44.76
584	25.09	44.75
584	25.09	44.77
584	25.1	44.71
584	25.09	44.76
584	25.09	44.75
584	25.08	44.68
584	25.05	44.63
584	25.08	44.69
584	25.05	44.7
584	25.08	44.67
584	25.08	44.59
584	25.06	44.63
584	25.09	44.55
584	25.06	44.43
584	25.09	44.43
584	25.06	44.38
584	25.06	44.38
584	25.06	44.42
584	25.05	44.42
584	25.06	44.54
584	25.08	44.53
584	25.06	44.61
584	25.05	44.54
584	25.08	44.61
584	25.05	44.65
584	25.08	44.72
584	25.09	44.77
584	25.08	44.65
584	25.09	44.61
584	25.08	44.66
584	25.05	44.57
584	25.05	44.57
584	25.05	44.64
584	25.08	44.66
584	25.06	44.54
584	25.06	44.46
584	25.06	44.47
584	25.03	44.42
584	25.06	44.38
584	25.08	44.38
584	25.05	44.38
584	25.06	44.48
584	25.02	44.46
584	25.08	44.33
584	25.08	44.33
584	25.05	44.34
584	25.06	44.28
584	25.05	44.33
584	25.06	44.35
584	25.06	44.19
584	25.06	44.23
584	25.05	44.09
584	25.06	44.1
584	25.05	44.14
584	25.02	44.15
584	25.03	44.1
584	25.05	44.11
584	25.03	44.14
584	25.03	44.09
584	25.05	44.11
584	25.03	44.13
584	25.03	44.13
584	25.05	44.0
584	25.03	44.03
584	25.03	44.06
584	25.03	44.03
584	25.03	43.83
584	25.03	43.83
584	25.05	43.88
584	25.02	43.78
584	25.03	43.7
584	25.05	43.73
584	25.03	43.87
584	25.02	43.91
584	25.05	43.97
584	25.02	43.93
584	25.05	43.97
584	25.06	44.04
584	25.02	44.09
584	25.05	44.08
584	25.05	43.95
584	25.06	43.92
584	25.05	43.99
584	25.06	44.06
584	25.05	44.08
584	25.03	43.84
584	25.05	43.87
584	25.03	43.88
584	25.05	43.93
584	25.05	43.95
584	25.05	43.89
584	25.05	43.94
584	25.03	44.07
584	25.05	44.05
584	25.03	44.02
584	25.03	43.93
584	25.05	43.87
584	25.06	43.89
584	25.03	43.8
584	25.03	43.82
584	25.03	43.82
584	25.03	43.74
584	25.03	43.84
584	25.02	44.04
584	25.06	43.98
584	25.02	43.81
584	25.03	43.86
584	25.05	43.83
584	25.02	43.86
584	25.05	43.8
584	25.02	43.78
584	25.02	43.66
584	25.02	43.81
584	25.05	43.88
584	25.06	43.86
584	25.03	43.78
584	25.03	43.7
584	25.03	43.78
584	25.02	43.84
584	25.03	43.78
584	25.03	43.81
584	25.02	43.67
584	25.03	43.64
584	25.02	43.67
584	25.05	43.53
584	25.05	43.48
584	25.05	43.49
584	25.03	43.52
584	25.03	43.53
584	25.02	43.5
584	25.02	43.52
584	25.03	43.54
584	25.03	43.42
584	25.05	43.56
584	25.02	43.59
584	25.02	43.53
584	25.02	43.56
584	25.02	43.59
584	25.0	43.59
584	25.02	43.48
584	25.02	43.45
584	25.02	43.49
584	25.05	43.51
584	25.02	43.48
584	25.02	43.42
584	25.02	43.45
584	25.02	43.34
584	25.03	43.4
584	25.05	43.4
584	25.03	43.33
584	25.0	43.28
584	25.05	43.24
584	25.05	43.21
584	25.02	43.3
584	25.03	43.4
584	25.0	43.33
584	25.0	43.23
584	25.03	43.25
584	25.0	43.29
584	25.0	43.14
584	25.05	43.19
584	25.03	43.21
584	25.02	43.21
584	25.03	43.25
584	25.02	43.21
584	24.99	43.27
584	25.02	43.33
584	25.0	43.33
584	25.02	43.3
584	25.03	43.13
584	25.0	43.16
584	25.03	43.23
584	25.03	43.09
584	25.0	43.13
584	25.02	43.15
584	25.0	43.06
584	25.02	43.05
584	25.02	43.11
584	25.03	43.21
584	25.03	43.2
584	25.02	43.26
584	25.02	43.21
584	25.0	43.22
584	25.02	43.16
584	25.0	43.19
584	25.0	43.27
584	25.02	43.32
584	25.0	43.26
584	25.0	43.24
584	25.02	43.28
584	25.02	43.28
584	24.99	43.3
584	25.0	43.29
584	25.0	43.22
584	25.0	43.17
584	25.0	43.12
584	25.02	43.14
584	25.0	43.15
584	25.0	43.16
584	25.0	43.25
584	25.0	43.26
584	25.0	43.23
584	25.0	43.27
584	25.0	43.24
584	25.02	43.18
584	25.0	43.1
584	25.0	43.11
584	25.0	43.09
584	24.99	43.21
584	25.0	43.21
584	25.0	43.24
584	25.02	43.19
584	25.02	43.26
584	25.0	43.13
584	25.02	43.06
584	24.99	43.01
584	25.02	42.92
584	25.02	42.86
584	24.98	42.84
584	25.02	42.94
584	24.98	42.93
584	24.99	42.97
584	24.99	43.02
584	25.02	43.04
584	24.98	43.09
584	24.99	43.11
584	25.0	43.11
584	25.0	43.11
584	25.0	43.1
584	25.0	43.05
584	24.99	43.06
584	24.99	43.07
584	25.02	42.97
584	24.99	42.94
584	24.99	42.98
584	24.98	43.01
584	24.98	42.95
584	24.99	42.98
584	25.0	43.01
584	24.99	42.97
584	24.99	42.95
584	24.98	42.94
584	24.99	42.99
584	24.99	42.95
584	24.99	42.94
584	24.96	42.9
584	24.99	42.89
584	24.98	42.86
584	24.99	42.84
584	24.99	42.73
584	24.95	42.77
584	24.99	42.75
584	24.98	42.8
584	24.98	42.85
584	24.99	42.84
584	24.99	42.84
584	24.96	42.87
584	25.0	42.9
584	24.96	42.95
584	24.99	42.93
584	24.99	42.93
584	24.99	42.77
584	24.96	42.78
584	24.99	42.97
584	24.96	42.93
584	24.96	42.86
584	24.96	42.8
584	24.99	42.78
584	24.99	42.73
584	24.96	42.67
584	24.95	42.61
584	24.95	42.65
584	24.98	42.66
584	24.98	42.66
584	24.96	42.76
584	24.96	42.79
584	24.96	42.78
584	24.96	42.8
584	24.95	42.8
584	24.96	42.8
584	24.98	42.78
584	24.96	42.78
584	24.98	42.91
584	24.95	42.87
584	24.95	42.79
584	24.95	42.8
584	24.98	42.83
584	24.99	42.8
584	24.96	42.82
584	24.95	42.8
584	24.98	42.82
584	24.96	42.91
584	24.96	42.95
584	24.95	42.94
584	24.98	42.95
584	24.98	42.91
584	24.95	42.9
584	24.93	42.92
584	24.96	42.91
584	24.95	42.85
584	24.96	42.9
584	24.95	42.87
584	24.96	42.86
584	24.93	42.8
584	24.96	42.84
584	24.93	42.86
584	24.95	42.86
584	24.95	42.91
584	24.98	42.92
584	24.95	42.9
584	24.96	42.92
584	24.98	42.79
584	24.95	42.86
584	24.99	42.78
584	24.95	42.8
584	24.96	42.78
584	24.98	42.74
584	24.98	42.7
584	24.96	42.67
584	24.98	42.67
584	24.98	42.66
584	24.93	42.69
584	24.96	42.7
584	24.95	42.74
584	24.95	42.73
584	24.93	42.76
584	24.95	42.74
584	24.93	42.69
584	24.96	42.66
584	24.92	42.69
584	24.98	42.64
584	24.96	42.61
584	24.98	42.55
584	24.95	42.53
584	24.99	42.5
584	24.96	42.45
584	24.98	42.38
584	24.95	42.41
584	24.95	42.51
584	24.95	42.46
584	24.96	42.55
584	24.98	42.59
584	24.95	42.65
584	24.96	42.65
584	24.96	42.58
584	24.95	42.61
584	24.96	42.61
584	24.96	42.5
584	24.96	42.45
584	24.95	42.45
584	24.95	42.42
584	24.98	42.41
584	24.98	42.43
584	24.96	42.46
584	24.95	42.48
584	24.95	42.53
584	24.98	42.49
584	24.93	42.45
584	24.96	42.51
584	24.95	42.55
584	24.93	42.54
584	24.96	42.5
584	24.96	42.49
584	24.96	42.41
584	24.95	42.45
584	24.95	42.42
584	24.96	42.38
584	24.95	42.27
584	24.95	42.24
584	24.95	42.25
584	24.95	42.18
584	24.96	42.18
584	24.95	42.22
584	24.93	42.22
584	24.95	42.17
584	24.95	42.19
584	24.95	42.22
584	24.95	42.26
584	24.93	42.19
584	24.95	42.21
584	24.95	42.2
584	24.93	42.21
584	24.93	42.18
584	24.93	42.22
584	24.95	42.22
584	24.93	42.24
584	24.93	42.21
584	24.95	42.24
584	24.95	42.29
584	24.95	42.33
584	24.92	42.29
584	24.96	42.29
584	24.95	42.35
584	24.93	42.36
584	24.95	42.42
584	24.92	42.33
584	24.95	42.36
584	24.93	42.37
584	24.96	42.36
584	24.93	42.35
584	24.95	42.43
584	24.93	42.4
584	24.95	42.33
584	24.93	42.31
584	24.93	42.26
584	24.95	42.3
584	24.93	42.29
584	24.93	42.3
584	24.95	42.25
584	24.93	42.25
584	24.93	42.26
584	24.93	42.13
584	24.93	42.05
584	24.95	42.13
584	24.96	42.18
584	24.93	42.15
584	24.93	42.16
584	24.95	42.13
584	24.93	42.12
584	24.96	42.16
584	24.93	42.13
584	24.95	42.09
584	24.96	42.09
584	24.95	42.1
584	24.93	42.12
584	24.95	42.09
584	24.93	42.08
584	24.95	42.09
584	24.95	42.05
584	24.93	42.08
584	24.96	42.12
584	24.92	42.14
584	24.93	42.16
584	24.92	42.18
584	24.96	42.22
584	24.92	42.18
584	24.93	42.22
584	24.96	42.26
584	24.95	42.24
584	24.93	42.29
584	24.96	42.29
584	24.95	42.29
584	24.93	42.25
584	24.96	42.26
584	24.95	42.21
584	24.95	42.21
584	24.92	42.2
584	24.92	42.15
584	24.93	42.19
584	24.93	42.15
584	24.93	42.19
584	24.93	42.17
584	24.93	42.15
584	24.93	42.22
584	24.93	42.21
584	24.93	42.24
584	24.95	42.28
584	24.92	42.33
584	24.93	42.35
584	24.93	42.35
584	24.95	42.36
584	24.93	42.39
584	24.93	42.42
584	24.92	42.47
584	24.95	42.37
584	24.95	42.33
584	24.93	42.33
584	24.92	42.34
584	24.95	42.31
584	24.92	42.34
584	24.92	42.33
584	24.93	42.34
584	24.92	42.32
584	24.93	42.28
584	24.95	42.29
584	24.95	42.25
584	24.95	42.29
584	24.95	42.23
584	24.93	42.19
584	24.93	42.22
584	24.93	42.22
584	24.93	42.23
584	24.92	42.26
584	24.93	42.22
584	24.93	42.23
584	24.93	42.3
584	24.93	42.26
584	24.93	42.28
584	24.93	42.21
584	24.93	42.25
584	24.95	42.28
584	24.93	42.29
584	24.93	42.29
584	24.93	42.33
584	24.91	42.33
584	24.95	42.27
584	24.95	42.25
584	24.91	42.3
584	24.92	42.33
584	24.95	42.33
584	24.93	42.33
584	24.92	42.34
584	24.95	42.37
584	24.93	42.32
584	24.92	42.27
584	24.92	42.26
584	24.93	42.31
584	24.92	42.36
584	24.92	42.31
584	24.92	42.33
584	24.92	42.34
584	24.92	42.33
584	24.93	42.3
584	24.92	42.3
584	24.93	42.31
584	24.93	42.3
584	24.93	42.36
584	24.93	42.32
584	24.92	42.26
584	24.95	42.27
584	24.92	42.24
584	24.93	42.37
584	24.92	42.4
584	24.95	42.36
584	24.93	42.33
584	24.92	42.38
584	24.93	42.34
584	24.93	42.3
584	24.95	42.3
584	24.93	42.33
584	24.92	42.27
584	24.93	42.29
584	24.93	42.33
584	24.95	42.36
584	24.93	42.33
584	24.93	42.33
584	24.92	42.33
584	24.93	42.3
584	24.92	42.33
584	24.92	42.29
584	24.92	42.26
584	24.92	42.25
584	24.93	42.22
584	24.92	42.22
584	24.92	42.24
584	24.92	42.24
584	24.91	42.2
584	24.95	42.21
584	24.92	42.21
584	24.91	42.26
584	24.91	42.26
584	24.91	42.22
584	24.92	42.22
584	24.91	42.22
584	24.92	42.19
584	24.91	42.12
584	24.92	42.14
584	24.91	42.13
584	24.91	42.18
584	24.93	42.17
584	24.92	42.22
584	24.92	42.19
584	24.91	42.23
584	24.91	42.25
584	24.91	42.23
584	24.91	42.22
584	24.89	42.27
584	24.91	42.23
584	24.92	42.17
584	24.91	42.22
584	24.91	42.19
584	24.91	42.25
584	24.89	42.21
584	24.92	42.18
584	24.92	42.19
584	24.92	42.19
584	24.91	42.17
584	24.91	42.21
584	24.91	42.21
584	24.92	42.3
584	24.91	42.3
584	24.91	42.31
584	24.91	42.29
584	24.91	42.27
584	24.92	42.17
584	24.91	42.14
584	24.92	42.14
584	24.91	42.22
584	24.91	42.21
584	24.91	42.3
584	24.93	42.25
584	24.92	42.22
584	24.92	42.19
584	24.93	42.22
584	24.92	42.18
584	24.91	42.14
584	24.91	42.14
584	24.92	42.09
584	24.92	42.11
584	24.91	42.08
584	24.92	42.13
584	24.92	42.11
584	24.91	42.13
584	24.89	42.15
584	24.92	42.18
584	24.91	42.05
584	24.92	42.14
584	24.92	42.13
584	24.92	42.1
584	24.89	42.11
584	24.91	42.09
584	24.93	42.13
584	24.91	42.13
584	24.88	42.17
584	24.92	42.11
584	24.91	42.09
584	24.92	42.1
584	24.89	42.03
584	24.89	42.1
584	24.88	42.1
584	24.91	42.1
584	24.91	42.06
584	24.91	42.04
584	24.92	42.09
584	24.91	42.08
584	24.88	42.11
584	24.92	42.14
584	24.88	42.08
584	24.92	42.08
584	24.88	42.09
584	24.89	42.08
584	24.89	42.05
584	24.89	42.1
584	24.88	42.14
584	24.91	42.05
584	24.89	42.01
584	24.91	41.98
584	24.91	41.97
584	24.92	42.0
584	24.91	42.04
584	24.89	42.07
584	24.91	42.11
584	24.88	42.19
584	24.88	42.18
584	24.88	42.22
584	24.91	42.18
584	24.88	42.24
584	24.91	42.18
584	24.89	42.17
584	24.88	42.08
584	24.91	42.2
584	24.92	42.23
584	24.91	42.22
584	24.92	42.19
584	24.91	42.15
584	24.89	42.2
584	24.89	42.22
584	24.89	42.17
584	24.91	42.18
584	24.89	42.08
584	24.89	42.16
584	24.91	42.21
584	24.89	42.16
584	24.89	42.22
584	24.91	42.19
584	24.88	42.2
584	24.89	42.22
584	24.91	42.22
584	24.89	42.21
584	24.91	42.21
584	24.89	42.16
584	24.89	42.14
584	24.89	42.17
584	24.88	42.22
584	24.89	42.26
584	24.91	42.27
584	24.88	42.27
584	24.89	42.2
584	24.89	42.22
584	24.91	42.23
584	24.89	42.19
584	24.88	42.22
584	24.91	42.25
584	24.92	42.18
584	24.88	42.2
584	24.89	42.2
584	24.89	42.18
584	24.88	42.18
584	24.89	42.14
584	24.91	42.18
584	24.89	42.18
584	24.92	42.18
584	24.88	42.19
584	24.91	42.19
584	24.89	42.17
584	24.89	42.18
584	24.89	42.15
584	24.88	42.14
584	24.91	42.08
584	24.88	42.05
584	24.89	42.14
584	24.89	42.11
584	24.89	42.17
584	24.88	42.13
584	24.89	42.13
584	24.88	42.13
584	24.91	42.08
584	24.92	42.09
584	24.89	42.06
584	24.89	42.03
584	24.89	42.05
584	24.89	42.06
584	24.92	42.14
584	24.89	42.11
584	24.89	42.15
584	24.91	42.13
584	24.89	42.21
584	24.89	42.18
584	24.89	42.2
584	24.89	42.29
584	24.91	42.37
584	24.91	42.42
584	24.91	42.42
584	24.92	42.33
584	24.92	42.29
584	24.91	42.3
584	24.89	42.35
584	24.91	42.34
584	24.91	42.35
584	24.92	42.35
584	24.88	42.31
584	24.91	42.36
584	24.89	42.31
584	24.89	42.34
584	24.89	42.34
584	24.91	42.34
584	24.91	42.29
584	24.92	42.26
584	24.92	42.27
584	24.91	42.24
584	24.91	42.26
584	24.92	42.26
584	24.92	42.29
584	24.91	42.3
584	24.89	42.27
584	24.91	42.23
584	24.89	42.25
584	24.89	42.29
584	24.89	42.35
584	24.89	42.29
584	24.88	42.35
584	24.91	42.38
584	24.89	42.36
584	24.89	42.37
584	24.91	42.37
584	24.89	42.38
584	24.89	42.36
584	24.88	42.31
584	24.86	42.35
584	24.89	42.33
584	24.91	42.33
584	24.88	42.27
584	24.91	42.31
584	24.89	42.28
584	24.86	42.23
584	24.91	42.39
584	24.89	42.28
584	24.88	42.35
584	24.91	42.35
584	24.88	42.31
584	24.89	42.31
584	24.89	42.28
584	24.89	42.27
584	24.89	42.26
584	24.88	42.29
584	24.88	42.28
584	24.86	42.26
584	24.88	42.32
584	24.88	42.27
584	24.88	42.35
584	24.88	42.35
584	24.86	42.37
584	24.86	42.37
584	24.85	42.36
584	24.88	42.46
584	24.86	42.53
584	24.86	42.69
584	24.88	42.7
584	24.88	42.75
584	24.89	42.79
584	24.88	42.77
584	24.88	42.72
584	24.86	42.69
584	24.86	42.7
584	24.88	42.65
584	24.86	42.69
584	24.88	42.68
584	24.91	42.73
584	24.85	42.76
584	24.86	42.74
584	24.88	42.76
584	24.89	42.72
584	24.88	42.7
584	24.86	42.69
584	24.89	42.69
584	24.88	42.66
584	24.88	42.64
584	24.88	42.67
584	24.86	42.68
584	24.86	42.73
584	24.88	42.69
584	24.86	42.7
584	24.85	42.72
584	24.88	42.73
584	24.86	42.75
584	24.86	42.75
584	24.88	42.75
584	24.88	42.86
584	24.86	42.81
584	24.88	42.87
584	24.85	42.99
584	24.86	43.04
584	24.85	43.09
584	24.86	43.09
584	24.88	43.03
584	24.88	43.1
584	24.83	43.1
584	24.85	43.16
584	24.88	43.12
584	24.86	43.07
584	24.85	43.03
584	24.83	43.03
584	24.85	43.05
584	24.88	43.02
584	24.86	43.06
584	24.85	43.06
584	24.85	43.05
584	24.86	43.1
584	24.88	43.08
584	24.88	43.07
584	24.85	43.07
584	24.86	43.04
584	24.86	42.99
584	24.86	42.97
584	24.83	42.98
584	24.85	42.91
584	24.88	42.93
584	24.88	42.93
584	24.88	42.94
584	24.85	42.94
584	24.85	42.98
584	24.86	42.9
584	24.86	42.93
584	24.85	42.9
584	24.86	42.91
584	24.86	42.96
584	24.86	42.96
584	24.86	42.96
584	24.85	43.03
584	24.85	43.01
584	24.83	43.05
584	24.85	43.02
584	24.86	43.06
584	24.85	43.03
584	24.86	43.08
584	24.83	43.07
584	24.86	43.11
584	24.86	43.05
584	24.85	43.09
584	24.88	43.11
584	24.85	43.14
584	24.88	43.15
584	24.86	43.14
584	24.83	43.12
584	24.85	43.11
584	24.86	43.06
584	24.86	43.11
584	24.86	43.06
584	24.88	43.12
584	24.83	43.15
584	24.85	43.18
584	24.86	43.15
584	24.85	43.19
584	24.85	43.12
584	24.85	43.11
584	24.86	43.07
584	24.85	43.03
584	24.83	43.05
584	24.88	42.98
584	24.85	43.03
584	24.86	42.98
584	24.85	42.9
584	24.83	42.93
584	24.83	42.94
584	24.86	42.95
584	24.86	42.91
584	24.85	42.93
584	24.85	42.92
584	24.85	42.9
584	24.85	42.97
584	24.86	42.94
584	24.89	43.0
584	24.86	43.0
584	24.85	43.01
584	24.85	43.07
584	24.83	43.07
584	24.83	43.06
584	24.85	43.05
584	24.85	43.05
584	24.86	43.02
584	24.86	43.03
584	24.83	43.02
584	24.86	42.99
584	24.85	43.03
584	24.85	43.03
584	24.86	42.98
584	24.85	43.0
584	24.88	43.02
584	24.86	43.05
584	24.86	43.04
584	24.86	43.03
584	24.85	43.05
584	24.86	43.02
584	24.85	43.02
584	24.86	42.98
584	24.86	43.04
584	24.85	43.12
584	24.86	43.07
584	24.88	43.05
584	24.86	43.06
584	24.85	43.06
584	24.85	43.08
584	24.85	43.07
584	24.82	43.04
584	24.86	43.03
584	24.85	43.02
584	24.85	43.0
584	24.86	43.03
584	24.86	42.99
584	24.86	43.0
584	24.86	43.02
584	24.86	42.99
584	24.85	43.0
584	24.83	42.99
584	24.85	42.98
584	24.85	42.95
584	24.88	42.94
584	24.85	42.91
584	24.85	42.9
584	24.86	42.93
584	24.85	42.94
584	24.86	42.99
584	24.86	43.02
584	24.85	43.05
584	24.85	43.07
584	24.85	43.15
584	24.86	43.1
584	24.85	43.02
584	24.86	43.1
584	24.85	43.07
584	24.86	43.08
584	24.83	43.05
584	24.86	42.99
584	24.82	43.04
584	24.85	43.04
584	24.85	43.03
584	24.83	43.0
584	24.86	42.95
584	24.82	42.95
584	24.85	42.95
584	24.85	42.95
584	24.85	42.94
584	24.86	42.99
584	24.85	43.02
584	24.85	43.02
584	24.85	43.07
584	24.83	43.07
584	24.85	43.13
584	24.85	43.16
584	24.83	43.12
584	24.85	43.12
584	24.85	43.15
584	24.85	43.13
584	24.83	43.13
584	24.85	43.1
584	24.85	43.08
584	24.85	43.1
584	24.85	43.09
584	24.83	43.16
584	24.85	43.12
584	24.83	43.16
584	24.82	43.16
584	24.83	43.14
584	24.85	43.21
584	24.86	43.21
584	24.82	43.19
584	24.86	43.24
584	24.82	43.22
584	24.83	43.22
584	24.85	43.26
584	24.83	43.25
584	24.82	43.24
584	24.83	43.24
584	24.82	43.2
584	24.85	43.26
584	24.83	43.25
584	24.85	43.25
584	24.83	43.28
584	24.83	43.23
584	24.83	43.26
584	24.82	43.27
584	24.85	43.27
584	24.85	43.26
584	24.85	43.24
584	24.83	43.32
584	24.82	43.27
584	24.83	43.28
584	24.85	43.3
584	24.83	43.31
584	24.82	43.3
584	24.82	43.28
584	24.83	43.23
584	24.83	43.26
584	24.83	43.29
584	24.82	43.26
584	24.83	43.27
584	24.82	43.29
584	24.85	43.21
584	24.81	43.25
584	24.82	43.25
584	24.83	43.27
584	24.85	43.27
584	24.85	43.25
584	24.85	43.24
584	24.85	43.2
584	24.83	43.18
584	24.82	43.2
584	24.85	43.23
584	24.82	43.2
584	24.83	43.17
584	24.83	43.22
584	24.85	43.2
584	24.83	43.24
584	24.83	43.21
584	24.82	43.23
584	24.83	43.22
584	24.83	43.23
584	24.83	43.18
584	24.83	43.18
584	24.82	43.22
584	24.83	43.19
584	24.83	43.16
584	24.83	43.22
584	24.83	43.22
584	24.82	43.21
584	24.85	43.19
584	24.83	43.21
584	24.85	43.18
584	24.82	43.18
584	24.85	43.2
584	24.85	43.17
584	24.83	43.21
584	24.85	43.2
584	24.83	43.17
584	24.85	43.19
584	24.81	43.14
584	24.83	43.2
584	24.82	43.2
584	24.85	43.22
584	24.82	43.18
584	24.82	43.19
584	24.82	43.24
584	24.82	43.18
584	24.82	43.16
584	24.83	43.19
584	24.82	43.22
584	24.82	43.13
584	24.83	43.15
584	24.85	43.18
584	24.85	43.18
584	24.83	43.19
584	24.85	43.16
584	24.83	43.15
584	24.83	43.17
584	24.81	43.21
584	24.83	43.2
584	24.83	43.17
584	24.82	43.2
584	24.81	43.15
584	24.83	43.16
584	24.83	43.13
584	24.85	43.15
584	24.83	43.16
584	24.82	43.17
584	24.85	43.13
584	24.82	43.16
584	24.85	43.14
584	24.83	43.12
584	24.82	43.14
584	24.81	43.15
584	24.82	43.09
584	24.83	43.12
584	24.82	43.16
584	24.82	43.12
584	24.83	43.12
584	24.85	43.13
584	24.82	43.13
584	24.83	43.12
584	24.83	43.16
584	24.82	43.2
584	24.82	43.2
584	24.83	43.21
584	24.81	43.17
584	24.83	43.23
584	24.83	43.22
584	24.81	43.24
584	24.83	43.24
584	24.81	43.28
584	24.82	43.28
584	24.83	43.23
584	24.81	43.21
584	24.82	43.26
584	24.81	43.25
584	24.82	43.27
584	24.83	43.27
584	24.83	43.21
584	24.82	43.26
584	24.81	43.31
584	24.79	43.27
584	24.82	43.28
584	24.81	43.28
584	24.81	43.28
584	24.82	43.28
584	24.81	43.29
584	24.81	43.26
584	24.82	43.33
584	24.79	43.26
584	24.81	43.3
584	24.82	43.25
584	24.82	43.26
584	24.82	43.25
584	24.82	43.26
584	24.79	43.28
584	24.82	43.24
584	24.82	43.31
584	24.82	43.27
584	24.81	43.29
584	24.79	43.28
584	24.81	43.32
584	24.81	43.32
584	24.81	43.29
584	24.81	43.32
584	24.81	43.28
584	24.78	43.27
584	24.81	43.24
584	24.81	43.28
584	24.81	43.28
584	24.83	43.27
584	24.81	43.28
584	24.81	43.3
584	24.81	43.29
584	24.82	43.29
584	24.81	43.31
584	24.81	43.28
584	24.78	43.32
584	24.82	43.28
584	24.78	43.27
584	24.82	43.27
584	24.78	43.32
584	24.81	43.32
584	24.79	43.33
584	24.81	43.33
584	24.78	43.28
584	24.82	43.25
584	24.82	43.31
584	24.79	43.31
584	24.79	43.33
584	24.81	43.32
584	24.81	43.32
584	24.79	43.31
584	24.79	43.31
584	24.79	43.27
584	24.82	43.32
584	24.79	43.32
584	24.81	43.32
584	24.79	43.31
584	24.79	43.31
584	24.79	43.3
584	24.79	43.29
584	24.81	43.31
584	24.82	43.37
584	24.81	43.32
584	24.81	43.37
584	24.81	43.34
584	24.79	43.35
584	24.81	43.31
584	24.81	43.29
584	24.81	43.35
584	24.81	43.33
584	24.79	43.34
584	24.79	43.31
584	24.81	43.34
584	24.81	43.29
584	24.78	43.33
584	24.78	43.29
584	24.79	43.29
584	24.78	43.29
584	24.78	43.31
584	24.82	43.33
584	24.79	43.33
584	24.81	43.33
584	24.81	43.34
584	24.79	43.32
584	24.79	43.28
584	24.78	43.27
584	24.81	43.29
584	24.79	43.26
584	24.79	43.25
584	24.79	43.28
584	24.81	43.29
584	24.79	43.27
584	24.79	43.31
584	24.81	43.23
584	24.79	43.27
584	24.81	43.23
584	24.78	43.27
584	24.78	43.22
584	24.81	43.26
584	24.81	43.23
584	24.81	43.24
584	24.78	43.22
584	24.77	43.25
584	24.78	43.23
584	24.79	43.18
584	24.78	43.26
584	24.81	43.27
584	24.81	43.24
584	24.79	43.27
584	24.78	43.23
584	24.81	43.27
584	24.78	43.22
584	24.81	43.22
584	24.78	43.23
584	24.79	43.28
584	24.81	43.28
584	24.79	43.29
584	24.81	43.28
584	24.78	43.32
584	24.81	43.24
584	24.79	43.23
584	24.79	43.27
584	24.79	43.26
584	24.79	43.27
584	24.81	43.28
584	24.78	43.22
584	24.79	43.24
584	24.78	43.27
584	24.79	43.26
584	24.79	43.23
584	24.79	43.26
584	24.81	43.27
584	24.78	43.29
584	24.77	43.28
584	24.81	43.29
584	24.78	43.26
584	24.75	43.21
584	24.79	43.24
584	24.79	43.24
584	24.79	43.27
584	24.78	43.24
584	24.78	43.27
584	24.79	43.27
584	24.81	43.26
584	24.78	43.29
584	24.79	43.25
584	24.78	43.27
584	24.77	43.24
584	24.79	43.26
584	24.79	43.26
584	24.78	43.28
584	24.79	43.23
584	24.78	43.26
584	24.78	43.24
584	24.78	43.22
584	24.78	43.24
584	24.79	43.25
584	24.79	43.26
584	24.78	43.25
584	24.77	43.27
584	24.79	43.23
584	24.78	43.22
584	24.77	43.24
584	24.79	43.23
584	24.78	43.23
584	24.78	43.28
584	24.77	43.27
584	24.78	43.23
584	24.78	43.25
584	24.77	43.27
584	24.78	43.28
584	24.78	43.26
584	24.81	43.24
584	24.78	43.23
584	24.79	43.24
584	24.77	43.24
584	24.78	43.31
584	24.78	43.29
584	24.79	43.29
584	24.78	43.3
584	24.79	43.33
584	24.79	43.29
584	24.79	43.32
584	24.77	43.34
584	24.77	43.35
584	24.79	43.28
584	24.77	43.31
584	24.78	43.33
584	24.78	43.32
584	24.78	43.35
584	24.79	43.31
584	24.78	43.35
584	24.79	43.32
584	24.77	43.3
584	24.78	43.33
584	24.75	43.35
584	24.78	43.34
584	24.78	43.33
584	24.78	43.34
584	24.77	43.38
584	24.77	43.29
584	24.75	43.37
584	24.78	43.32
584	24.78	43.31
584	24.78	43.36
584	24.78	43.29
584	24.78	43.29
584	24.77	43.34
584	24.77	43.34
584	24.79	43.34
584	24.77	43.35
584	24.78	43.38
584	24.77	43.35
584	24.79	43.36
584	24.78	43.35
584	24.79	43.4
584	24.79	43.39
584	24.78	43.35
584	24.78	43.4
584	24.77	43.4
584	24.77	43.39
584	24.79	43.38
584	24.78	43.37
584	24.77	43.39
584	24.78	43.39
584	24.75	43.4
584	24.77	43.41
584	24.77	43.44
584	24.78	43.37
584	24.77	43.4
584	24.77	43.41
584	24.77	43.38
584	24.79	43.4
584	24.78	43.43
584	24.77	43.46
584	24.78	43.44
584	24.78	43.41
584	24.75	43.41
584	24.78	43.39
584	24.75	43.41
584	24.77	43.43
584	24.77	43.42
584	24.75	43.41
584	24.75	43.41
584	24.75	43.4
584	24.75	43.36
584	24.77	43.4
584	24.78	43.38
584	24.75	43.38
584	24.75	43.36
584	24.77	43.37
584	24.77	43.37
584	24.77	43.4
584	24.75	43.36
584	24.75	43.36
584	24.75	43.41
584	24.75	43.37
584	24.77	43.41
584	24.75	43.4
584	24.75	43.39
584	24.74	43.38
584	24.74	43.41
584	24.75	43.4
584	24.75	43.41
584	24.75	43.41
584	24.74	43.43
584	24.75	43.42
584	24.75	43.45
584	24.75	43.4
584	24.75	43.46
584	24.75	43.45
584	24.72	43.45
584	24.77	43.45
584	24.78	43.45
584	24.71	43.45
584	24.72	43.43
584	24.75	43.41
584	24.77	43.45
584	24.77	43.42
584	24.75	43.45
584	24.77	43.45
584	24.74	43.47
584	24.75	43.43
584	24.75	43.41
584	24.75	43.42
584	24.74	43.54
584	24.77	43.94
584	24.77	43.82
584	24.77	43.65
584	24.77	43.68
584	24.75	43.67
584	24.74	43.68
584	24.75	43.65
584	24.77	43.54
584	24.77	43.58
584	24.75	43.6
584	24.75	43.56
584	24.77	43.54
584	24.75	43.52
584	24.77	43.56
584	24.74	43.56
584	24.75	43.53
584	24.75	43.55
584	24.77	43.52
584	24.75	43.56
584	24.75	43.53
584	24.77	43.52
584	24.75	43.5
584	24.77	43.49
584	24.77	43.57
584	24.78	43.54
584	24.75	43.54
584	24.75	43.53
584	24.75	43.52
584	24.74	43.52
584	24.77	43.63
584	24.74	43.59
584	24.75	43.54
584	24.75	43.52
584	24.75	43.56
584	24.78	43.53
584	24.77	43.52
584	24.77	43.48
584	24.77	43.46
584	24.74	43.51
584	24.77	43.53
584	24.74	43.5
584	24.74	43.5
584	24.77	43.51
584	24.75	43.53
584	24.77	43.53
584	24.74	43.5
584	24.74	43.53
584	24.75	43.57
584	24.77	43.53
584	24.77	43.55
584	24.75	43.56
584	24.72	43.58
584	24.75	43.54
584	24.75	43.56
584	24.72	43.57
584	24.74	43.56
584	24.77	43.54
584	24.74	43.58
584	24.74	43.53
584	24.74	43.58
584	24.77	43.58
584	24.74	43.57
584	24.72	43.59
584	24.71	43.58
584	24.75	43.6
584	24.72	43.59
584	24.72	43.58
584	24.72	43.6
584	24.71	43.56
584	24.74	43.64
584	24.74	43.63
584	24.74	43.59
584	24.77	43.61
584	24.74	43.6
584	24.74	43.63
584	24.72	43.64
584	24.72	43.67
584	24.75	43.61
584	24.71	43.63
584	24.74	43.63
584	24.72	43.61
584	24.72	43.66
584	24.75	43.67
584	24.74	43.63
584	24.74	43.59
584	24.74	43.64
584	24.74	43.6
584	24.75	43.65
584	24.72	43.62
584	24.7	43.71
584	24.75	43.66
584	24.71	43.67
584	24.72	43.7
584	24.72	43.67
584	24.72	43.65
584	24.72	43.65
584	24.74	43.66
584	24.74	43.65
584	24.72	43.68
584	24.74	43.69
584	24.74	43.65
584	24.71	43.65
584	24.74	43.7
584	24.71	43.63
584	24.72	43.62
584	24.74	43.61
584	24.72	43.57
584	24.74	43.61
584	24.74	43.63
584	24.74	43.7
584	24.71	43.68
584	24.71	43.67
584	24.71	43.64
584	24.72	43.64
584	24.74	43.72
584	24.72	43.71
584	24.72	43.75
584	24.72	43.77
584	24.72	43.77
584	24.71	43.75
584	24.71	43.73
584	24.72	43.72
584	24.71	43.72
584	24.74	43.72
584	24.74	43.71
584	24.7	43.76
584	24.71	43.76
584	24.72	43.74
584	24.71	43.75
584	24.71	43.73
584	24.71	43.75
584	24.7	43.77
584	24.71	43.73
584	24.71	43.77
584	24.72	43.79
584	24.72	43.72
584	24.72	43.68
584	24.72	43.68
584	24.72	43.72
584	24.72	43.72
584	24.71	43.73
584	24.72	43.77
584	24.72	43.79
584	24.71	43.79
584	24.71	43.79
584	24.71	43.75
584	24.71	43.77
584	24.72	43.73
584	24.7	43.73
584	24.72	43.77
584	24.68	43.75
584	24.71	43.73
584	24.7	43.74
584	24.71	43.77
584	24.72	43.77
584	24.71	43.78
584	24.71	43.86
584	24.74	43.82
584	24.7	43.82
584	24.7	43.77
584	24.71	43.77
584	24.7	43.72
584	24.7	43.72
584	24.72	43.75
584	24.68	43.73
584	24.7	43.76
584	24.71	43.78
584	24.72	43.77
584	24.71	43.79
584	24.7	43.81
584	24.7	43.76
584	24.7	43.8
584	24.72	43.79
584	24.71	43.83
584	24.7	43.81
584	24.72	43.83
584	24.72	43.83
584	24.72	43.86
584	24.71	43.83
584	24.71	43.84
584	24.7	43.82
584	24.72	43.84
584	24.7	43.82
584	24.71	43.84
584	24.71	43.89
584	24.72	43.85
584	24.72	43.81
584	24.71	43.84
584	24.71	43.83
584	24.71	43.82
584	24.71	43.82
584	24.72	43.85
584	24.71	43.79
584	24.71	43.82
584	24.71	43.78
584	24.7	43.78
584	24.67	43.82
584	24.71	43.8
584	24.71	43.81
584	24.7	43.81
584	24.71	43.83
584	24.68	43.83
584	24.68	43.84
584	24.7	43.77
584	24.68	43.82
584	24.68	43.83
584	24.7	43.83
584	24.7	43.82
584	24.7	43.85
584	24.7	43.86
584	24.71	43.84
584	24.7	43.87
584	24.7	43.87
584	24.71	43.82
584	24.7	43.86
584	24.71	43.85
584	24.68	43.84
584	24.7	43.85
584	24.71	43.85
584	24.7	43.81
584	24.7	43.81
584	24.71	43.83
584	24.72	43.86
584	24.7	43.81
584	24.71	43.83
584	24.7	43.82
584	24.71	43.84
584	24.71	43.84
584	24.7	43.83
584	24.67	43.86
584	24.71	43.85
584	24.7	43.82
584	24.7	43.83
584	24.71	43.83
584	24.68	43.82
584	24.68	43.84
584	24.71	43.83
584	24.7	43.82
584	24.7	43.8
584	24.7	43.83
584	24.7	43.85
584	24.68	43.87
584	24.68	43.85
584	24.68	43.85
584	24.67	43.82
584	24.68	43.82
584	24.68	43.8
584	24.7	43.8
584	24.7	43.83
584	24.68	43.87
584	24.7	43.86
584	24.7	43.85
584	24.68	43.83
584	24.7	43.84
584	24.7	43.8
584	24.68	43.82
584	24.68	43.8
584	24.68	43.83
584	24.7	43.8
584	24.68	43.83
584	24.67	43.84
584	24.68	43.84
584	24.7	43.84
584	24.68	43.84
584	24.67	43.82
584	24.68	43.82
584	24.7	43.8
584	24.7	43.8
584	24.68	43.82
584	24.67	43.8
584	24.65	43.84
584	24.67	43.8
584	24.65	43.81
584	24.68	43.81
584	24.7	43.79
584	24.68	43.83
584	24.67	43.86
584	24.65	43.89
584	24.7	43.88
584	24.68	43.84
584	24.67	43.83
584	24.7	43.86
584	24.7	43.87
584	24.7	43.89
584	24.67	43.88
584	24.68	43.91
584	24.67	43.91
584	24.68	43.9
584	24.67	43.9
584	24.68	43.88
584	24.68	43.9
584	24.67	43.9
584	24.67	43.88
584	24.68	43.87
584	24.68	43.9
584	24.67	43.92
584	24.67	43.93
584	24.65	43.91
584	24.67	43.93
584	24.67	43.92
584	24.65	43.91
584	24.65	43.91
584	24.67	43.88
584	24.67	43.87
584	24.68	43.91
584	24.65	43.92
584	24.7	43.92
584	24.67	43.94
584	24.68	43.9
584	24.67	43.93
584	24.64	43.94
584	24.65	43.92
584	24.67	43.9
584	24.67	43.96
584	24.65	43.94
584	24.67	43.99
584	24.65	43.97
584	24.65	43.96
584	24.67	43.94
584	24.65	43.96
584	24.67	43.97
584	24.67	43.94
584	24.67	44.02
584	24.65	43.96
584	24.67	43.97
584	24.64	43.97
584	24.67	43.98
584	24.65	43.94
584	24.67	43.97
584	24.65	44.04
584	24.67	44.01
584	24.65	43.98
584	24.67	43.98
584	24.67	43.97
584	24.64	43.97
584	24.64	44.01
584	24.67	43.99
584	24.67	44.01
584	24.64	44.03
584	24.67	44.04
584	24.67	44.06
584	24.67	44.03
584	24.67	43.99
584	24.67	43.98
584	24.65	43.93
584	24.68	43.94
584	24.65	43.93
584	24.67	43.98
584	24.65	43.98
584	24.65	43.98
584	24.68	43.97
584	24.65	43.98
584	24.65	43.97
584	24.65	44.02
584	24.68	43.99
584	24.67	44.02
584	24.65	44.04
584	24.68	44.02
584	24.67	44.01
584	24.67	43.96
584	24.65	43.94
584	24.68	43.94
584	24.65	43.98
584	24.67	43.95
584	24.68	43.95
584	24.68	43.98
584	24.67	43.96
584	24.67	43.99
584	24.65	43.96
584	24.67	44.01
584	24.67	43.95
584	24.67	43.99
584	24.67	44.02
584	24.67	44.05
584	24.65	43.99
584	24.7	44.04
584	24.64	44.01
584	24.64	43.98
584	24.65	44.02
584	24.67	44.03
584	24.67	44.01
584	24.67	44.02
584	24.68	44.03
584	24.65	43.99
584	24.67	44.07
584	24.68	44.04
584	24.67	44.07
584	24.65	44.03
584	24.65	44.05
584	24.67	44.05
584	24.67	44.02
584	24.65	44.05
584	24.65	44.07
584	24.65	44.03
584	24.65	44.0
584	24.67	43.99
584	24.67	44.04
584	24.65	44.03
584	24.7	44.06
584	24.65	44.03
584	24.65	44.06
584	24.65	44.07
584	24.64	44.04
584	24.67	44.05
584	24.65	44.1
584	24.65	44.09
584	24.64	44.09
584	24.67	44.06
584	24.65	44.03
584	24.65	44.09
584	24.65	44.05
584	24.65	44.06
584	24.64	44.12
584	24.64	44.1
584	24.65	44.04
584	24.65	44.1
584	24.65	44.09
584	24.67	44.14
584	24.65	44.13
584	24.64	44.1
584	24.64	44.1
584	24.65	44.11
584	24.65	44.11
584	24.62	44.08
584	24.64	44.13
584	24.64	44.11
584	24.65	44.1
584	24.62	44.1
584	24.64	44.13
584	24.64	44.1
584	24.65	44.12
584	24.65	44.14
584	24.62	44.15
584	24.64	44.13
584	24.64	44.14
584	24.62	44.15
584	24.62	44.17
584	24.64	44.15
584	24.64	44.14
584	24.62	44.12
584	24.62	44.13
584	24.64	44.18
584	24.62	44.15
584	24.62	44.16
584	24.62	44.2
584	24.61	44.15
584	24.64	44.18
584	24.64	44.16
584	24.61	44.21
584	24.65	44.21
584	24.62	44.17
584	24.64	44.17
584	24.61	44.17
584	24.62	44.16
584	24.62	44.21
584	24.64	44.18
584	24.64	44.18
584	24.64	44.19
584	24.62	44.16
584	24.64	44.14
584	24.64	44.17
584	24.62	44.15
584	24.64	44.18
584	24.65	44.17
584	24.64	44.15
584	24.61	44.19
584	24.64	44.21
584	24.62	44.22
584	24.61	44.21
584	24.62	44.17
584	24.64	44.2
584	24.64	44.21
584	24.62	44.21
584	24.61	44.21
584	24.62	44.21
584	24.64	44.17
584	24.62	44.16
584	24.6	44.21
584	24.64	44.21
584	24.61	44.16
584	24.64	44.21
584	24.64	44.23
584	24.62	44.22
584	24.64	44.25
584	24.62	44.25
584	24.64	44.26
584	24.61	44.25
584	24.62	44.24
584	24.65	44.21
584	24.64	44.21
584	24.62	44.25
584	24.64	44.23
584	24.62	44.25
584	24.64	44.23
584	24.62	44.26
584	24.61	44.23
584	24.64	44.19
584	24.65	44.21
584	24.65	44.28
584	24.64	44.22
584	24.62	44.26
584	24.62	44.22
584	24.64	44.25
584	24.62	44.22
584	24.62	44.25
584	24.64	44.23
584	24.61	44.32
584	24.62	44.32
584	24.62	44.25
584	24.6	44.27
584	24.62	44.27
584	24.64	44.3
584	24.6	44.28
584	24.62	44.31
584	24.62	44.34
584	24.6	44.32
584	24.61	44.28
584	24.62	44.29
584	24.6	44.31
584	24.62	44.32
584	24.61	44.3
584	24.61	44.3
584	24.61	44.32
584	24.62	44.3
584	24.61	44.31
584	24.58	44.32
584	24.6	44.32
584	24.62	44.33
584	24.6	44.33
584	24.6	44.34
584	24.62	44.3
584	24.6	44.33
584	24.61	44.31
584	24.58	44.38
584	24.61	44.3
584	24.6	44.36
584	24.62	44.35
584	24.61	44.35
584	24.6	44.39
584	24.62	44.38
584	24.62	44.33
584	24.6	44.38
584	24.61	44.37
584	24.61	44.36
584	24.61	44.38
584	24.61	44.39
584	24.61	44.4
584	24.62	44.37
584	24.61	44.33
584	24.61	44.34
584	24.6	44.33
584	24.64	44.4
584	24.6	44.39
584	24.61	44.35
584	24.61	44.34
584	24.62	44.36
584	24.62	44.39
584	24.58	44.41
584	24.6	44.39
584	24.61	44.41
584	24.61	44.44
584	24.62	44.39
584	24.61	44.4
584	24.6	44.4
584	24.61	44.44
584	24.61	44.42
584	24.61	44.4
584	24.6	44.38
584	24.61	44.39
584	24.62	44.41
584	24.62	44.44
584	24.61	44.39
584	24.61	44.38
584	24.6	44.41
584	24.61	44.36
584	24.6	44.41
584	24.61	44.38
584	24.6	44.37
584	24.61	44.44
584	24.58	44.41
584	24.61	44.36
584	24.6	44.42
584	24.62	44.43
584	24.6	44.39
584	24.6	44.5
584	24.61	44.47
584	24.61	44.39
584	24.62	44.46
584	24.6	44.43
584	24.6	44.46
584	24.61	44.45
584	24.61	44.47
584	24.6	44.48
584	24.58	44.52
584	24.58	44.56
584	24.61	44.51
584	24.6	44.46
584	24.6	44.47
584	24.62	44.51
584	24.61	44.48
584	24.6	44.48
584	24.6	44.48
584	24.6	44.47
584	24.61	44.47
584	24.61	44.46
584	24.6	44.46
584	24.6	44.45
584	24.61	44.47
584	24.62	44.5
584	24.61	44.47
584	24.61	44.47
584	24.61	44.47
584	24.6	44.47
584	24.61	44.48
584	24.6	44.45
584	24.6	44.46
584	24.61	44.51
584	24.58	44.45
584	24.6	44.48
584	24.62	44.51
584	24.6	44.48
584	24.6	44.5
584	24.6	44.48
584	24.61	44.46
584	24.62	44.47
584	24.62	44.5
584	24.61	44.52
584	24.62	44.51
584	24.6	44.54
584	24.58	44.53
584	24.6	44.54
584	24.58	44.54
584	24.61	44.54
584	24.6	44.56
584	24.6	44.52
584	24.6	44.61
584	24.61	44.62
584	24.61	44.65
584	24.6	44.65
584	24.58	44.66
584	24.61	44.62
584	24.6	44.62
584	24.61	44.64
584	24.6	44.64
584	24.61	44.65
584	24.62	44.68
584	24.61	44.65
584	24.6	44.68
584	24.61	44.64
584	24.61	44.63
584	24.6	44.64
584	24.58	44.67
584	24.61	44.7
584	24.58	44.67
584	24.61	44.65
584	24.6	44.63
584	24.61	44.69
584	24.61	44.64
584	24.61	44.65
584	24.6	44.69
584	24.61	44.7
584	24.61	44.68
584	24.58	44.75
584	24.61	44.71
584	24.61	44.71
584	24.61	44.75
584	24.61	44.78
584	24.6	44.73
584	24.62	44.74
584	24.6	44.77
584	24.62	44.78
584	24.6	44.78
584	24.62	44.8
584	24.58	44.78
584	24.6	44.79
584	24.61	44.76
584	24.61	44.74
584	24.62	44.83
584	24.6	44.75
584	24.61	44.75
584	24.6	44.75
584	24.6	44.81
584	24.6	44.78
584	24.61	44.82
584	24.62	44.79
584	24.61	44.84
584	24.6	44.8
584	24.61	44.8
584	24.61	44.8
584	24.6	44.81
584	24.58	44.85
584	24.6	44.81
584	24.64	44.84
584	24.6	44.79
584	24.61	44.79
584	24.61	44.79
584	24.6	44.8
584	24.6	44.82
584	24.64	44.79
584	24.61	44.84
584	24.6	44.85
584	24.61	44.86
584	24.62	44.89
584	24.61	44.87
584	24.62	44.87
584	24.61	44.85
584	24.61	44.85
584	24.61	44.88
584	24.6	44.87
584	24.61	44.85
584	24.61	44.86
584	24.6	44.89
584	24.61	44.86
584	24.61	44.83
584	24.61	44.82
584	24.61	44.85
584	24.61	44.81
584	24.6	44.85
584	24.58	44.88
584	24.62	44.95
584	24.6	44.86
584	24.61	44.9
584	24.61	44.93
584	24.6	44.92
584	24.61	44.91
584	24.61	44.91
584	24.58	44.95
584	24.58	44.91
584	24.6	44.92
584	24.6	44.91
584	24.6	44.96
584	24.58	44.9
584	24.6	44.93
584	24.61	44.92
584	24.58	44.91
584	24.6	44.91
584	24.61	44.92
584	24.6	44.92
584	24.61	44.94
584	24.6	44.91
584	24.6	44.91
584	24.6	44.92
584	24.6	44.93
584	24.6	44.92
584	24.6	44.92
584	24.6	44.96
584	24.62	44.96
584	24.6	44.91
584	24.6	44.95
584	24.6	44.96
584	24.6	44.95
584	24.58	44.97
584	24.61	44.91
584	24.6	44.96
584	24.6	44.96
584	24.61	45.0
584	24.61	45.0
584	24.61	44.97
584	24.6	45.0
584	24.61	44.99
584	24.58	44.96
584	24.61	44.99
584	24.61	45.0
584	24.61	45.02
584	24.62	44.97
584	24.58	44.97
584	24.61	44.94
584	24.6	44.96
584	24.58	44.99
584	24.6	44.96
584	24.58	44.94
584	24.61	45.0
584	24.6	45.0
584	24.57	44.98
584	24.61	44.99
584	24.58	45.01
584	24.6	45.0
584	24.6	45.03
584	24.57	45.03
584	24.61	45.03
584	24.58	45.04
584	24.58	45.0
584	24.58	45.02
584	24.58	45.03
584	24.57	45.0
584	24.6	45.03
584	24.57	45.0
584	24.58	45.02
584	24.6	45.02
584	24.6	45.04
584	24.57	44.98
584	24.58	45.04
584	24.6	45.0
584	24.57	45.03
584	24.57	44.97
584	24.58	45.02
584	24.6	45.0
584	24.6	45.03
584	24.6	45.03
584	24.58	45.02
584	24.6	45.04
584	24.58	45.02
584	24.58	45.03
584	24.6	45.04
584	24.58	45.02
584	24.58	45.05
584	24.57	45.04
584	24.58	45.03
584	24.58	45.03
584	24.58	45.05
584	24.58	45.03
584	24.58	45.04
584	24.6	45.0
584	24.57	45.05
584	24.58	45.01
584	24.6	45.05
584	24.57	45.04
584	24.58	45.03
584	24.58	45.03
584	24.55	45.04
584	24.57	45.08
584	24.58	45.03
584	24.61	45.04
584	24.58	45.04
584	24.57	45.02
584	24.57	45.04
584	24.6	45.05
584	24.6	45.04
584	24.61	45.08
584	24.58	45.05
584	24.58	45.08
584	24.58	45.08
584	24.57	45.08
584	24.61	45.02
584	24.55	45.04
584	24.58	45.03
584	24.61	45.03
584	24.58	45.08
584	24.55	45.05
584	24.58	45.05
584	24.58	45.08
584	24.57	45.05
584	24.58	45.02
584	24.57	45.04
584	24.57	45.04
584	24.58	45.03
584	24.58	45.07
584	24.57	45.03
584	24.58	45.09
584	24.58	45.05
584	24.58	45.08
584	24.6	45.03
584	24.57	45.09
584	24.6	45.08
584	24.58	45.07
584	24.57	45.08
584	24.58	45.05
584	24.57	45.07
584	24.57	45.1
584	24.57	45.05
584	24.57	45.1
584	24.57	45.09
584	24.58	45.09
584	24.55	45.09
584	24.57	45.1
584	24.57	45.05
584	24.55	45.09
584	24.58	45.1
584	24.58	45.11
584	24.57	45.12
584	24.57	45.09
584	24.58	45.1
584	24.57	45.12
584	24.54	45.12
584	24.57	45.13
584	24.57	45.15
584	24.55	45.13
584	24.55	45.1
584	24.57	45.16
584	24.58	45.11
584	24.55	45.13
584	24.55	45.17
584	24.57	45.19
584	24.58	45.17
584	24.57	45.15
584	24.58	45.16
584	24.57	45.13
584	24.57	45.11
584	24.55	45.14
584	24.55	45.13
584	24.57	45.17
584	24.55	45.16
584	24.57	45.12
584	24.55	45.15
584	24.55	45.16
584	24.55	45.18
584	24.57	45.17
584	24.55	45.15
584	24.54	45.16
584	24.54	45.2
584	24.57	45.17
584	24.57	45.2
584	24.57	45.14
584	24.57	45.16
584	24.55	45.2
584	24.57	45.15
584	24.54	45.17
584	24.55	45.19
584	24.57	45.2
584	24.55	45.17
584	24.55	45.16
584	24.57	45.21
584	24.55	45.16
584	24.57	45.12
584	24.58	45.16
584	24.55	45.17
584	24.57	45.18
584	24.58	45.18
584	24.57	45.2
584	24.57	45.17
584	24.57	45.19
584	24.57	45.18
584	24.57	45.2
584	24.57	45.17
584	24.55	45.19
584	24.57	45.2
584	24.57	45.18
584	24.54	45.21
584	24.57	45.18
584	24.55	45.15
584	24.55	45.18
584	24.55	45.22
584	24.55	45.21
584	24.58	45.19
584	24.57	45.18
584	24.54	45.2
584	24.58	45.18
584	24.54	45.22
584	24.57	45.18
584	24.57	45.23
584	24.55	45.22
584	24.55	45.23
584	24.57	45.19
584	24.57	45.22
584	24.57	45.26
584	24.54	45.24
584	24.57	45.24
584	24.57	45.23
584	24.57	45.27
584	24.57	45.29
584	24.55	45.27
584	24.54	45.24
584	24.58	45.24
584	24.55	45.27
584	24.55	45.21
584	24.58	45.14
584	24.55	45.18
584	24.53	45.2
584	24.55	45.2
584	24.55	45.21
584	24.55	45.17
584	24.55	45.14
584	24.55	45.17
584	24.54	45.21
584	24.57	45.18
584	24.54	45.18
584	24.55	45.21
584	24.57	45.14
584	24.55	45.17
584	24.57	45.15
584	24.55	45.17
584	24.54	45.13
584	24.54	45.11
584	24.53	45.13
584	24.55	45.11
584	24.54	45.12
584	24.57	45.11
584	24.55	45.14
584	24.54	45.1
584	24.55	45.11
584	24.55	45.14
584	24.54	45.16
584	24.53	45.14
584	24.53	45.13
584	24.54	45.12
584	24.54	45.12
584	24.53	45.13
584	24.53	45.17
584	24.53	45.17
584	24.53	45.19
584	24.53	45.2
584	24.55	45.18
584	24.54	45.16
584	24.51	45.2
584	24.53	45.17
584	24.53	45.2
584	24.51	45.21
584	24.5	45.18
584	24.53	45.19
584	24.54	45.18
584	24.53	45.22
584	24.51	45.2
584	24.51	45.25
584	24.51	45.18
584	24.53	45.25
584	24.5	45.25
584	24.51	45.22
584	24.5	45.24
584	24.53	45.24
584	24.48	45.25
584	24.5	45.25
584	24.5	45.24
584	24.5	45.25
584	24.5	45.27
584	24.5	45.29
584	24.5	45.29
584	24.5	45.3
584	24.5	45.29
584	24.5	45.33
584	24.5	45.29
584	24.51	45.28
584	24.5	45.29
584	24.5	45.39
584	24.48	45.46
584	24.48	45.51
584	24.48	45.45
584	24.51	45.51
584	24.48	45.48
584	24.48	45.46
584	24.47	45.45
584	24.48	45.47
584	24.47	45.48
584	24.47	45.48
584	24.48	45.47
584	24.46	45.43
584	24.46	45.45
584	24.44	45.44
584	24.46	45.5
584	24.46	45.47
584	24.44	45.49
584	24.47	45.48
584	24.46	45.48
584	24.46	45.46
584	24.46	45.52
584	24.46	45.5
584	24.46	45.53
584	24.44	45.53
584	24.46	45.56
584	24.43	45.53
584	24.46	45.57
584	24.44	45.59
584	24.43	45.61
584	24.46	45.64
584	24.46	45.65
584	24.46	45.65
584	24.43	45.63
584	24.43	45.62
584	24.46	45.6
584	24.46	45.63
584	24.47	45.64
584	24.46	45.61
584	24.46	45.6
584	24.43	45.62
584	24.44	45.64
584	24.44	45.64
584	24.43	45.65
584	24.44	45.63
584	24.44	45.64
584	24.43	45.63
584	24.44	45.64
584	24.46	45.66
584	24.46	45.66
584	24.44	45.7
584	24.44	45.63
584	24.44	45.67
584	24.46	45.67
584	24.46	45.67
584	24.46	45.64
584	24.44	45.67
584	24.43	45.63
584	24.46	45.61
584	24.47	45.65
584	24.47	45.67
584	24.44	45.68
584	24.46	45.68
584	24.44	45.71
584	24.46	45.73
584	24.46	45.71
584	24.46	45.72
584	24.43	45.68
584	24.46	45.65
584	24.46	45.7
584	24.47	45.71
584	24.47	45.71
584	24.47	45.71
584	24.47	45.71
584	24.44	45.71
584	24.46	45.7
584	24.47	45.7
584	24.47	45.72
584	24.48	45.72
584	24.46	45.69
584	24.47	45.72
584	24.47	45.74
584	24.5	45.72
584	24.46	45.68
584	24.48	45.73
584	24.48	45.74
584	24.48	45.73
584	24.48	45.7
584	24.46	45.68
584	24.47	45.71
584	24.47	45.72
584	24.48	45.69
584	24.48	45.73
584	24.47	45.72
584	24.48	45.7
584	24.48	45.75
584	24.5	45.69
584	24.5	45.76
584	24.51	45.79
584	24.48	45.75
584	24.47	45.75
584	24.47	45.73
584	24.47	45.68
584	24.48	45.71
584	24.48	45.71
584	24.48	45.74
584	24.47	45.72
584	24.46	45.75
584	24.48	45.76
584	24.47	45.75
584	24.5	45.78
584	24.47	45.75
584	24.5	45.81
584	24.48	45.82
584	24.48	45.82
584	24.5	45.8
584	24.47	45.76
584	24.48	45.82
584	24.47	45.8
584	24.48	45.85
584	24.47	45.84
584	24.48	45.83
584	24.47	45.84
584	24.47	45.85
584	24.48	45.87
584	24.48	45.91
584	24.48	45.87
584	24.47	45.9
584	24.5	45.89
584	24.47	45.89
584	24.48	45.85
584	24.48	45.88
584	24.48	45.89
584	24.47	45.91
584	24.5	45.9
584	24.5	45.88
584	24.48	45.86
584	24.46	45.9
584	24.48	46.0
584	24.48	46.17
584	24.5	46.18
584	24.5	46.12
584	24.5	46.08
584	24.5	46.07
584	24.51	46.04
584	24.51	46.06
584	24.5	46.07
584	24.51	46.1
584	24.51	46.12
584	24.51	46.11
584	24.51	46.09
584	24.51	46.15
584	24.48	46.09
584	24.5	46.1
584	24.5	46.09
584	24.48	46.03
584	24.5	46.01
584	24.5	46.05
584	24.53	46.0
584	24.48	46.09
584	24.5	46.09
584	24.51	46.08
584	24.51	46.11
584	24.51	46.16
584	24.51	46.16
584	24.5	46.18
584	24.51	46.17
584	24.51	46.2
584	24.53	46.2
584	24.5	46.18
584	24.53	46.2
584	24.51	46.27
584	24.5	46.26
584	24.51	46.22
584	24.51	46.18
584	24.5	46.2
584	24.51	46.21
584	24.51	46.22
584	24.5	46.18
584	24.5	46.17
584	24.53	46.25
584	24.51	46.23
584	24.5	46.21
584	24.53	46.32
584	24.51	46.38
584	24.51	46.35
584	24.5	46.36
584	24.5	46.34
584	24.51	46.35
584	24.5	46.31
584	24.53	46.31
584	24.51	46.39
584	24.51	46.37
584	24.5	46.34
584	24.5	46.39
584	24.5	46.45
584	24.48	46.4
584	24.5	46.39
584	24.5	46.39
584	24.51	46.46
584	24.48	46.46
584	24.5	46.41
584	24.5	46.41
584	24.5	46.39
584	24.5	46.33
584	24.48	46.34
584	24.51	46.36
584	24.51	46.4
584	24.51	46.43
584	24.5	46.4
584	24.47	46.42
584	24.51	46.42
584	24.5	46.42
584	24.48	46.41
584	24.48	46.43
584	24.5	46.41
584	24.51	46.38
584	24.48	46.43
584	24.48	46.4
584	24.5	46.4
584	24.5	46.42
584	24.47	46.5
584	24.51	46.44
584	24.48	46.52
584	24.51	46.44
584	24.48	46.45
584	24.51	46.47
584	24.5	46.44
584	24.5	46.5
584	24.5	46.45
584	24.48	46.45
584	24.5	46.44
584	24.5	46.45
584	24.48	46.41
584	24.5	46.4
584	24.5	46.51
584	24.48	46.5
584	24.51	46.48
584	24.51	46.56
584	24.48	46.54
584	24.54	46.53
584	24.51	46.54
584	24.5	46.51
584	24.5	46.56
584	24.5	46.58
584	24.51	46.57
584	24.51	46.55
584	24.51	46.54
584	24.48	46.52
584	24.5	46.47
584	24.51	46.5
584	24.51	46.52
584	24.51	46.52
584	24.51	46.56
584	24.48	46.54
584	24.5	46.57
584	24.5	46.52
584	24.51	46.57
584	24.5	46.56
584	24.53	46.51
584	24.51	46.57
584	24.48	46.51
584	24.51	46.58
584	24.53	46.65
584	24.53	46.64
584	24.5	46.61
584	24.51	46.65
584	24.51	46.6
584	24.51	46.62
584	24.51	46.59
584	24.51	46.58
584	24.51	46.61
584	24.51	46.61
584	24.5	46.58
584	24.5	46.62
584	24.5	46.64
584	24.51	46.65
584	24.5	46.64
584	24.5	46.62
584	24.5	46.61
584	24.51	46.57
584	24.54	46.63
584	24.51	46.59
584	24.51	46.61
584	24.53	46.65
584	24.51	46.64
584	24.5	46.65
584	24.54	46.65
584	24.51	46.66
584	24.51	46.62
584	24.51	46.6
584	24.53	46.62
584	24.54	46.59
584	24.53	46.65
584	24.53	46.58
584	24.5	46.58
584	24.51	46.62
584	24.51	46.66
584	24.54	46.62
584	24.51	46.62
584	24.53	46.66
584	24.53	46.72
584	24.55	46.69
584	24.51	46.68
584	24.51	46.76
584	24.5	46.71
584	24.51	46.74
584	24.5	46.73
584	24.54	46.73
584	24.51	46.73
584	24.51	46.68
584	24.53	46.69
584	24.53	46.65
584	24.53	46.72
584	24.51	46.71
584	24.53	46.69
584	24.53	46.7
584	24.53	46.69
584	24.51	46.72
584	24.51	46.72
584	24.5	46.73
584	24.53	46.74
584	24.53	46.7
584	24.51	46.78
584	24.53	46.85
584	24.53	46.89
584	24.53	46.91
584	24.53	46.88
584	24.53	46.88
584	24.51	46.85
584	24.53	46.82
584	24.53	46.79
584	24.53	46.83
584	24.53	46.88
584	24.51	46.94
584	24.51	46.91
584	24.54	46.9
584	24.55	46.89
584	24.53	46.95
584	24.51	47.0
584	24.54	46.99
584	24.53	46.93
584	24.54	46.97
584	24.53	46.9
584	24.54	46.94
584	24.54	46.89
584	24.51	46.82
584	24.53	46.83
584	24.53	46.84
584	24.53	46.79
584	24.53	46.84
584	24.53	46.79
584	24.53	46.83
584	24.53	46.9
584	24.51	46.96
584	24.53	46.94
584	24.53	46.97
584	24.54	47.06
584	24.53	47.08
584	24.53	47.07
584	24.54	47.1
584	24.54	47.04
584	24.55	47.05
584	24.54	47.0
584	24.53	47.03
584	24.55	47.14
584	24.51	47.13
584	24.54	47.12
584	24.54	47.05
584	24.55	47.1
584	24.54	47.1
584	24.51	47.1
584	24.53	47.08
584	24.54	47.08
584	24.54	47.0
584	24.55	47.01
584	24.54	47.04
584	24.54	47.08
584	24.54	47.04
584	24.55	47.06
584	24.53	47.06
584	24.54	47.06
584	24.51	47.06
584	24.51	47.06
584	24.54	47.15
584	24.51	47.12
584	24.54	47.14
584	24.53	47.12
584	24.55	47.16
584	24.51	47.15
584	24.54	47.12
584	24.53	47.14
584	24.54	47.12
584	24.54	47.18
584	24.54	47.18
584	24.54	47.23
584	24.54	47.18
584	24.53	47.17
584	24.53	47.17
584	24.54	47.22
584	24.55	47.31
584	24.53	47.31
584	24.54	47.39
584	24.53	47.27
584	24.55	47.21
584	24.54	47.22
584	24.55	47.17
584	24.54	47.18
584	24.57	47.18
584	24.55	47.22
584	24.55	47.23
584	24.55	47.17
584	24.55	47.19
584	24.55	47.24
584	24.54	47.29
584	24.54	47.28
584	24.55	47.29
584	24.55	47.32
584	24.57	47.34
584	24.58	47.39
584	24.55	47.44
584	24.54	47.41
584	24.55	47.45
584	24.57	47.51
584	24.55	47.55
584	24.55	47.67
584	24.55	47.77
584	24.54	47.94
584	24.54	48.09
584	24.57	48.12
584	24.57	48.26
584	24.57	48.22
584	24.55	48.3
584	24.54	48.31
584	24.54	48.43
584	24.55	48.64
584	24.55	48.85
584	24.53	48.96
584	24.54	49.26
584	24.55	49.45
584	24.55	50.64
584	24.53	51.42
584	24.54	51.12
584	24.55	50.45
584	24.55	49.93
584	24.54	49.73
584	24.55	49.73
584	24.55	49.88
584	24.57	50.0
584	24.55	49.93
584	24.55	50.1
584	24.57	50.34
584	24.57	50.28
584	24.55	50.3
584	24.55	50.32
584	24.55	50.34
584	24.54	50.38
584	24.55	50.48
584	24.57	50.52
584	24.55	50.55
584	24.61	50.63
584	24.57	50.61
584	24.57	50.81
584	24.55	50.66
584	24.58	51.09
584	24.57	51.31
584	24.58	51.01
584	24.55	50.98
584	24.55	50.88
584	24.57	50.88
584	24.58	50.98
584	24.57	51.04
584	24.58	51.2
584	24.58	51.27
584	24.61	51.5
584	24.58	51.43
584	24.6	52.43
584	24.6	53.33
584	24.6	53.59
584	24.6	53.36
584	24.61	53.06
584	24.61	52.89
584	24.61	52.99
584	24.61	52.95
584	24.61	52.83
584	24.6	52.77
584	24.61	52.86
584	24.61	52.77
584	24.64	52.7
584	24.61	52.7
584	24.61	52.79
584	24.6	52.76
584	24.61	52.73
584	24.62	52.79
584	24.62	52.98
584	24.61	53.08
584	24.62	53.22
584	24.61	53.28
584	24.61	53.21
584	24.64	53.27
584	24.62	53.33
584	24.62	53.51
584	24.62	53.35
584	24.64	52.98
584	24.62	53.01
584	24.64	53.11
584	24.61	53.65
584	24.65	53.81
584	24.65	53.63
584	24.64	53.46
584	24.62	53.46
584	24.62	53.48
584	24.65	53.41
584	24.64	53.32
584	24.64	53.35
584	24.62	53.32
584	24.64	53.33
584	24.64	53.32
584	24.64	53.14
584	24.62	53.13
584	24.67	53.3
584	24.64	53.36
584	24.65	53.38
584	24.64	53.32
584	24.64	53.46
584	24.65	53.42
584	24.65	53.42
584	24.65	53.34
584	24.65	53.28
584	24.64	53.19
584	24.64	53.17
584	24.67	53.23
584	24.64	53.44
584	24.64	53.41
584	24.64	53.36
584	24.64	53.4
584	24.67	53.5
584	24.65	53.6
584	24.64	53.62
584	24.65	53.59
584	24.65	53.55
584	24.65	53.5
584	24.65	53.59
584	24.64	53.53
584	24.64	53.5
584	24.65	53.51
584	24.65	53.47
584	24.65	53.49
584	24.65	53.6
584	24.65	53.6
584	24.65	53.49
584	24.64	53.53
584	24.64	53.63
584	24.64	53.63
584	24.62	53.64
584	24.64	53.68
584	24.65	53.7
584	24.67	53.66
584	24.64	53.75
584	24.65	53.83
584	24.62	53.72
584	24.65	53.68
584	24.65	53.75
584	24.62	53.77
584	24.62	53.76
584	24.64	53.68
584	24.65	53.74
584	24.65	53.7
584	24.65	53.57
584	24.65	53.57
584	24.67	53.6
584	24.65	53.58
584	24.65	53.53
584	24.65	53.42
584	24.64	53.25
584	24.67	53.12
584	24.64	53.18
584	24.67	53.33
584	24.67	53.44
584	24.67	53.45
584	24.67	53.3
584	24.64	53.2
584	24.65	53.16
584	24.67	53.26
584	24.65	53.4
584	24.67	53.41
584	24.64	53.4
584	24.65	53.38
584	24.65	53.27
584	24.67	53.18
584	24.62	53.21
584	24.65	53.13
584	24.64	53.06
584	24.67	53.07
584	24.64	53.05
584	24.65	52.96
584	24.65	52.92
584	24.65	52.88
584	24.65	52.87
584	24.64	52.96
584	24.65	52.99
584	24.65	53.02
584	24.67	53.07
584	24.67	53.02
584	24.65	53.01
584	24.67	52.95
584	24.64	52.95
584	24.7	52.94
584	24.65	53.01
584	24.68	52.93
584	24.67	52.88
584	24.68	52.81
584	24.7	52.86
584	24.7	52.83
584	24.65	52.72
584	24.67	52.65
584	24.67	52.62
584	24.65	52.65
584	24.68	52.67
584	24.68	52.63
584	24.68	52.65
584	24.68	52.67
584	24.68	52.78
584	24.68	52.73
584	24.68	52.79
584	24.68	52.91
584	24.7	52.82
584	24.7	52.76
584	24.71	52.69
584	24.7	52.72
584	24.68	52.76
584	24.65	52.76
584	24.67	52.79
584	24.7	52.87
584	24.7	52.87
584	24.68	52.93
584	24.68	52.91
584	24.67	52.89
584	24.67	52.78
584	24.68	52.85
584	24.68	52.85
584	24.7	52.84
584	24.67	52.77
584	24.68	52.78
584	24.7	52.76
584	24.68	52.82
584	24.68	52.84
584	24.7	52.83
584	24.68	52.78
584	24.67	52.84
584	24.68	52.81
584	24.68	52.81
584	24.67	52.73
584	24.67	52.73
584	24.7	52.7
584	24.68	52.75
584	24.7	52.77
584	24.67	52.74
584	24.68	52.75
584	24.68	52.72
584	24.68	52.78
584	24.67	52.72
584	24.7	52.72
584	24.67	52.73
584	24.67	52.67
584	24.67	52.65
584	24.68	52.63
584	24.65	52.65
584	24.67	52.67
584	24.67	52.61
584	24.64	52.64
584	24.65	52.63
584	24.67	52.57
584	24.67	52.58
584	24.67	52.58
584	24.65	52.6
584	24.67	52.58
584	24.68	52.6
584	24.68	52.62
584	24.67	52.58
584	24.67	52.54
584	24.65	52.56
584	24.68	52.54
584	24.65	52.5
584	24.67	52.49
584	24.65	52.5
584	24.67	52.45
584	24.65	52.4
584	24.67	52.4
584	24.67	52.34
584	24.67	52.36
584	24.67	52.33
584	24.65	52.35
584	24.65	52.32
584	24.64	52.35
584	24.67	52.24
584	24.65	52.26
584	24.67	52.24
584	24.64	52.23
584	24.67	52.25
584	24.65	52.21
584	24.67	52.23
584	24.65	52.22
584	24.67	52.23
584	24.67	52.19
584	24.65	52.11
584	24.68	52.05
584	24.65	52.13
584	24.65	52.14
584	24.62	52.13
584	24.64	52.08
584	24.67	52.08
584	24.67	52.04
584	24.64	52.02
584	24.65	52.05
584	24.65	52.05
584	24.67	51.99
584	24.65	52.05
584	24.64	52.03
584	24.64	52.07
584	24.64	52.07
584	24.65	52.05
584	24.64	52.04
584	24.65	52.01
584	24.62	52.03
584	24.62	52.04
584	24.62	52.01
584	24.62	52.0
584	24.65	51.98
584	24.62	52.0
584	24.65	51.94
584	24.65	51.97
584	24.64	51.97
584	24.67	51.98
584	24.65	51.98
584	24.64	51.94
584	24.64	51.97
584	24.65	51.99
584	24.65	51.99
584	24.65	51.97
584	24.64	51.98
584	24.67	51.95
584	24.64	51.91
584	24.68	51.86
584	24.64	51.87
584	24.64	51.87
584	24.64	51.91
584	24.65	51.89
584	24.67	51.89
584	24.67	51.88
584	24.64	51.86
584	24.64	51.86
584	24.64	51.87
584	24.67	51.89
584	24.64	51.91
584	24.67	51.89
584	24.64	51.87
584	24.64	51.83
584	24.65	51.8
584	24.64	51.72
584	24.64	51.7
584	24.64	51.68
584	24.64	51.55
584	24.62	51.52
584	24.64	51.56
584	24.65	51.56
584	24.64	51.59
584	24.62	51.66
584	24.65	51.69
584	24.67	51.64
584	24.67	51.63
584	24.65	51.72
584	24.65	51.65
584	24.64	51.64
584	24.65	51.62
584	24.64	51.56
584	24.64	51.56
584	24.65	51.54
584	24.68	51.56
584	24.67	51.51
584	24.67	51.53
584	24.65	51.57
584	24.67	51.56
584	24.67	51.56
584	24.65	51.53
584	24.64	51.52
584	24.65	51.48
584	24.68	51.52
584	24.68	51.48
584	24.67	51.48
584	24.7	51.45
584	24.65	51.43
584	24.65	51.46
584	24.67	51.46
584	24.67	51.49
584	24.67	51.42
584	24.65	51.43
584	24.67	51.52
584	24.65	51.56
584	24.68	51.58
584	24.68	51.54
584	24.68	51.63
584	24.67	51.63
584	24.65	51.69
584	24.64	51.63
584	24.65	51.82
584	24.65	51.89
584	24.64	52.05
584	24.65	52.1
584	24.65	52.16
584	24.68	52.15
584	24.68	52.16
584	24.68	52.2
584	24.65	52.23
584	24.68	52.46
584	24.67	52.54
584	24.67	52.64
584	24.67	52.8
584	24.67	52.92
584	24.68	53.01
584	24.67	53.22
584	24.67	53.21
584	24.65	53.35
584	24.68	53.63
584	24.65	53.91
584	24.65	54.05
584	24.65	54.28
584	24.68	54.24
584	24.67	54.24
584	24.65	54.46
584	24.67	54.64
584	24.65	54.57
584	24.68	54.63
584	24.7	54.64
584	24.67	54.67
584	24.68	54.76
584	24.67	54.85
584	24.7	54.85
584	24.68	54.98
584	24.68	55.0
584	24.67	55.04
584	24.67	55.09
584	24.68	55.23
584	24.68	55.13
584	24.68	55.21
584	24.68	55.22
584	24.71	55.11
584	24.67	55.09
584	24.67	54.85
584	24.68	54.7
584	24.67	54.7
584	24.67	54.79
584	24.67	54.76
584	24.68	54.78
584	24.7	54.64
584	24.68	54.51
584	24.68	54.34
584	24.7	54.16
584	24.68	54.02
584	24.7	54.03
584	24.68	54.12
584	24.7	54.16
584	24.7	54.27
584	24.68	54.49
584	24.68	54.45
584	24.7	54.53
584	24.68	54.75
584	24.71	55.0
584	24.68	54.92
584	24.68	55.25
584	24.71	55.48
584	24.67	55.65
584	24.68	55.72
584	24.68	55.95
584	24.7	56.07
584	24.71	56.24
584	24.68	56.32
584	24.71	56.3
584	24.67	56.25
584	24.68	56.13
584	24.71	56.22
584	24.71	56.17
584	24.7	56.2
584	24.7	56.09
584	24.68	56.03
584	24.7	55.99
584	24.68	56.05
584	24.7	56.05
584	24.68	55.98
584	24.7	55.98
584	24.71	55.89
584	24.68	55.79
584	24.71	55.75
584	24.68	55.59
584	24.7	55.62
584	24.7	55.59
584	24.71	55.55
584	24.68	55.47
584	24.68	55.39
584	24.7	55.32
584	24.68	55.3
584	24.68	55.35
584	24.71	55.29
584	24.68	55.32
584	24.7	55.28
584	24.7	55.29
584	24.71	55.28
584	24.68	55.27
584	24.7	55.2
584	24.68	55.16
584	24.7	55.18
584	24.72	55.12
584	24.7	55.1
584	24.71	55.04
584	24.67	55.0
584	24.71	54.93
584	24.71	54.89
584	24.7	54.84
584	24.7	54.86
584	24.71	54.81
584	24.68	54.83
584	24.68	54.86
584	24.68	54.83
584	24.68	54.82
584	24.7	54.79
584	24.7	54.81
584	24.68	54.74
584	24.71	54.73
584	24.7	54.68
584	24.7	54.67
584	24.7	54.68
584	24.67	54.66
584	24.7	54.66
584	24.71	54.64
584	24.7	54.62
584	24.7	54.7
584	24.7	54.62
584	24.68	54.62
584	24.68	54.64
584	24.68	54.65
584	24.68	54.6
584	24.68	54.56
584	24.7	54.49
584	24.68	54.52
584	24.71	54.49
584	24.7	54.49
584	24.7	54.42
584	24.7	54.41
584	24.71	54.41
584	24.7	54.42
584	24.7	54.45
584	24.68	54.35
584	24.71	54.37
584	24.7	54.36
584	24.68	54.28
584	24.68	54.32
584	24.68	54.3
584	24.68	54.29
584	24.71	54.27
584	24.7	54.3
584	24.7	54.3
584	24.71	54.31
584	24.7	54.31
584	24.68	54.32
584	24.68	54.32
584	24.71	54.27
584	24.68	54.35
584	24.72	54.29
584	24.7	54.29
584	24.71	54.19
584	24.71	54.15
584	24.7	54.15
584	24.72	54.16
584	24.72	54.19
584	24.72	54.17
584	24.72	54.19
584	24.71	54.17
584	24.71	54.16
584	24.71	54.15
584	24.7	54.13
584	24.71	54.14
584	24.7	54.14
584	24.71	54.18
584	24.7	54.12
584	24.7	54.12
584	24.7	54.13
584	24.71	54.18
584	24.71	54.18
584	24.71	54.22
584	24.71	54.21
584	24.72	54.16
584	24.71	54.19
584	24.68	54.17
584	24.7	54.21
584	24.71	54.18
584	24.7	54.14
584	24.71	54.1
584	24.71	54.08
584	24.71	54.04
584	24.72	54.0
584	24.7	53.96
584	24.71	53.91
584	24.71	53.89
584	24.71	53.89
584	24.71	53.87
584	24.71	53.88
584	24.71	53.92
584	24.71	53.92
584	24.75	53.97
584	24.71	53.95
584	24.71	53.96
584	24.71	53.93
584	24.71	53.92
584	24.74	53.93
584	24.71	53.89
584	24.72	53.85
584	24.72	53.8
584	24.7	53.76
584	24.72	53.72
584	24.71	53.63
584	24.72	53.63
584	24.71	53.7
584	24.72	53.65
584	24.71	53.64
584	24.72	53.69
584	24.71	53.63
584	24.72	53.58
584	24.74	53.58
584	24.74	53.58
584	24.74	53.57
584	24.72	53.6
584	24.74	53.65
584	24.72	53.64
584	24.72	53.64
584	24.71	53.6
584	24.72	53.6
584	24.74	53.52
584	24.78	53.55
584	24.74	53.49
584	24.72	53.55
584	24.72	53.46
584	24.75	53.42
584	24.75	53.47
584	24.75	53.51
584	24.72	53.46
584	24.75	53.46
584	24.74	53.48
584	24.75	53.44
584	24.72	53.49
584	24.74	53.51
584	24.72	53.42
584	24.74	53.42
584	24.75	53.47
584	24.74	53.49
584	24.75	53.44
584	24.75	53.41
584	24.75	53.46
584	24.74	53.49
584	24.75	53.61
584	24.74	53.74
584	24.77	53.76
584	24.75	53.64
584	24.75	53.5
584	24.75	53.46
584	24.72	53.53
584	24.74	53.46
584	24.74	53.29
584	24.74	53.13
584	24.75	53.08
584	24.77	53.18
584	24.74	53.09
584	24.75	53.03
584	24.75	53.21
584	24.77	53.32
584	24.75	53.32
584	24.75	53.26
584	24.75	53.27
584	24.77	53.33
584	24.75	53.43
584	24.72	53.48
584	24.75	53.5
584	24.77	53.43
584	24.75	53.4
584	24.75	53.48
584	24.74	53.48
584	24.74	53.54
584	24.75	53.45
584	24.74	53.42
584	24.75	53.56
584	24.77	53.66
584	24.78	53.74
584	24.77	53.93
584	24.78	54.02
584	24.77	54.35
584	24.77	54.46
584	24.77	54.43
584	24.78	54.38
584	24.77	54.41
584	24.77	54.35
584	24.78	54.37
584	24.77	54.44
584	24.75	54.49
584	24.77	54.48
584	24.77	54.36
584	24.75	54.15
584	24.77	54.12
584	24.75	54.16
584	24.78	54.14
584	24.77	54.06
584	24.74	54.03
584	24.77	54.13
584	24.75	54.14
584	24.77	54.2
584	24.75	54.2
584	24.74	54.32
584	24.74	54.3
584	24.75	54.26
584	24.77	54.37
584	24.77	54.71
584	24.78	54.34
584	24.77	54.1
584	24.77	54.0
584	24.77	54.07
584	24.75	53.97
584	24.75	54.08
584	24.77	54.18
584	24.79	54.43
584	24.77	54.29
584	24.78	54.02
584	24.81	53.9
584	24.79	53.81
584	24.78	53.8
584	24.79	53.79
584	24.79	53.82
584	24.78	54.11
584	24.81	54.82
584	24.81	55.32
584	24.79	55.61
584	24.79	55.59
584	24.82	54.92
584	24.83	53.94
584	24.82	53.6
584	24.83	53.59
584	24.83	53.68
584	24.85	54.09
584	24.83	54.65
584	24.85	54.14
584	24.83	53.9
584	24.86	53.29
584	24.85	53.45
584	24.82	53.53
584	24.85	53.38
584	24.83	53.64
584	24.86	53.81
584	24.86	53.99
584	24.85	54.06
584	24.85	53.45
584	24.86	53.06
584	24.88	53.0
584	24.86	53.33
584	24.88	53.26
584	24.88	53.21
584	24.86	53.77
584	24.89	54.05
584	24.86	53.98
584	24.88	53.8
584	24.86	53.77
584	24.89	54.03
584	24.88	53.28
584	24.91	52.84
584	24.89	53.04
584	24.89	53.34
584	24.89	53.38
584	24.89	53.99
584	24.89	54.31
584	24.92	54.17
584	24.92	54.03
584	24.88	54.17
584	24.92	54.45
584	24.92	54.87
584	24.92	54.89
584	24.95	54.27
584	24.92	53.55
584	24.93	53.42
584	24.93	53.43
584	24.96	53.61
584	24.95	53.75
584	24.92	53.8
584	24.96	53.95
584	24.93	54.2
584	24.96	54.26
584	24.95	54.35
584	24.96	54.19
584	24.96	53.92
584	24.98	53.88
584	24.98	54.3
584	24.96	54.64
584	24.98	54.58
584	24.99	54.6
584	24.98	54.37
584	25.0	54.01
584	24.96	54.34
584	24.98	54.4
584	24.99	54.33
584	24.99	54.14
584	25.0	54.5
584	25.02	54.52
584	25.0	54.45
584	25.0	53.97
584	25.0	53.69
584	24.99	53.35
584	24.99	53.39
584	25.0	54.03
584	25.02	53.79
584	25.0	53.52
584	25.02	53.35
584	25.02	53.78
584	25.02	54.51
584	25.03	54.98
584	25.02	54.74
584	25.03	54.18
584	25.05	54.16
584	25.05	54.04
584	25.05	53.68
584	25.03	53.57
584	25.03	53.7
584	25.03	54.67
584	25.05	55.18
584	25.09	55.34
584	25.05	55.22
584	25.05	54.8
584	25.06	54.76
584	25.08	54.48
584	25.06	54.1
584	25.08	54.27
584	25.05	54.88
584	25.08	54.67
584	25.09	54.23
584	25.08	53.72
584	25.08	53.62
584	25.08	53.19
584	25.08	53.21
584	25.06	53.35
584	25.08	54.16
584	25.09	53.89
584	25.09	54.71
584	25.09	54.43
584	25.08	53.48
584	25.09	52.92
584	25.08	53.08
584	25.08	52.83
584	25.09	53.44
584	25.09	53.53
584	25.09	52.85
584	25.1	52.62
584	25.08	52.76
584	25.09	52.61
584	25.12	52.6
584	25.09	52.76
584	25.09	53.3
584	25.09	53.91
584	25.1	54.64
584	25.12	54.99
584	25.09	54.22
584	25.08	53.39
584	25.1	53.41
584	25.1	53.45
584	25.1	53.64
584	25.1	53.22
584	25.09	53.06
584	25.12	52.98
584	25.1	53.39
584	25.1	53.58
584	25.1	53.63
584	25.09	54.0
584	25.12	54.0
584	25.09	53.69
584	25.1	53.24
584	25.08	52.81
584	25.1	52.63
584	25.09	52.72
584	25.13	52.6
584	25.12	52.77
584	25.12	52.68
584	25.12	52.42
584	25.12	53.41
584	25.12	53.63
584	25.13	53.71
584	25.12	53.66
584	25.13	53.86
584	25.13	53.58
584	25.1	53.39
584	25.15	53.33
584	25.12	53.0
584	25.12	52.88
584	25.15	52.3
584	25.12	52.65
584	25.1	53.21
584	25.1	53.27
584	25.12	53.5
584	25.13	53.76
584	25.12	53.91
584	25.12	53.95
584	25.12	53.66
584	25.12	53.32
584	25.1	53.46
584	25.1	53.42
584	25.12	53.43
584	25.1	53.29
584	25.13	53.74
584	25.12	53.97
584	25.1	54.13
584	25.12	53.51
584	25.1	53.15
584	25.12	52.97
584	25.12	52.8
584	25.12	52.79
584	25.12	53.3
584	25.12	53.33
584	25.12	52.77
584	25.12	52.92
584	25.13	53.28
584	25.13	53.29
584	25.13	53.33
584	25.13	53.06
584	25.16	53.12
584	25.16	53.41
584	25.12	52.9
584	25.13	52.5
584	25.12	52.46
584	25.13	52.63
584	25.16	52.73
584	25.15	52.98
584	25.15	53.18
584	25.13	53.54
584	25.15	53.54
584	25.18	53.48
584	25.15	53.54
584	25.13	53.61
584	25.16	53.94
584	25.15	54.06
584	25.15	53.92
584	25.15	53.74
584	25.18	53.77
584	25.16	53.72
584	25.13	53.88
584	25.15	53.64
584	25.16	53.43
584	25.18	53.12
584	25.18	52.91
584	25.18	53.02
584	25.16	53.67
584	25.19	54.17
584	25.19	54.45
584	25.16	54.03
584	25.18	53.43
584	25.18	52.94
584	25.18	52.78
584	25.16	52.56
584	25.16	52.46
584	25.18	52.59
584	25.18	52.6
584	25.18	52.8
584	25.18	53.48
584	25.18	53.8
584	25.16	53.71
584	25.18	53.88
584	25.19	53.26
584	25.16	52.48
584	25.19	52.38
584	25.18	52.53
584	25.15	52.89
584	25.18	52.7
584	25.16	52.18
584	25.18	52.09
584	25.16	52.48
584	25.19	53.06
584	25.16	53.05
584	25.18	52.87
584	25.16	52.62
584	25.16	52.87
584	25.16	53.19
584	25.18	53.06
584	25.15	53.23
584	25.18	52.93
584	25.15	52.91
584	25.16	53.37
584	25.18	52.76
584	25.18	52.47
584	25.18	52.38
584	25.15	52.64
584	25.16	52.63
584	25.15	52.62
584	25.16	52.64
584	25.18	53.08
584	25.16	53.05
584	25.15	53.0
584	25.16	52.8
584	25.18	52.77
584	25.16	52.98
584	25.18	53.13
584	25.18	53.36
584	25.15	53.03
584	25.16	52.77
584	25.15	52.83
584	25.16	52.92
584	25.15	53.39
584	25.15	53.34
584	25.15	53.22
584	25.16	53.04
584	25.16	53.06
584	25.15	52.99
584	25.13	53.0
584	25.19	52.97
584	25.15	52.98
584	25.15	52.89
584	25.16	52.97
584	25.16	53.06
584	25.16	52.99
584	25.15	52.82
584	25.18	52.53
584	25.16	52.85
584	25.15	53.36
584	25.15	53.47
584	25.16	53.24
584	25.16	52.61
584	25.16	52.5
584	25.16	52.6
584	25.16	52.97
584	25.16	53.09
584	25.13	52.51
584	25.16	52.44
584	25.16	52.63
584	25.15	52.23
584	25.16	52.08
584	25.18	51.98
584	25.16	51.8
584	25.16	51.54
584	25.15	51.21
584	25.15	51.05
584	25.13	50.82
584	25.12	50.69
584	25.13	50.59
584	25.1	50.7
584	25.12	50.43
584	25.08	50.13
584	25.1	50.31
584	25.06	50.28
584	25.05	50.34
584	25.06	50.51
584	25.06	50.71
584	25.06	50.74
584	25.03	50.53
584	25.02	50.53
584	25.02	50.52
584	25.03	50.34
584	25.03	50.25
584	24.99	50.23
584	25.0	50.18
584	25.03	50.17
584	24.99	50.17
584	25.0	50.11
584	25.0	50.15
584	24.99	50.2
584	24.99	50.23
584	24.99	50.23
584	24.99	50.19
584	24.99	50.24
584	24.98	50.24
584	24.98	50.32
584	24.98	50.32
584	24.99	50.41
584	24.96	50.39
584	24.98	50.28
584	24.99	50.29
584	24.96	50.32
584	24.96	50.33
584	24.98	50.46
584	24.98	50.48
584	24.98	50.67
584	24.98	51.44
584	24.98	51.02
584	24.95	51.04
584	24.96	51.41
584	24.99	51.44
584	24.95	51.54
584	24.95	51.4
584	24.98	51.33
584	24.98	51.33
584	24.96	51.36
584	24.96	51.44
584	24.98	51.29
584	24.96	51.29
584	24.98	51.4
584	24.99	51.36
584	24.96	51.37
584	24.99	51.32
584	24.99	51.19
584	24.98	51.07
584	25.0	51.0
584	25.0	51.07
584	25.02	50.98
584	25.0	51.03
584	25.0	51.09
584	25.03	51.17
584	25.03	51.28
584	25.03	51.62
584	25.03	51.66
584	25.02	51.64
584	25.05	51.73
584	25.05	51.74
584	25.06	51.76
584	25.05	51.65
584	25.06	51.63
584	25.06	51.64
584	25.06	51.5
584	25.06	51.35
584	25.06	51.43
584	25.09	51.26
584	25.08	51.11
584	25.08	51.25
584	25.09	51.63
584	25.08	51.53
584	25.1	51.14
584	25.09	51.11
584	25.09	51.25
584	25.09	51.23
584	25.1	51.17
584	25.1	51.27
584	25.1	51.38
584	25.1	51.41
584	25.09	51.4
584	25.12	51.27
584	25.1	51.44
584	25.16	51.51
584	25.1	51.69
584	25.12	51.75
584	25.1	51.8
584	25.15	51.91
584	25.13	51.95
584	25.15	52.12
584	25.16	52.22
584	25.16	52.28
584	25.16	52.43
584	25.15	52.53
584	25.15	52.56
584	25.18	52.61
584	25.16	52.68
584	25.18	52.64
584	25.2	52.61
584	25.2	52.39
584	25.19	52.16
584	25.22	51.94
584	25.2	52.14
584	25.19	52.25
584	25.2	52.33
584	25.2	52.15
584	25.22	51.96
584	25.19	52.03
584	25.19	52.01
584	25.22	52.13
584	25.22	52.15
584	25.2	52.1
584	25.2	52.01
584	25.23	51.98
584	25.23	51.92
584	25.23	51.87
584	25.23	51.82
584	25.22	51.88
584	25.2	51.85
584	25.23	51.78
584	25.23	51.76
584	25.23	51.74
584	25.25	51.69
584	25.22	51.7
584	25.26	51.69
584	25.25	51.57
584	25.27	51.42
584	25.26	51.41
584	25.25	51.47
584	25.23	51.4
584	25.27	51.39
584	25.27	51.32
584	25.26	51.26
584	25.27	51.23
584	25.26	51.23
584	25.26	51.22
584	25.3	51.22
584	25.27	51.27
584	25.3	51.24
584	25.29	51.22
584	25.32	51.23
584	25.32	51.24
584	25.3	51.24
584	25.29	51.21
584	25.29	51.2
584	25.3	51.11
584	25.32	51.05
584	25.3	51.02
584	25.32	50.97
584	25.33	50.96
584	25.32	50.95
584	25.32	50.86
584	25.33	50.86
584	25.32	50.89
584	25.34	50.88
584	25.33	50.92
584	25.32	50.91
584	25.33	50.87
584	25.33	50.79
584	25.33	50.77
584	25.34	50.73
584	25.34	50.91
584	25.34	50.91
584	25.33	50.94
584	25.34	50.95
584	25.36	50.93
584	25.34	50.86
584	25.34	50.89
584	25.34	50.8
584	25.36	50.85
584	25.36	50.85
584	25.36	50.95
584	25.37	51.0
584	25.37	51.01
584	25.34	51.02
584	25.34	50.99
584	25.34	50.86
584	25.36	50.76
584	25.38	50.75
584	25.36	50.73
584	25.37	50.31
584	25.34	50.16
584	25.36	49.82
584	25.38	49.71
584	25.36	49.51
584	25.36	49.5
584	25.37	49.25
584	25.36	48.96
584	25.36	48.71
584	25.34	48.79
584	25.33	49.47
584	25.33	50.51
584	25.34	49.92
584	25.33	49.51
584	25.33	49.17
584	25.33	49.03
584	25.34	48.9
584	25.33	48.81
584	25.33	48.69
584	25.33	48.61
584	25.34	48.62
584	25.34	48.62
584	25.33	48.67
584	25.34	48.65
584	25.32	48.87
584	25.36	49.2
584	25.36	49.18
584	25.33	49.41
584	25.36	49.22
584	25.34	49.13
584	25.33	49.04
584	25.34	49.03
584	25.34	49.07
584	25.34	49.17
584	25.37	49.07
584	25.36	49.04
584	25.36	49.1
584	25.34	49.39
584	25.34	49.32
584	25.36	49.27
584	25.36	49.16
584	25.37	49.08
584	25.38	49.24
584	25.37	49.29
584	25.38	49.32
584	25.37	49.7
584	25.37	49.5
584	25.41	49.54
584	25.4	49.35
584	25.4	49.29
584	25.41	49.22
584	25.43	49.25
584	25.4	49.26
584	25.43	49.59
584	25.43	49.75
584	25.41	49.47
584	25.41	49.18
584	25.41	49.18
584	25.41	49.26
584	25.4	49.15
584	25.43	49.08
584	25.43	49.11
584	25.43	49.03
584	25.43	49.05
584	25.41	48.99
584	25.44	48.95
584	25.41	48.99
584	25.4	49.1
584	25.41	49.08
584	25.43	49.01
584	25.43	49.03
584	25.4	49.14
584	25.4	49.32
584	25.41	49.35
584	25.4	49.33
584	25.44	49.38
584	25.41	49.44
584	25.44	49.63
584	25.44	49.82
584	25.41	49.78
584	25.43	49.79
584	25.44	49.9
584	25.43	49.89
584	25.44	49.74
584	25.43	50.17
584	25.43	49.94
584	25.43	49.62
584	25.44	49.48
584	25.43	49.51
584	25.46	49.55
584	25.44	49.49
584	25.44	49.48
584	25.44	49.59
584	25.44	49.59
584	25.46	49.65
584	25.46	49.71
584	25.46	49.65
584	25.47	49.53
584	25.47	49.45
584	25.46	49.67
584	25.48	49.63
584	25.48	49.41
584	25.47	49.36
584	25.47	49.32
584	25.48	49.24
584	25.48	49.17
584	25.47	49.5
584	25.47	49.36
584	25.47	49.57
584	25.48	49.52
584	25.47	49.46
584	25.5	49.41
584	25.47	49.7
584	25.47	49.69
584	25.5	49.56
584	25.48	49.58
584	25.5	49.51
584	25.51	49.36
584	25.5	49.34
584	25.5	49.27
584	25.5	49.31
584	25.5	49.28
584	25.53	49.26
584	25.53	49.34
584	25.54	49.31
584	25.51	49.2
584	25.51	49.13
584	25.54	49.06
584	25.56	49.02
584	25.57	48.93
584	25.57	48.9
584	25.57	48.88
584	25.57	48.91
584	25.57	48.87
584	25.58	48.88
584	25.57	48.83
584	25.58	48.94
584	25.57	48.82
584	25.58	48.78
584	25.58	48.73
584	25.58	48.78
584	25.6	48.78
584	25.6	48.8
584	25.6	48.8
584	25.61	48.72
584	25.6	48.66
584	25.61	48.59
584	25.63	48.57
584	25.63	48.6
584	25.63	48.59
584	25.64	48.55
584	25.63	48.65
584	25.64	48.61
584	25.63	48.53
584	25.64	48.69
584	25.64	48.63
584	25.64	48.48
584	25.64	48.49
584	25.64	48.46
584	25.63	48.46
584	25.65	48.42
584	25.64	48.41
584	25.64	48.42
584	25.65	48.44
584	25.64	48.41
584	25.68	48.52
584	25.65	48.42
584	25.65	48.39
584	25.67	48.4
584	25.68	48.26
584	25.68	48.26
584	25.7	48.34
584	25.65	48.34
584	25.67	48.47
584	25.68	48.48
584	25.7	48.4
584	25.7	48.42
584	25.7	48.33
584	25.68	48.44
584	25.65	48.37
584	25.7	48.32
584	25.7	48.4
584	25.7	48.38
584	25.7	48.36
584	25.67	48.34
584	25.68	48.26
584	25.68	48.27
584	25.67	48.27
584	25.68	48.21
584	25.71	48.21
584	25.68	48.33
584	25.71	48.21
584	25.7	48.16
584	25.7	48.12
584	25.71	48.18
584	25.73	48.15
584	25.73	48.13
584	25.75	48.14
584	25.75	48.11
584	25.73	48.11
584	25.74	48.28
584	25.74	48.24
584	25.74	48.14
584	25.74	48.03
584	25.78	48.19
584	25.77	48.05
584	25.75	48.0
584	25.74	47.93
584	25.77	47.95
584	25.75	48.05
584	25.77	48.22
584	25.78	48.01
584	25.81	47.94
584	25.81	47.98
584	25.8	47.93
584	25.8	48.0
584	25.8	47.98
584	25.8	47.92
584	25.8	47.9
584	25.81	47.9
584	25.78	47.87
584	25.81	47.82
584	25.8	47.77
584	25.81	48.0
584	25.8	47.87
584	25.8	47.91
584	25.82	47.84
584	25.81	47.84
584	25.84	47.75
584	25.87	47.75
584	25.84	47.77
584	25.84	47.92
584	25.81	47.87
584	25.82	47.8
584	25.84	47.81
584	25.82	47.87
584	25.84	47.85
584	25.82	47.75
584	25.81	47.73
584	25.84	47.79
584	25.84	47.84
584	25.82	47.71
584	25.84	47.67
584	25.84	47.66
584	25.84	47.66
584	25.84	47.61
584	25.87	47.63
584	25.88	47.62
584	25.85	47.64
584	25.87	47.58
584	25.85	47.58
584	25.88	47.64
584	25.89	47.6
584	25.88	47.49
584	25.89	47.42
584	25.89	47.4
584	25.89	47.47
584	25.89	47.47
584	25.91	47.53
584	25.92	47.46
584	25.91	47.46
584	25.91	47.43
584	25.91	47.45
584	25.88	47.51
584	25.94	47.46
584	25.92	47.38
584	25.95	47.47
584	25.95	47.59
584	25.95	47.52
584	25.95	47.35
584	25.96	47.34
584	25.95	47.3
584	25.96	47.27
584	25.96	47.19
584	25.96	47.06
584	25.98	47.08
584	25.96	47.03
584	25.99	47.07
584	25.99	47.27
584	25.98	47.56
584	26.01	47.41
584	25.98	47.37
584	25.96	47.32
584	25.96	47.32
584	25.98	47.49
584	25.98	47.46
584	25.98	47.42
584	25.98	47.46
584	25.96	47.43
584	25.98	47.5
584	25.99	47.42
584	25.92	47.49
584	25.94	47.61
584	25.96	47.62
584	25.95	47.55
584	25.96	47.42
584	25.99	47.42
584	25.95	47.42
584	25.98	47.43
584	25.98	47.41
584	25.95	47.42
584	25.95	47.47
584	25.95	47.52
584	25.96	47.54
584	25.94	47.63
584	25.94	47.72
584	25.95	47.79
584	25.92	47.8
584	25.91	47.8
584	25.91	47.88
584	25.91	47.94
584	25.91	47.9
584	25.88	47.93
584	25.87	47.94
584	25.87	47.94
584	25.85	47.96
584	25.87	47.96
584	25.85	47.94
584	25.85	48.0
584	25.87	47.97
584	25.87	48.09
584	25.87	48.02
584	25.87	48.01
584	25.85	47.99
584	25.84	47.99
584	25.84	47.95
584	25.85	47.94
584	25.85	47.94
584	25.82	47.94
584	25.85	47.95
584	25.84	47.99
584	25.84	47.97
584	25.81	47.97
584	25.84	48.02
584	25.84	48.03
584	25.82	48.04
584	25.81	47.97
584	25.82	47.99
584	25.82	47.98
584	25.81	48.0
584	25.8	47.97
584	25.81	47.93
584	25.82	47.97
584	25.81	47.93
584	25.82	47.93
584	25.81	47.94
584	25.81	48.0
584	25.81	47.93
584	25.81	47.97
584	25.81	47.98
584	25.8	47.92
584	25.81	47.96
584	25.8	47.98
584	25.8	47.93
584	25.81	47.97
584	25.81	47.88
584	25.77	47.89
584	25.78	47.89
584	25.8	47.93
584	25.78	47.95
584	25.78	47.93
584	25.8	47.92
584	25.78	47.92
584	25.8	47.9
584	25.8	47.94
584	25.78	47.87
584	25.8	47.9
584	25.8	47.94
584	25.78	47.9
584	25.8	47.92
584	25.8	47.94
584	25.78	47.92
584	25.78	47.89
584	25.78	47.84
584	25.8	47.84
584	25.78	47.8
584	25.78	47.86
584	25.77	47.82
584	25.8	48.08
584	25.8	48.14
584	25.78	48.07
584	25.81	48.13
584	25.82	48.19
584	25.81	48.18
584	25.81	48.09
584	25.82	47.96
584	25.82	48.27
584	25.84	48.91
584	25.82	48.91
584	25.84	48.62
584	25.87	48.44
584	25.84	48.39
584	25.88	48.67
584	25.85	48.88
584	25.85	48.63
584	25.88	48.57
584	25.88	48.55
584	25.88	48.37
584	25.88	48.25
584	25.89	48.18
584	25.89	47.86
584	25.88	47.72
584	25.89	47.66
584	25.92	47.68
584	25.89	47.68
584	25.89	47.65
584	25.91	47.7
584	25.91	47.66
584	25.92	47.71
584	25.92	47.73
584	25.92	47.66
584	25.89	47.63
584	25.89	47.64
584	25.91	47.71
584	25.91	47.76
584	25.91	47.71
584	25.87	47.8
584	25.88	47.83
584	25.89	47.77
584	25.87	47.81
584	25.87	47.84
584	25.88	47.72
584	25.87	47.75
584	25.87	47.77
584	25.87	47.74
584	25.88	47.68
584	25.89	47.57
584	25.87	47.56
584	25.89	47.7
584	25.88	47.77
584	25.88	47.77
584	25.87	47.79
584	25.87	47.81
584	25.87	47.78
584	25.87	47.73
584	25.87	47.62
584	25.87	47.59
584	25.87	47.59
584	25.88	47.59
584	25.87	47.55
584	25.87	47.58
584	25.84	47.54
584	25.87	47.56
584	25.87	47.56
584	25.87	47.54
584	25.88	47.5
584	25.88	47.48
584	25.88	47.42
584	25.87	47.38
584	25.87	47.37
584	25.88	47.42
584	25.88	47.42
584	25.87	47.39
584	25.88	47.32
584	25.88	47.31
584	25.88	47.3
584	25.91	47.27
584	25.87	47.34
584	25.89	47.29
584	25.89	47.28
584	25.91	47.2
584	25.89	47.14
584	25.88	47.1
584	25.91	47.15
584	25.92	47.13
584	25.91	47.1
584	25.92	47.1
584	25.92	47.09
584	25.92	47.1
584	25.91	47.09
584	25.91	47.08
584	25.91	47.08
584	25.91	47.12
584	25.91	47.14
584	25.89	47.09
584	25.89	47.06
584	25.92	47.02
584	25.92	46.86
584	25.92	46.85
584	25.91	46.92
584	25.95	47.07
584	25.94	47.19
584	25.94	47.23
584	25.94	47.14
584	25.92	47.12
584	25.94	47.13
584	25.94	47.06
584	25.94	46.96
584	25.94	46.92
584	25.91	46.91
584	25.92	46.9
584	25.91	46.86
584	25.94	46.78
584	25.95	46.8
584	25.95	46.73
584	25.94	46.72
584	25.95	46.62
584	25.94	46.63
584	25.94	46.68
584	25.95	46.72
584	25.95	46.66
584	25.94	46.66
584	25.95	46.82
584	25.94	46.76
584	25.94	46.71
584	25.92	46.77
584	25.96	46.66
584	25.95	46.6
584	25.95	46.59
584	25.94	46.58
584	25.92	46.61
584	25.92	46.65
584	25.94	46.68
584	25.94	46.63
584	25.95	46.53
584	25.94	46.45
584	25.92	46.4
584	25.92	46.39
584	25.92	46.46
584	25.92	46.41
584	25.92	46.41
584	25.91	46.42
584	25.92	46.46
584	25.91	46.41
584	25.89	46.4
584	25.91	46.47
584	25.91	46.54
584	25.91	46.54
584	25.89	46.48
584	25.88	46.64
584	25.87	46.79
584	25.84	46.7
584	25.84	46.64
584	25.85	46.65
584	25.84	46.67
584	25.85	46.74
584	25.84	46.72
584	25.85	46.73
584	25.82	46.63
584	25.85	46.73
584	25.85	46.76
584	25.85	46.76
584	25.85	46.74
584	25.84	46.76
584	25.85	46.72
584	25.82	46.7
584	25.82	46.64
584	25.84	46.57
584	25.85	46.69
584	25.85	46.73
584	25.82	46.75
584	25.84	46.73
584	25.84	46.77
584	25.82	46.65
584	25.84	46.63
584	25.82	46.63
584	25.85	46.56
584	25.85	46.59
584	25.82	46.57
584	25.82	46.5
584	25.81	46.55
584	25.82	46.65
584	25.85	46.69
584	25.84	46.62
584	25.82	46.59
584	25.82	46.57
584	25.81	46.52
584	25.8	46.51
584	25.8	46.56
584	25.84	46.63
584	25.82	46.58
584	25.84	46.68
584	25.81	46.68
584	25.81	46.65
584	25.82	46.69
584	25.82	46.62
584	25.81	46.59
584	25.82	46.54
584	25.82	46.65
584	25.82	46.58
584	25.82	46.54
584	25.82	46.51
584	25.84	46.5
584	25.81	46.5
584	25.81	46.54
584	25.82	46.57
584	25.8	46.52
584	25.81	46.46
584	25.81	46.48
584	25.8	46.48
584	25.8	46.66
584	25.8	46.65
584	25.78	46.51
584	25.78	46.49
584	25.77	46.5
584	25.78	46.53
584	25.77	46.52
584	25.78	46.65
584	25.77	46.65
584	25.75	46.63
584	25.77	46.59
584	25.75	46.55
584	25.77	46.5
584	25.77	46.54
584	25.77	46.63
584	25.8	46.64
584	25.78	46.63
584	25.77	46.55
584	25.77	46.59
584	25.77	46.57
584	25.74	46.57
584	25.77	46.65
584	25.77	46.65
584	25.75	46.66
584	25.75	46.67
584	25.75	46.68
584	25.74	46.7
584	25.75	46.65
584	25.75	46.69
584	25.74	46.72
584	25.71	46.68
584	25.73	46.69
584	25.73	46.74
584	25.74	46.69
584	25.73	46.74
584	25.71	46.72
584	25.7	46.76
584	25.73	46.74
584	25.74	46.74
584	25.73	46.65
584	25.74	46.66
584	25.73	46.66
584	25.74	46.67
584	25.71	46.69
584	25.75	46.74
584	25.73	46.75
584	25.73	46.64
584	25.74	46.75
584	25.74	46.7
584	25.71	46.65
584	25.73	46.54
584	25.74	46.53
584	25.73	46.58
584	25.73	46.57
584	25.73	46.61
584	25.73	46.63
584	25.74	46.63
584	25.74	46.6
584	25.7	46.55
584	25.71	46.61
584	25.73	46.54
584	25.71	46.31
584	25.71	46.48
584	25.71	46.66
584	25.7	46.75
584	25.71	46.82
584	25.7	46.84
584	25.71	46.77
584	25.71	46.74
584	25.73	46.75
584	25.7	46.78
584	25.7	46.83
584	25.71	46.86
584	25.74	47.02
584	25.71	46.98
584	25.7	46.87
584	25.73	46.87
584	25.71	47.22
584	25.74	47.58
584	25.73	47.7
584	25.73	47.72
584	25.74	47.62
584	25.74	47.64
584	25.74	47.47
584	25.74	47.23
584	25.74	47.18
584	25.74	47.35
584	25.73	47.29
584	25.71	47.1
584	25.73	47.01
584	25.71	47.12
584	25.73	47.15
584	25.7	47.33
584	25.7	47.3
584	25.74	47.3
584	25.71	47.35
584	25.7	47.36
584	25.7	47.13
584	25.7	47.14
584	25.73	47.28
584	25.7	47.35
584	25.73	47.32
584	25.7	47.25
584	25.68	47.25
584	25.71	47.42
584	25.7	47.48
584	25.7	47.6
584	25.7	47.7
584	25.68	47.72
584	25.68	47.7
584	25.7	47.75
584	25.71	47.72
584	25.68	47.76
584	25.68	47.89
584	25.68	47.97
584	25.67	48.04
584	25.68	47.94
584	25.68	47.93
584	25.67	47.95
584	25.68	47.86
584	25.65	47.87
584	25.65	47.84
584	25.68	47.89
584	25.65	47.88
584	25.64	47.83
584	25.65	47.89
584	25.65	47.89
584	25.64	47.92
584	25.64	47.95
584	25.64	47.98
584	25.63	47.98
584	25.64	47.98
584	25.65	48.11
584	25.64	48.11
584	25.63	48.07
584	25.64	48.08
584	25.63	48.04
584	25.61	48.07
584	25.63	48.03
584	25.63	47.98
584	25.61	48.03
584	25.64	48.04
584	25.63	48.02
584	25.6	48.02
584	25.61	47.98
584	25.6	48.03
584	25.6	48.0
584	25.61	48.04
584	25.61	48.01
584	25.61	48.05
584	25.63	48.05
584	25.6	48.1
584	25.6	48.03
584	25.61	47.98
584	25.6	48.03
584	25.6	48.08
584	25.6	48.09
584	25.6	48.07
584	25.58	48.08
584	25.6	48.09
584	25.6	48.03
584	25.61	48.06
584	25.6	48.17
584	25.58	48.26
584	25.58	48.21
584	25.58	48.29
584	25.58	48.2
584	25.6	48.22
584	25.57	48.14
584	25.57	48.12
584	25.58	48.05
584	25.58	48.05
584	25.6	48.05
584	25.57	48.03
584	25.6	48.04
584	25.56	48.05
584	25.58	48.04
584	25.58	48.0
584	25.58	47.98
584	25.58	48.03
584	25.6	48.04
584	25.56	48.02
584	25.58	48.05
584	25.56	48.01
584	25.58	48.17
584	25.56	48.2
584	25.56	48.09
584	25.57	48.18
584	25.57	48.24
584	25.57	48.31
584	25.56	48.35
584	25.56	48.35
584	25.54	48.35
584	25.54	48.16
584	25.54	48.07
584	25.54	48.04
584	25.54	48.03
584	25.57	48.06
584	25.53	48.06
584	25.54	48.11
584	25.56	48.09
584	25.54	47.98
584	25.54	48.04
584	25.53	48.0
584	25.54	48.02
584	25.51	47.98
584	25.53	48.06
584	25.53	48.08
584	25.51	48.06
584	25.51	48.06
584	25.53	48.02
584	25.51	48.01
584	25.51	47.99
584	25.5	47.98
584	25.53	47.98
584	25.53	47.96
584	25.53	47.96
584	25.48	48.05
584	25.5	48.03
584	25.48	48.02
584	25.48	47.96
584	25.5	47.99
584	25.5	48.01
584	25.48	47.99
584	25.47	48.0
584	25.48	47.97
584	25.48	47.96
584	25.48	48.01
584	25.46	48.02
584	25.48	48.03
584	25.48	48.04
584	25.44	48.01
584	25.48	47.96
584	25.48	47.97
584	25.47	47.99
584	25.44	47.99
584	25.46	47.99
584	25.47	47.94
584	25.44	47.94
584	25.46	47.89
584	25.5	47.95
584	25.47	47.96
584	25.46	47.95
584	25.46	47.96
584	25.41	47.94
584	25.44	47.93
584	25.46	47.92
584	25.43	47.91
584	25.46	47.89
584	25.44	47.95
584	25.43	47.91
584	25.46	47.91
584	25.44	47.87
584	25.44	47.91
584	25.46	47.91
584	25.43	47.92
584	25.44	47.9
584	25.43	47.95
584	25.43	47.91
584	25.43	47.89
584	25.43	47.85
584	25.43	47.87
584	25.43	47.86
584	25.41	47.86
584	25.41	47.87
584	25.43	47.87
584	25.41	47.88
584	25.41	47.88
584	25.43	47.87
584	25.4	47.83
584	25.41	47.85
584	25.4	47.88
584	25.41	47.87
584	25.41	47.78
584	25.38	47.81
584	25.38	47.82
584	25.41	47.87
584	25.4	47.85
584	25.38	47.89
584	25.38	47.88
584	25.37	47.79
584	25.38	47.83
584	25.38	47.83
584	25.38	47.87
584	25.37	47.83
584	25.36	47.79
584	25.37	47.83
584	25.34	47.82
584	25.38	47.84
584	25.36	47.86
584	25.37	47.85
584	25.36	47.75
584	25.36	47.8
584	25.36	47.79
584	25.36	47.82
584	25.36	47.81
584	25.36	47.8
584	25.37	47.76
584	25.34	47.75
584	25.34	47.77
584	25.37	47.75
584	25.33	47.73
584	25.33	47.72
584	25.33	47.77
584	25.34	47.76
584	25.34	47.76
584	25.36	47.74
584	25.33	47.75
584	25.34	47.69
584	25.32	47.66
584	25.33	47.74
584	25.33	47.75
584	25.34	47.79
584	25.32	47.74
584	25.32	47.75
584	25.34	47.73
584	25.32	47.71
584	25.33	47.71
584	25.32	47.67
584	25.3	47.64
584	25.33	47.61
584	25.3	47.66
584	25.32	47.64
584	25.33	47.67
584	25.33	47.67
584	25.3	47.68
584	25.32	47.71
584	25.29	47.67
584	25.3	47.72
584	25.3	47.69
584	25.32	47.65
584	25.27	47.63
584	25.29	47.67
584	25.3	47.66
584	25.3	47.67
584	25.3	47.67
584	25.29	47.65
584	25.3	47.67
584	25.29	47.7
584	25.26	47.68
584	25.3	47.66
584	25.29	47.66
584	25.3	47.61
584	25.27	47.67
584	25.29	47.66
584	25.29	47.64
584	25.29	47.6
584	25.29	47.62
584	25.29	47.63
584	25.3	47.63
584	25.27	47.63
584	25.26	47.64
584	25.26	47.63
584	25.3	47.65
584	25.27	47.69
584	25.29	47.67
584	25.27	47.67
584	25.26	47.6
584	25.26	47.58
584	25.26	47.58
584	25.26	47.58
584	25.26	47.59
584	25.27	47.55
584	25.26	47.55
584	25.25	47.6
584	25.26	47.55
584	25.26	47.57
584	25.26	47.52
584	25.27	47.54
584	25.25	47.55
584	25.26	47.53
584	25.27	47.48
584	25.25	47.49
584	25.26	47.52
584	25.25	47.51
584	25.25	47.49
584	25.22	47.54
584	25.22	47.5
584	25.26	47.48
584	25.23	47.52
584	25.25	47.52
584	25.23	47.53
584	25.23	47.51
584	25.25	47.52
584	25.22	47.45
584	25.23	47.52
584	25.25	47.5
584	25.23	47.46
584	25.25	47.53
584	25.25	47.49
584	25.25	47.44
584	25.23	47.47
584	25.25	47.42
584	25.25	47.42
584	25.25	47.43
584	25.23	47.39
584	25.23	47.44
584	25.25	47.42
584	25.22	47.48
584	25.2	47.46
584	25.23	47.48
584	25.19	47.45
584	25.22	47.47
584	25.22	47.49
584	25.2	47.46
584	25.23	47.49
584	25.19	47.46
584	25.19	47.5
584	25.18	47.49
584	25.2	47.52
584	25.19	47.51
584	25.19	47.55
584	25.19	47.47
584	25.2	47.51
584	25.18	47.5
584	25.19	47.55
584	25.18	47.5
584	25.2	47.52
584	25.18	47.52
584	25.18	47.53
584	25.16	47.51
584	25.19	47.44
584	25.18	47.47
584	25.19	47.55
584	25.19	47.52
584	25.18	47.55
584	25.18	47.52
584	25.18	47.51
584	25.18	47.54
584	25.16	47.51
584	25.15	47.55
584	25.16	47.55
584	25.16	47.54
584	25.16	47.54
584	25.15	47.48
584	25.16	47.51
584	25.15	47.5
584	25.15	47.52
584	25.15	47.5
584	25.12	47.57
584	25.13	47.47
584	25.16	47.48
584	25.15	47.55
584	25.15	47.58
584	25.15	47.53
584	25.15	47.51
584	25.16	47.5
584	25.16	47.41
584	25.15	47.47
584	25.15	47.48
584	25.18	47.47
584	25.16	47.48
584	25.12	47.46
584	25.13	47.41
584	25.16	47.39
584	25.15	47.48
584	25.15	47.47
584	25.13	47.46
584	25.16	47.43
584	25.13	47.49
584	25.15	47.49
584	25.13	47.47
584	25.13	47.45
584	25.15	47.5
584	25.15	47.48
584	25.13	47.45
584	25.16	47.48
584	25.13	47.48
584	25.13	47.49
584	25.15	47.51
584	25.15	47.48
584	25.13	47.49
584	25.13	47.46
584	25.13	47.48
584	25.13	47.49
584	25.15	47.51
584	25.12	47.48
584	25.12	47.49
584	25.12	47.51
584	25.13	47.48
584	25.12	47.48
584	25.12	47.46
584	25.13	47.46
584	25.1	47.53
584	25.1	47.51
584	25.12	47.56
584	25.12	47.53
584	25.1	47.55
584	25.12	47.6
584	25.1	47.55
584	25.12	47.56
584	25.13	47.57
584	25.12	47.58
584	25.1	47.61
584	25.09	47.61
584	25.12	47.58
584	25.1	47.64
584	25.12	47.72
584	25.1	47.64
584	25.1	47.68
584	25.1	47.72
584	25.1	47.72
584	25.08	47.77
584	25.09	47.77
584	25.08	47.75
584	25.08	47.74
584	25.09	47.81
584	25.05	47.78
584	25.06	47.84
584	25.08	47.84
584	25.03	47.84
584	25.08	47.87
584	25.06	47.87
584	25.08	47.91
584	25.05	47.9
584	25.08	47.9
584	25.05	47.93
584	25.06	47.94
584	25.05	47.91
584	25.05	47.93
584	25.06	47.98
584	25.05	48.0
584	25.05	47.97
584	25.05	47.99
584	25.05	47.94
584	25.03	47.99
584	25.03	47.97
584	25.08	47.97
584	25.06	47.98
584	25.06	48.0
584	25.05	47.99
584	25.05	47.97
584	25.05	48.04
584	25.05	48.0
584	25.02	48.03
584	25.05	48.01
584	25.05	48.0
584	25.03	48.05
584	25.05	48.0
584	25.05	48.08
584	25.0	48.03
584	25.03	48.07
584	25.03	48.04
584	25.06	48.07
584	25.05	48.1
584	25.03	48.04
584	25.03	48.09
584	25.02	48.07
584	25.03	48.05
584	25.03	48.07
584	25.02	48.04
584	25.05	48.07
584	25.05	48.08
584	25.03	48.13
584	25.05	48.1
584	25.03	48.12
584	25.05	48.1
584	25.0	48.16
584	25.05	48.07
584	25.03	48.18
584	25.02	48.15
584	25.02	48.18
584	25.03	48.16
584	25.03	48.18
584	25.03	48.16
584	25.0	48.17
584	25.03	48.2
584	25.03	48.2
584	25.03	48.17
584	25.03	48.2
584	25.0	48.23
584	25.02	48.22
584	25.0	48.2
584	25.0	48.22
584	25.02	48.29
584	25.0	48.23
584	24.99	48.27
584	25.0	48.29
584	24.99	48.3
584	25.02	48.32
584	25.03	48.32
584	24.99	48.26
584	25.0	48.34
584	25.02	48.33
584	25.02	48.36
584	25.02	48.33
584	24.99	48.36
584	25.03	48.37
584	24.99	48.37
584	24.99	48.4
584	24.99	48.37
584	24.99	48.36
584	25.0	48.35
584	25.0	48.39
584	24.98	48.41
584	25.02	48.43
584	25.0	48.47
584	24.98	48.41
584	24.98	48.41
584	24.99	48.45
584	24.99	48.41
584	24.98	48.4
584	24.96	48.43
584	24.98	48.49
584	24.95	48.45
584	25.0	48.45
584	24.95	48.44
584	24.96	48.46
584	24.95	48.52
584	24.98	48.5
584	24.98	48.51
584	24.95	48.49
584	24.96	48.53
584	24.96	48.55
584	24.95	48.54
584	24.96	48.54
584	24.95	48.51
584	24.93	48.56
584	24.96	48.57
584	24.96	48.57
584	24.95	48.56
584	24.95	48.58
584	24.96	48.56
584	24.96	48.58
584	24.95	48.56
584	24.93	48.57
584	24.95	48.56
584	24.92	48.61
584	24.95	48.62
584	24.93	48.65
584	24.95	48.62
584	24.93	48.62
584	24.93	48.63
584	24.95	48.64
584	24.92	48.65
584	24.93	48.65
584	24.93	48.67
584	24.93	48.64
584	24.93	48.65
584	24.93	48.68
584	24.92	48.68
584	24.92	48.72
584	24.91	48.7
584	24.92	48.69
584	24.93	48.7
584	24.91	48.73
584	24.93	48.73
584	24.91	48.8
584	24.93	48.83
584	24.89	48.81
584	24.93	48.79
584	24.92	48.86
584	24.92	48.85
584	24.92	48.85
584	24.93	48.83
584	24.91	48.88
584	24.92	48.84
584	24.89	48.81
584	24.95	48.85
584	24.93	48.85
584	24.91	48.91
584	24.92	48.9
584	24.92	48.87
584	24.89	48.94
584	24.89	48.91
584	24.92	48.92
584	24.91	48.94
584	24.89	48.94
584	24.89	48.98
584	24.89	48.95
584	24.89	48.98
584	24.89	49.0
584	24.91	49.03
584	24.89	49.04
584	24.91	49.03
584	24.89	49.04
584	24.89	49.04
584	24.91	49.03
584	24.89	48.93
584	24.91	48.98
584	24.89	49.02
584	24.89	49.02
584	24.88	49.01
584	24.89	49.03
584	24.88	49.07
584	24.89	49.1
584	24.91	49.07
584	24.89	49.11
584	24.89	49.1
584	24.89	49.12
584	24.88	49.12
584	24.88	49.12
584	24.89	49.13
584	24.88	49.15
584	24.88	49.12
584	24.91	49.14
584	24.88	49.2
584	24.89	49.13
584	24.88	49.16
584	24.88	49.14
584	24.88	49.18
584	24.88	49.22
584	24.88	49.27
584	24.88	49.22
584	24.89	49.26
584	24.89	49.28
584	24.88	49.28
584	24.88	49.25
584	24.88	49.31
584	24.85	49.29
584	24.88	49.24
584	24.85	49.24
584	24.85	49.26
584	24.88	49.24
584	24.86	49.26
584	24.86	49.27
584	24.86	49.33
584	24.86	49.3
584	24.88	49.28
584	24.89	49.29
584	24.88	49.28
584	24.86	49.29
584	24.86	49.28
584	24.86	49.24
584	24.85	49.36
584	24.85	49.29
584	24.83	49.33
584	24.89	49.37
584	24.86	49.4
584	24.89	49.41
584	24.86	49.44
584	24.86	49.43
584	24.89	49.39
584	24.88	49.37
584	24.86	49.44
584	24.85	49.41
584	24.86	49.42
584	24.86	49.36
584	24.85	49.41
584	24.85	49.41
584	24.83	49.39
584	24.85	49.42
584	24.85	49.41
584	24.83	49.46
584	24.85	49.42
584	24.86	49.42
584	24.83	49.46
584	24.83	49.49
584	24.86	49.52
584	24.85	49.53
584	24.88	49.48
584	24.85	49.58
584	24.83	49.6
584	24.85	49.64
584	24.85	49.65
584	24.82	49.63
584	24.81	49.69
584	24.85	49.69
584	24.86	49.73
584	24.85	49.72
584	24.85	49.74
584	24.85	49.75
584	24.85	49.75
584	24.83	49.64
584	24.85	49.65
584	24.83	49.75
584	24.83	49.74
584	24.83	49.76
584	24.83	49.74
584	24.83	49.83
584	24.85	49.83
584	24.83	49.79
584	24.85	49.8
584	24.83	49.84
584	24.83	49.82
584	24.85	49.79
584	24.83	49.78
584	24.83	49.76
584	24.82	49.76
584	24.82	49.83
584	24.83	49.82
584	24.83	49.86
584	24.82	49.9
584	24.85	49.87
584	24.83	49.95
584	24.82	49.96
584	24.82	49.96
584	24.82	50.02
584	24.82	49.99
584	24.81	49.95
584	24.83	49.96
584	24.83	49.9
584	24.82	49.98
584	24.82	49.88
584	24.85	49.82
584	24.83	49.85
584	24.82	49.9
584	24.82	49.91
584	24.81	49.88
584	24.81	49.87
584	24.82	49.94
584	24.81	49.95
584	24.82	49.99
584	24.82	49.99
584	24.82	50.01
584	24.81	50.01
584	24.82	50.07
584	24.82	50.0
584	24.82	50.07
584	24.83	50.0
584	24.82	50.05
584	24.81	50.02
584	24.81	50.01
584	24.81	50.02
584	24.81	50.1
584	24.79	50.18
584	24.81	50.2
584	24.79	50.18
584	24.79	50.15
584	24.79	50.25
584	24.81	50.27
584	24.81	50.17
584	24.79	50.21
584	24.81	50.18
584	24.81	50.21
584	24.81	50.17
584	24.79	50.15
584	24.82	50.19
584	24.79	50.19
584	24.79	50.17
584	24.79	50.19
584	24.81	50.21
584	24.78	50.3
584	24.79	50.32
584	24.78	50.32
584	24.78	50.3
584	24.79	50.25
584	24.81	50.33
584	24.81	50.36
584	24.77	50.28
584	24.81	50.22
584	24.77	50.26
584	24.79	50.28
584	24.75	50.36
584	24.77	50.31
584	24.79	50.36
584	24.79	50.45
584	24.77	50.5
584	24.78	50.44
584	24.77	50.38
584	24.78	50.39
584	24.77	50.45
584	24.77	50.4
584	24.78	50.48
584	24.77	50.5
584	24.79	50.53
584	24.77	50.53
584	24.75	50.5
584	24.75	50.53
584	24.77	50.55
584	24.75	50.49
584	24.75	50.57
584	24.77	50.62
584	24.75	50.6
584	24.74	50.58
584	24.77	50.57
584	24.75	50.56
584	24.75	50.55
584	24.75	50.61
584	24.75	50.62
584	24.75	50.6
584	24.75	50.62
584	24.78	50.62
584	24.77	50.66
584	24.75	50.62
584	24.79	50.66
584	24.77	50.7
584	24.75	50.68
584	24.74	50.67
584	24.79	50.62
584	24.77	50.66
584	24.75	50.62
584	24.78	50.62
584	24.75	50.6
584	24.78	50.63
584	24.75	50.64
584	24.77	50.64
584	24.75	50.67
584	24.77	50.68
584	24.75	50.74
584	24.74	50.68
584	24.74	50.69
584	24.78	50.78
584	24.78	50.76
584	24.77	50.66
584	24.75	50.57
584	24.75	50.59
584	24.75	50.54
584	24.74	50.52
584	24.72	50.6
584	24.78	50.62
584	24.79	50.62
584	24.78	50.65
584	24.78	50.64
584	24.77	50.64
584	24.75	50.66
584	24.74	50.67
584	24.75	50.64
584	24.78	50.67
584	24.74	50.64
584	24.77	50.7
584	24.77	50.7
584	24.75	50.71
584	24.77	50.76
584	24.77	50.75
584	24.75	50.7
584	24.75	50.71
584	24.72	50.78
584	24.75	50.73
584	24.71	50.77
584	24.75	50.84
584	24.72	50.83
584	24.74	50.78
584	24.74	50.79
584	24.71	50.81
584	24.74	50.9
584	24.72	50.9
584	24.74	51.0
584	24.74	50.96
584	24.72	50.86
584	24.74	50.91
584	24.72	50.83
584	24.75	50.84
584	24.72	50.85
584	24.74	50.87
584	24.74	50.92
584	24.72	50.99
584	24.72	51.0
584	24.72	50.96
584	24.71	50.92
584	24.72	50.92
584	24.72	50.91
584	24.7	50.87
584	24.71	50.91
584	24.71	50.94
584	24.72	51.02
584	24.71	51.0
584	24.72	51.03
584	24.71	51.03
584	24.72	51.1
584	24.74	51.04
584	24.74	51.09
584	24.74	51.01
584	24.72	51.03
584	24.72	51.01
584	24.7	51.06
584	24.71	51.03
584	24.72	50.99
584	24.71	51.09
584	24.72	51.01
584	24.74	51.08
584	24.71	51.03
584	24.71	50.98
584	24.7	51.04
584	24.71	51.04
584	24.72	51.09
584	24.71	51.03
584	24.72	51.07
584	24.7	51.05
584	24.71	51.14
584	24.71	51.17
584	24.71	51.2
584	24.7	51.18
584	24.68	51.22
584	24.71	51.17
584	24.71	51.19
584	24.7	51.22
584	24.71	51.21
584	24.68	51.15
584	24.71	51.17
584	24.68	51.22
584	24.71	51.22
584	24.71	51.21
584	24.7	51.18
584	24.7	51.2
584	24.7	51.18
584	24.68	51.21
584	24.7	51.21
584	24.68	51.21
584	24.68	51.12
584	24.68	51.18
584	24.68	51.18
584	24.67	51.17
584	24.7	51.26
584	24.71	51.23
584	24.7	51.22
584	24.67	51.27
584	24.68	51.17
584	24.7	51.17
584	24.67	51.22
584	24.7	51.29
584	24.7	51.33
584	24.68	51.29
584	24.68	51.27
584	24.68	51.25
584	24.67	51.23
584	24.68	51.22
584	24.65	51.24
584	24.68	51.35
584	24.67	51.36
584	24.67	51.41
584	24.67	51.44
584	24.67	51.33
584	24.68	51.34
584	24.64	51.34
584	24.67	51.31
584	24.65	51.4
584	24.68	51.45
584	24.65	51.39
584	24.65	51.34
584	24.68	51.4
584	24.67	51.42
584	24.67	51.47
584	24.67	51.51
584	24.64	51.45
584	24.68	51.35
584	24.67	51.32
584	24.65	51.45
584	24.67	51.51
584	24.65	51.53
584	24.65	51.54
584	24.65	51.58
584	24.67	51.55
584	24.65	51.58
584	24.67	51.57
584	24.67	51.54
584	24.65	51.49
584	24.67	51.48
584	24.65	51.58
584	24.68	51.56
584	24.64	51.52
584	24.65	51.53
584	24.65	51.45
584	24.64	51.46
584	24.67	51.46
584	24.65	51.45
584	24.65	51.45
584	24.64	51.51
584	24.64	51.48
584	24.64	51.47
584	24.65	51.48
584	24.67	51.48
584	24.64	51.52
584	24.64	51.45
584	24.64	51.44
584	24.65	51.42
584	24.67	51.38
584	24.65	51.45
584	24.65	51.51
584	24.68	51.53
584	24.65	51.6
584	24.65	51.55
584	24.65	51.49
584	24.65	51.53
584	24.64	51.56
584	24.65	51.57
584	24.64	51.53
584	24.64	51.6
584	24.67	51.56
584	24.64	51.51
584	24.65	51.48
584	24.64	51.56
584	24.62	51.54
584	24.64	51.48
584	24.65	51.51
584	24.67	51.52
584	24.67	51.52
584	24.65	51.65
584	24.64	51.63
584	24.64	51.58
584	24.65	51.55
584	24.61	51.51
584	24.62	51.53
584	24.62	51.51
584	24.61	51.58
584	24.65	51.6
584	24.62	51.59
584	24.64	51.51
584	24.65	51.6
584	24.65	51.64
584	24.65	51.65
584	24.62	51.6
584	24.62	51.67
584	24.62	51.62
584	24.61	51.66
584	24.65	51.64
584	24.62	51.61
584	24.65	51.62
584	24.62	51.61
584	24.62	51.59
584	24.61	51.66
584	24.64	51.61
584	24.62	51.64
584	24.64	51.66
584	24.61	51.67
584	24.61	51.64
584	24.61	51.64
584	24.61	51.68
584	24.62	51.74
584	24.61	51.77
584	24.62	51.69
584	24.6	51.66
584	24.6	51.65
584	24.61	51.64
584	24.61	51.69
584	24.61	51.75
584	24.61	51.74
584	24.62	51.72
584	24.62	51.74
584	24.64	51.77
584	24.61	51.81
584	24.62	51.8
584	24.62	51.82
584	24.64	51.79
584	24.62	51.78
584	24.6	51.73
584	24.62	51.67
584	24.6	51.74
584	24.6	51.75
584	24.61	51.74
584	24.62	51.73
584	24.62	51.68
584	24.62	51.62
584	24.61	51.68
584	24.6	51.69
584	24.64	51.67
584	24.61	51.64
584	24.6	51.63
584	24.61	51.69
584	24.61	51.71
584	24.62	51.7
584	24.62	51.72
584	24.62	51.68
584	24.61	51.69
584	24.62	51.76
584	24.6	51.75
584	24.6	51.8
584	24.61	51.79
584	24.58	51.82
584	24.6	51.83
584	24.61	51.8
584	24.61	51.78
584	24.61	51.79
584	24.58	51.81
584	24.6	51.79
584	24.6	51.75
584	24.61	51.74
584	24.57	51.68
584	24.58	51.72
584	24.57	51.86
584	24.55	51.81
584	24.58	51.8
584	24.61	51.85
584	24.61	51.85
584	24.58	51.86
584	24.58	51.89
584	24.57	51.91
584	24.58	51.8
584	24.57	51.82
584	24.58	51.85
584	24.58	51.83
584	24.57	51.84
584	24.57	51.9
584	24.57	51.91
584	24.57	51.89
584	24.57	51.84
584	24.58	51.88
584	24.57	51.89
584	24.57	51.87
584	24.58	51.86
584	24.57	51.9
584	24.57	51.91
584	24.58	51.82
584	24.57	51.81
584	24.6	51.84
584	24.57	51.92
584	24.58	51.86
584	24.57	51.87
584	24.57	51.92
584	24.58	51.92
584	24.57	51.96
584	24.57	52.0
584	24.58	51.9
584	24.57	51.87
584	24.57	51.96
584	24.55	52.0
584	24.55	51.89
584	24.57	51.95
584	24.57	51.99
584	24.57	51.96
584	24.55	51.99
584	24.57	51.98
584	24.58	51.99
584	24.57	51.98
584	24.54	52.0
584	24.57	51.99
584	24.57	51.99
584	24.57	51.93
584	24.58	51.91
584	24.55	51.9
584	24.55	51.88
584	24.57	51.88
584	24.55	51.95
584	24.58	51.89
584	24.54	51.95
584	24.58	51.94
584	24.55	51.93
584	24.55	51.98
584	24.57	51.94
584	24.55	51.98
584	24.55	51.96
584	24.58	51.93
584	24.55	51.91
584	24.53	51.95
584	24.55	51.96
584	24.55	52.02
584	24.55	52.0
584	24.57	52.0
584	24.55	52.03
584	24.57	51.95
584	24.58	51.99
584	24.55	51.95
584	24.55	51.94
584	24.55	51.95
584	24.55	51.96
584	24.55	51.94
584	24.55	51.93
584	24.55	51.96
584	24.54	51.9
584	24.55	51.93
584	24.55	51.87
584	24.54	51.86
584	24.55	51.87
584	24.58	51.9
584	24.54	51.96
584	24.55	51.99
584	24.54	51.99
584	24.53	52.05
584	24.54	52.02
584	24.53	51.95
584	24.55	51.98
584	24.54	51.97
584	24.54	52.0
584	24.54	52.03
584	24.53	52.01
584	24.54	51.96
584	24.54	51.98
584	24.55	52.03
584	24.54	51.98
584	24.54	52.02
584	24.54	52.01
584	24.54	52.01
584	24.54	52.02
584	24.54	51.99
584	24.55	51.97
584	24.55	52.01
584	24.53	52.02
584	24.53	52.05
584	24.55	52.02
584	24.54	52.05
584	24.53	52.07
584	24.54	52.09
584	24.55	52.07
584	24.54	52.1
584	24.53	52.04
584	24.53	52.02
584	24.55	52.04
584	24.54	51.97
584	24.54	51.99
584	24.51	52.07
584	24.53	52.09
584	24.54	52.04
584	24.54	52.04
584	24.53	52.11
584	24.53	52.12
584	24.55	52.14
584	24.53	52.19
584	24.54	52.11
584	24.53	52.08
584	24.53	52.07
584	24.53	52.03
584	24.54	52.05
584	24.53	52.0
584	24.51	52.0
584	24.53	52.03
584	24.53	52.08
584	24.53	52.07
584	24.54	52.02
584	24.54	51.99
584	24.54	51.96
584	24.53	52.02
584	24.55	52.04
584	24.54	52.03
584	24.54	52.07
584	24.53	52.0
584	24.55	52.07
584	24.54	52.05
584	24.55	52.09
584	24.53	52.09
584	24.51	52.09
584	24.54	52.07
584	24.53	52.01
584	24.53	52.04
584	24.53	52.04
584	24.53	52.06
584	24.51	52.01
584	24.54	52.06
584	24.54	52.02
584	24.53	52.05
584	24.55	52.02
584	24.51	52.01
584	24.53	52.0
584	24.54	52.0
584	24.53	52.03
584	24.53	52.03
584	24.51	52.04
584	24.54	52.07
584	24.53	52.04
584	24.51	52.0
584	24.51	52.07
584	24.51	52.09
584	24.53	52.11
584	24.51	52.06
584	24.53	52.03
584	24.53	52.09
584	24.53	52.14
584	24.51	52.1
584	24.53	52.04
584	24.53	52.03
584	24.54	52.06
584	24.53	52.04
584	24.53	51.99
584	24.53	52.0
584	24.51	51.97
584	24.53	52.0
584	24.51	52.01
584	24.51	52.01
584	24.53	52.02
584	24.54	52.02
584	24.53	52.06
584	24.53	52.08
584	24.51	52.07
584	24.51	52.06
584	24.51	52.03
584	24.5	52.04
584	24.54	52.08
584	24.51	52.06
584	24.53	52.06
584	24.53	52.09
584	24.54	52.06
584	24.53	52.07
584	24.51	52.06
584	24.5	51.99
584	24.51	51.99
584	24.51	52.03
584	24.51	52.11
584	24.51	52.11
584	24.5	52.07
584	24.5	52.05
584	24.51	52.02
584	24.51	52.05
584	24.51	52.09
584	24.51	52.04
584	24.5	52.02
584	24.53	52.02
584	24.5	52.04
584	24.51	52.04
584	24.51	52.01
584	24.51	52.05
584	24.53	52.02
584	24.5	52.05
584	24.51	52.05
584	24.51	52.05
584	24.5	52.07
584	24.5	52.07
584	24.51	52.12
584	24.51	52.11
584	24.5	52.1
584	24.48	52.09
584	24.5	52.03
584	24.48	52.1
584	24.5	52.1
584	24.5	52.13
584	24.51	52.13
584	24.5	52.08
584	24.5	52.06
584	24.53	52.07
584	24.51	52.03
584	24.48	52.02
584	24.5	52.02
584	24.51	52.04
584	24.5	52.1
584	24.48	52.11
584	24.51	52.08
584	24.5	52.04
584	24.48	52.01
584	24.51	52.01
584	24.51	51.98
584	24.5	52.04
584	24.47	52.06
584	24.5	52.06
584	24.48	52.11
584	24.5	52.15
584	24.5	52.08
584	24.48	52.06
584	24.5	52.09
584	24.48	52.12
584	24.47	52.09
584	24.48	52.07
584	24.5	52.1
584	24.5	52.15
584	24.48	52.14
584	24.5	52.09
584	24.47	52.08
584	24.48	52.05
584	24.46	52.04
584	24.5	52.08
584	24.47	52.1
584	24.47	52.08
584	24.48	52.06
584	24.47	52.08
584	24.47	52.09
584	24.46	52.08
584	24.48	52.08
584	24.5	52.13
584	24.47	52.13
584	24.48	52.11
584	24.46	52.11
584	24.47	52.13
584	24.44	52.16
584	24.48	52.18
584	24.46	52.12
584	24.47	52.1
584	24.48	52.12
584	24.47	52.12
584	24.46	52.11
584	24.48	52.07
584	24.47	52.13
584	24.47	52.15
584	24.46	52.19
584	24.46	52.15
584	24.47	52.1
584	24.48	52.11
584	24.46	52.14
584	24.46	52.13
584	24.46	52.12
584	24.48	52.12
584	24.44	52.17
584	24.46	52.15
584	24.48	52.12
584	24.44	52.15
584	24.47	52.12
584	24.47	52.12
584	24.47	52.08
584	24.47	52.11
584	24.47	52.08
584	24.46	52.13
584	24.46	52.06
584	24.47	52.07
584	24.48	52.07
584	24.46	52.07
584	24.46	52.09
584	24.47	52.13
584	24.47	52.07
584	24.47	52.09
584	24.46	52.09
584	24.47	52.08
584	24.46	52.09
584	24.46	52.1
584	24.46	52.11
584	24.48	52.09
584	24.47	52.06
584	24.47	52.07
584	24.48	52.07
584	24.46	52.11
584	24.47	52.1
584	24.48	52.05
584	24.47	52.08
584	24.47	52.09
584	24.44	52.05
584	24.46	52.13
584	24.46	52.09
584	24.46	52.07
584	24.44	52.1
584	24.47	52.12
584	24.47	52.11
584	24.48	52.1
584	24.47	52.06
584	24.46	52.07
584	24.47	52.04
584	24.46	52.04
584	24.47	52.03
584	24.46	52.04
584	24.47	52.06
584	24.47	52.09
584	24.46	52.09
584	24.47	52.07
584	24.44	52.1
584	24.46	52.08
584	24.47	52.04
584	24.44	52.07
584	24.47	52.03
584	24.46	52.05
584	24.47	52.07
584	24.46	52.04
584	24.47	52.08
584	24.41	52.02
584	24.47	52.03
584	24.47	52.04
584	24.44	52.05
584	24.46	52.08
584	24.47	52.07
584	24.44	52.05
584	24.44	52.05
584	24.46	52.07
584	24.46	52.05
584	24.44	52.05
584	24.44	52.03
584	24.46	52.1
584	24.46	52.04
584	24.43	52.05
584	24.43	52.04
584	24.44	52.05
584	24.44	52.05
584	24.46	52.03
584	24.44	52.03
584	24.44	52.1
584	24.47	52.07
584	24.44	52.09
584	24.43	52.07
584	24.44	52.07
584	24.44	52.08
584	24.46	52.04
584	24.46	52.09
584	24.44	52.13
584	24.44	52.1
584	24.44	52.07
584	24.47	52.09
584	24.44	52.05
584	24.44	52.06
584	24.44	52.11
584	24.44	52.1
584	24.43	52.07
584	24.43	52.06
584	24.44	52.06
584	24.44	52.1
584	24.43	52.08
584	24.43	52.06
584	24.43	52.07
584	24.44	52.07
584	24.41	52.1
584	24.43	52.1
584	24.44	52.12
584	24.43	52.1
584	24.43	52.08
584	24.44	52.06
584	24.43	52.1
584	24.43	52.07
584	24.4	52.06
584	24.43	52.06
584	24.41	52.07
584	24.41	52.08
584	24.43	52.07
584	24.44	52.08
584	24.4	52.08
584	24.44	52.12
584	24.44	52.09
584	24.38	52.08
584	24.41	52.08
584	24.43	52.06
584	24.43	52.1
584	24.43	52.08
584	24.44	52.09
584	24.43	52.08
584	24.4	52.07
584	24.41	52.08
584	24.43	52.09
584	24.44	52.07
584	24.43	52.1
584	24.43	52.1
584	24.43	52.1
584	24.44	52.1
584	24.44	52.07
584	24.43	52.08
584	24.41	52.06
584	24.43	52.08
584	24.44	52.1
584	24.43	52.02
584	24.44	52.04
584	24.43	52.07
584	24.43	52.13
584	24.41	52.06
584	24.41	52.07
584	24.43	52.04
584	24.41	52.01
584	24.43	52.03
584	24.41	52.07
584	24.41	52.05
584	24.4	52.05
584	24.41	52.05
584	24.41	52.05
584	24.41	52.04
584	24.43	52.08
584	24.4	52.05
584	24.38	52.06
584	24.41	52.08
584	24.43	52.07
584	24.41	52.07
584	24.41	52.1
584	24.41	52.04
584	24.4	52.04
584	24.41	52.08
584	24.4	52.06
584	24.41	52.04
584	24.41	52.08
584	24.4	52.01
584	24.41	52.0
584	24.38	51.98
584	24.41	52.02
584	24.43	52.07
584	24.41	52.06
584	24.41	52.07
584	24.38	52.08
584	24.41	52.11
584	24.44	52.09
584	24.41	52.07
584	24.4	52.03
584	24.4	52.09
584	24.41	52.05
584	24.4	52.06
584	24.41	52.08
584	24.4	52.07
584	24.41	52.07
584	24.4	52.06
584	24.38	52.07
584	24.41	52.06
584	24.4	52.08
584	24.41	52.08
584	24.41	52.08
584	24.37	52.11
584	24.4	52.08
584	24.4	52.11
584	24.4	52.1
584	24.4	52.07
584	24.38	52.06
584	24.4	52.07
584	24.38	52.08
584	24.4	52.05
584	24.38	52.04
584	24.41	52.06
584	24.38	52.05
584	24.41	52.02
584	24.41	52.06
584	24.4	52.05
584	24.38	52.04
584	24.38	52.07
584	24.38	52.14
584	24.4	52.08
584	24.38	52.05
584	24.38	52.05
584	24.38	52.07
584	24.38	52.07
584	24.37	52.08
584	24.37	52.06
584	24.4	52.05
584	24.37	52.07
584	24.38	52.06
584	24.38	52.07
584	24.37	52.04
584	24.38	52.11
584	24.38	52.13
584	24.37	52.1
584	24.37	52.13
584	24.38	52.12
584	24.37	52.14
584	24.34	52.14
584	24.37	52.15
584	24.37	52.15
584	24.4	52.14
584	24.38	52.17
584	24.36	52.14
584	24.38	52.14
584	24.36	52.09
584	24.38	52.1
584	24.36	52.1
584	24.36	52.14
584	24.37	52.12
584	24.37	52.08
584	24.38	52.09
584	24.37	52.14
584	24.37	52.13
584	24.37	52.14
584	24.36	52.14
584	24.4	52.18
584	24.37	52.16
584	24.34	52.14
584	24.37	52.13
584	24.36	52.12
584	24.37	52.14
584	24.36	52.12
584	24.36	52.11
584	24.38	52.13
584	24.36	52.12
584	24.36	52.16
584	24.37	52.21
584	24.36	52.16
584	24.36	52.14
584	24.38	52.14
584	24.36	52.12
584	24.37	52.15
584	24.34	52.16
584	24.37	52.17
584	24.37	52.13
584	24.34	52.14
584	24.36	52.15
584	24.36	52.11
584	24.37	52.11
584	24.33	52.11
584	24.36	52.14
584	24.34	52.12
584	24.36	52.12
584	24.34	52.15
584	24.34	52.13
584	24.38	52.12
584	24.34	52.14
584	24.36	52.13
584	24.37	52.11
584	24.37	52.11
584	24.34	52.1
584	24.36	52.17
584	24.34	52.14
584	24.37	52.14
584	24.36	52.15
584	24.37	52.15
584	24.36	52.13
584	24.36	52.11
584	24.34	52.11
584	24.34	52.11
584	24.34	52.19
584	24.36	52.15
584	24.34	52.2
584	24.38	52.14
584	24.34	52.11
584	24.37	52.14
584	24.37	52.13
584	24.36	52.14
584	24.36	52.09
584	24.36	52.07
584	24.36	52.11
584	24.37	52.1
584	24.36	52.12
584	24.37	52.1
584	24.37	52.13
584	24.36	52.11
584	24.37	52.12
584	24.37	52.13
584	24.36	52.12
584	24.36	52.12
584	24.36	52.14
584	24.34	52.19
584	24.34	52.12
584	24.37	52.15
584	24.37	52.12
584	24.34	52.09
584	24.36	52.08
584	24.37	52.12
584	24.37	52.13
584	24.36	52.11
584	24.37	52.17
584	24.36	52.16
584	24.36	52.14
584	24.36	52.09
584	24.36	52.11
584	24.36	52.13
584	24.38	52.14
584	24.34	52.17
584	24.34	52.23
584	24.34	52.17
584	24.34	52.22
584	24.34	52.18
584	24.34	52.16
584	24.34	52.13
584	24.34	52.15
584	24.36	52.15
584	24.36	52.16
584	24.33	52.19
584	24.34	52.16
584	24.37	52.14
584	24.33	52.15
584	24.34	52.22
584	24.34	52.17
584	24.36	52.19
584	24.31	52.22
584	24.33	52.22
584	24.33	52.23
584	24.33	52.2
584	24.33	52.17
584	24.34	52.23
584	24.33	52.21
584	24.33	52.24
584	24.36	52.24
584	24.33	52.22
584	24.31	52.24
584	24.34	52.21
584	24.31	52.23
584	24.33	52.22
584	24.34	52.21
584	24.33	52.22
584	24.33	52.21
584	24.31	52.23
584	24.34	52.22
584	24.33	52.16
584	24.36	52.17
584	24.33	52.16
584	24.31	52.18
584	24.33	52.15
584	24.33	52.18
584	24.33	52.19
584	24.34	52.17
584	24.34	52.17
584	24.34	52.23
584	24.36	52.21
584	24.31	52.18
584	24.34	52.16
584	24.36	52.22
584	24.34	52.14
584	24.34	52.18
584	24.34	52.16
584	24.34	52.18
584	24.34	52.17
584	24.33	52.16
584	24.37	52.15
584	24.33	52.16
584	24.34	52.15
584	24.34	52.2
584	24.37	52.16
584	24.36	52.12
584	24.34	52.15
584	24.34	52.17
584	24.36	52.21
584	24.34	52.22
584	24.33	52.19
584	24.36	52.18
584	24.36	52.16
584	24.36	52.18
584	24.34	52.21
584	24.34	52.19
584	24.34	52.23
584	24.33	52.22
584	24.34	52.25
584	24.33	52.22
584	24.34	52.21
584	24.33	52.24
584	24.33	52.23
584	24.36	52.28
584	24.34	52.25
584	24.33	52.25
584	24.34	52.24
584	24.33	52.24
584	24.36	52.22
584	24.34	52.23
584	24.34	52.23
584	24.34	52.25
584	24.34	52.2
584	24.33	52.23
584	24.33	52.19
584	24.34	52.19
584	24.31	52.17
584	24.34	52.18
584	24.31	52.19
584	24.33	52.21
584	24.33	52.22
584	24.31	52.23
584	24.33	52.26
584	24.33	52.23
584	24.31	52.23
584	24.33	52.31
584	24.33	52.26
584	24.33	52.28
584	24.31	52.28
584	24.33	52.29
584	24.34	52.27
584	24.33	52.23
584	24.33	52.25
584	24.33	52.23
584	24.31	52.27
584	24.36	52.33
584	24.34	52.27
584	24.34	52.25
584	24.33	52.27
584	24.36	52.23
584	24.33	52.25
584	24.31	52.25
584	24.33	52.23
584	24.34	52.26
584	24.34	52.24
584	24.34	52.25
584	24.33	52.25
584	24.33	52.21
584	24.31	52.25
584	24.33	52.22
584	24.31	52.25
584	24.33	52.27
584	24.34	52.22
584	24.34	52.23
584	24.33	52.27
584	24.33	52.24
584	24.33	52.19
584	24.33	52.22
584	24.33	52.25
584	24.3	52.23
584	24.33	52.26
584	24.31	52.26
584	24.33	52.3
584	24.31	52.26
584	24.33	52.29
584	24.31	52.32
584	24.3	52.27
584	24.33	52.26
584	24.34	52.3
584	24.3	52.31
584	24.33	52.32
584	24.31	52.29
584	24.33	52.28
584	24.3	52.28
584	24.31	52.31
584	24.31	52.26
584	24.3	52.29
584	24.31	52.3
584	24.28	52.27
584	24.3	52.27
584	24.31	52.29
584	24.31	52.31
584	24.3	52.28
584	24.28	52.31
584	24.3	52.31
584	24.28	52.3
584	24.31	52.28
584	24.3	52.31
584	24.31	52.35
584	24.28	52.37
584	24.31	52.33
584	24.28	52.32
584	24.31	52.27
584	24.3	52.31
584	24.31	52.29
584	24.28	52.28
584	24.3	52.32
584	24.3	52.3
584	24.3	52.29
584	24.3	52.29
584	24.28	52.31
584	24.31	52.32
584	24.28	52.26
584	24.3	52.26
584	24.3	52.28
584	24.31	52.28
584	24.31	52.26
584	24.31	52.25
584	24.28	52.28
584	24.31	52.31
584	24.3	52.31
584	24.31	52.29
584	24.31	52.32
584	24.3	52.34
584	24.28	52.32
584	24.33	52.3
584	24.3	52.33
584	24.3	52.31
584	24.3	52.29
584	24.3	52.3
584	24.27	52.35
584	24.28	52.29
584	24.28	52.32
584	24.3	52.33
584	24.3	52.36
584	24.3	52.37
584	24.3	52.34
584	24.3	52.36
584	24.28	52.4
584	24.28	52.38
584	24.27	52.41
584	24.27	52.4
584	24.3	52.37
584	24.27	52.3
584	24.3	52.35
584	24.3	52.34
584	24.31	52.29
584	24.28	52.35
584	24.28	52.38
584	24.28	52.34
584	24.27	52.36
584	24.26	52.35
584	24.27	52.34
584	24.28	52.37
584	24.28	52.34
584	24.28	52.33
584	24.26	52.35
584	24.27	52.33
584	24.27	52.37
584	24.28	52.35
584	24.28	52.38
584	24.3	52.39
584	24.28	52.34
584	24.28	52.31
584	24.28	52.38
584	24.27	52.37
584	24.28	52.37
584	24.28	52.39
584	24.3	52.36
584	24.28	52.39
584	24.28	52.37
584	24.27	52.37
584	24.28	52.33
584	24.27	52.34
584	24.28	52.38
584	24.28	52.35
584	24.28	52.39
584	24.28	52.4
584	24.28	52.41
584	24.26	52.38
584	24.27	52.39
584	24.27	52.4
584	24.27	52.41
584	24.28	52.38
584	24.26	52.41
584	24.26	52.4
584	24.26	52.38
584	24.26	52.41
584	24.26	52.4
584	24.24	52.36
584	24.27	52.39
584	24.27	52.37
584	24.27	52.4
584	24.26	52.34
584	24.27	52.34
584	24.26	52.35
584	24.27	52.34
584	24.27	52.36
584	24.27	52.37
584	24.26	52.38
584	24.27	52.35
584	24.27	52.37
584	24.26	52.34
584	24.27	52.37
584	24.26	52.38
584	24.3	52.38
584	24.27	52.41
584	24.28	52.4
584	24.27	52.4
584	24.27	52.39
584	24.27	52.38
584	24.27	52.4
584	24.28	52.38
584	24.27	52.41
584	24.27	52.41
584	24.27	52.39
584	24.27	52.39
584	24.28	52.35
584	24.27	52.34
584	24.26	52.35
584	24.27	52.38
584	24.3	52.38
584	24.26	52.35
584	24.26	52.33
584	24.27	52.34
584	24.27	52.36
584	24.24	52.35
584	24.26	52.4
584	24.27	52.38
584	24.28	52.39
584	24.27	52.32
584	24.26	52.34
584	24.27	52.4
584	24.27	52.33
584	24.27	52.32
584	24.26	52.35
584	24.28	52.35
584	24.27	52.35
584	24.27	52.37
584	24.27	52.37
584	24.27	52.34
584	24.26	52.36
584	24.27	52.32
584	24.27	52.33
584	24.27	52.36
584	24.26	52.34
584	24.27	52.38
584	24.26	52.38
584	24.27	52.36
584	24.26	52.38
584	24.24	52.38
584	24.26	52.33
584	24.26	52.38
584	24.27	52.37
584	24.27	52.33
584	24.28	52.4
584	24.27	52.34
584	24.27	52.32
584	24.27	52.35
584	24.26	52.35
584	24.26	52.35
584	24.26	52.35
584	24.23	52.32
584	24.26	52.34
584	24.27	52.38
584	24.23	52.38
584	24.24	52.37
584	24.24	52.37
584	24.26	52.39
584	24.24	52.38
584	24.26	52.37
584	24.24	52.38
584	24.26	52.36
584	24.24	52.39
584	24.26	52.38
584	24.27	52.35
584	24.23	52.37
584	24.26	52.36
584	24.26	52.39
584	24.24	52.37
584	24.26	52.36
584	24.26	52.41
584	24.24	52.4
584	24.24	52.38
584	24.24	52.41
584	24.24	52.41
584	24.24	52.38
584	24.27	52.39
584	24.26	52.38
584	24.26	52.38
584	24.24	52.38
584	24.26	52.4
584	24.24	52.36
584	24.24	52.34
584	24.23	52.31
584	24.24	52.36
584	24.28	52.38
584	24.23	52.32
584	24.26	52.39
584	24.23	52.35
584	24.24	52.39
584	24.24	52.37
584	24.26	52.38
584	24.24	52.38
584	24.24	52.34
584	24.26	52.35
584	24.24	52.33
584	24.23	52.36
584	24.26	52.31
584	24.26	52.34
584	24.24	52.33
584	24.26	52.38
584	24.26	52.33
584	24.27	52.31
584	24.27	52.34
584	24.27	52.34
584	24.26	52.33
584	24.27	52.34
584	24.24	52.34
584	24.26	52.32
584	24.24	52.32
584	24.24	52.34
584	24.24	52.32
584	24.26	52.33
584	24.27	52.32
584	24.26	52.35
584	24.24	52.33
584	24.26	52.32
584	24.26	52.31
584	24.24	52.33
584	24.26	52.31
584	24.26	52.25
584	24.27	52.26
584	24.27	52.26
584	24.24	52.27
584	24.26	52.33
584	24.26	52.28
584	24.26	52.27
584	24.26	52.28
584	24.23	52.29
584	24.23	52.28
584	24.24	52.31
584	24.24	52.32
584	24.21	52.34
584	24.24	52.32
584	24.23	52.32
584	24.21	52.34
584	24.23	52.37
584	24.23	52.38
584	24.24	52.37
584	24.23	52.38
584	24.23	52.38
584	24.24	52.39
584	24.26	52.4
584	24.23	52.36
584	24.23	52.38
584	24.24	52.36
584	24.23	52.32
584	24.21	52.3
584	24.21	52.35
584	24.23	52.32
584	24.21	52.34
584	24.21	52.32
584	24.2	52.32
584	24.26	52.33
584	24.24	52.31
584	24.24	52.32
584	24.24	52.35
584	24.23	52.31
584	24.24	52.33
584	24.24	52.39
584	24.21	52.35
584	24.21	52.3
584	24.23	52.31
584	24.23	52.33
584	24.2	52.35
584	24.23	52.32
584	24.2	52.33
584	24.24	52.28
584	24.2	52.35
584	24.21	52.3
584	24.2	52.32
584	24.23	52.3
584	24.21	52.33
584	24.23	52.33
584	24.24	52.26
584	24.21	52.28
584	24.21	52.3
584	24.21	52.3
584	24.2	52.27
584	24.21	52.29
584	24.21	52.3
584	24.23	52.29
584	24.23	52.31
584	24.21	52.33
584	24.23	52.34
584	24.23	52.32
584	24.2	52.32
584	24.23	52.34
584	24.19	52.34
584	24.23	52.34
584	24.23	52.32
584	24.2	52.34
584	24.21	52.31
584	24.21	52.3
584	24.21	52.31
584	24.23	52.31
584	24.2	52.32
584	24.2	52.31
584	24.21	52.33
584	24.23	52.32
584	24.21	52.35
584	24.2	52.32
584	24.2	52.3
584	24.2	52.31
584	24.19	52.34
584	24.21	52.34
584	24.19	52.32
584	24.17	52.32
584	24.19	52.31
584	24.21	52.29
584	24.21	52.32
584	24.2	52.31
584	24.2	52.32
584	24.21	52.33
584	24.21	52.32
584	24.2	52.32
584	24.2	52.36
584	24.23	52.33
584	24.2	52.32
584	24.2	52.33
584	24.2	52.34
584	24.21	52.32
584	24.21	52.35
584	24.2	52.32
584	24.2	52.31
584	24.2	52.34
584	24.21	52.34
584	24.2	52.31
584	24.21	52.26
584	24.2	52.3
584	24.23	52.29
584	24.26	52.28
584	24.21	52.28
584	24.24	52.29
584	24.24	52.31
584	24.21	52.28
584	24.23	52.24
584	24.23	52.24
584	24.21	52.28
584	24.24	52.23
584	24.23	52.21
584	24.21	52.26
584	24.23	52.23
584	24.26	52.21
584	24.24	52.19
584	24.24	52.22
584	24.21	52.24
584	24.23	52.26
584	24.23	52.22
584	24.24	52.2
584	24.24	52.24
584	24.23	52.25
584	24.21	52.22
584	24.21	52.21
584	24.23	52.27
584	24.21	52.22
584	24.21	52.29
584	24.21	52.23
584	24.2	52.24
584	24.2	52.26
584	24.2	52.27
584	24.19	52.24
584	24.21	52.29
584	24.21	52.23
584	24.23	52.24
584	24.19	52.25
584	24.21	52.27
584	24.2	52.23
584	24.21	52.2
584	24.21	52.24
584	24.21	52.27
584	24.19	52.22
584	24.21	52.23
584	24.21	52.18
584	24.21	52.21
584	24.21	52.13
584	24.21	52.21
584	24.2	52.2
584	24.21	52.22
584	24.2	52.25
584	24.2	52.25
584	24.23	52.23
584	24.19	52.24
584	24.21	52.24
584	24.21	52.25
584	24.19	52.22
584	24.2	52.23
584	24.2	52.24
584	24.2	52.23
584	24.2	52.26
584	24.2	52.25
584	24.2	52.23
584	24.2	52.24
584	24.2	52.23
584	24.19	52.21
584	24.2	52.23
584	24.19	52.22
584	24.17	52.21
584	24.19	52.24
584	24.17	52.24
584	24.19	52.23
584	24.17	52.17
584	24.19	52.21
584	24.21	52.21
584	24.2	52.22
584	24.19	52.22
584	24.21	52.24
584	24.17	52.24
584	24.2	52.24
584	24.17	52.23
584	24.16	52.21
584	24.2	52.24
584	24.19	52.21
584	24.19	52.25
584	24.19	52.25
584	24.19	52.21
584	24.17	52.21
584	24.2	52.21
584	24.19	52.25
584	24.19	52.25
584	24.19	52.18
584	24.16	52.23
584	24.17	52.21
584	24.19	52.28
584	24.17	52.18
584	24.17	52.26
584	24.17	52.22
584	24.17	52.19
584	24.19	52.21
584	24.17	52.21
584	24.17	52.25
584	24.17	52.21
584	24.17	52.2
584	24.17	52.21
584	24.16	52.21
584	24.16	52.15
584	24.19	52.17
584	24.17	52.2
584	24.16	52.21
584	24.16	52.19
584	24.17	52.23
584	24.17	52.21
584	24.17	52.18
584	24.16	52.19
584	24.17	52.21
584	24.2	52.19
584	24.17	52.15
584	24.19	52.16
584	24.16	52.19
584	24.17	52.17
584	24.16	52.18
584	24.16	52.15
584	24.19	52.2
584	24.15	52.19
584	24.17	52.16
584	24.17	52.16
584	24.16	52.17
584	24.17	52.17
584	24.19	52.16
584	24.17	52.18
584	24.16	52.13
584	24.19	52.12
584	24.2	52.14
584	24.17	52.16
584	24.16	52.13
584	24.19	52.14
584	24.15	52.19
584	24.17	52.13
584	24.19	52.18
584	24.17	52.15
584	24.2	52.16
584	24.17	52.15
584	24.16	52.16
584	24.16	52.12
584	24.17	52.1
584	24.16	52.14
584	24.17	52.15
584	24.19	52.14
584	24.17	52.14
584	24.19	52.16
584	24.17	52.15
584	24.17	52.16
584	24.2	52.15
584	24.16	52.12
584	24.16	52.16
584	24.17	52.1
584	24.16	52.1
584	24.17	52.08
584	24.19	52.1
584	24.16	52.12
584	24.17	52.11
584	24.17	52.12
584	24.17	52.11
584	24.17	52.08
584	24.16	52.12
584	24.16	52.12
584	24.15	52.12
584	24.13	52.08
584	24.15	52.09
584	24.13	52.1
584	24.15	52.09
584	24.17	52.11
584	24.15	52.16
584	24.16	52.12
584	24.15	52.12
584	24.15	52.1
584	24.16	52.12
584	24.17	52.12
584	24.13	52.09
584	24.12	52.1
584	24.13	52.1
584	24.16	52.1
584	24.17	52.13
584	24.13	52.1
584	24.16	52.11
584	24.13	52.07
584	24.13	52.07
584	24.15	52.09
584	24.15	52.07
584	24.13	52.07
584	24.15	52.12
584	24.16	52.08
584	24.16	52.06
584	24.15	52.12
584	24.13	52.12
584	24.13	52.07
584	24.13	52.06
584	24.16	52.07
584	24.15	52.06
584	24.16	52.1
584	24.16	52.08
584	24.16	52.05
584	24.15	52.06
584	24.15	52.04
584	24.15	52.07
584	24.13	52.01
584	24.13	52.08
584	24.17	52.05
584	24.15	52.04
584	24.15	52.03
584	24.13	52.03
584	24.16	52.06
584	24.15	52.05
584	24.15	52.04
584	24.15	52.03
584	24.16	52.03
584	24.16	52.04
584	24.16	52.02
584	24.17	52.02
584	24.16	52.02
584	24.15	52.0
584	24.16	52.02
584	24.15	52.06
584	24.16	52.05
584	24.16	52.02
584	24.17	52.03
584	24.17	52.01
584	24.15	52.01
584	24.15	52.01
584	24.17	52.02
584	24.17	51.99
584	24.15	52.0
584	24.16	51.99
584	24.16	52.0
584	24.15	51.99
584	24.16	52.02
584	24.16	52.01
584	24.15	52.03
584	24.15	52.0
584	24.15	52.02
584	24.15	52.0
584	24.15	52.03
584	24.13	52.03
584	24.15	52.01
584	24.15	51.96
584	24.13	52.0
584	24.15	52.01
584	24.16	52.03
584	24.15	51.98
584	24.15	51.97
584	24.15	52.0
584	24.15	52.03
584	24.15	51.99
584	24.16	52.03
584	24.16	52.0
584	24.13	51.97
584	24.15	51.97
584	24.15	51.98
584	24.15	51.96
584	24.16	51.99
584	24.13	51.96
584	24.15	51.93
584	24.15	51.99
584	24.15	52.02
584	24.15	52.0
584	24.15	52.01
584	24.16	51.97
584	24.15	51.98
584	24.17	51.94
584	24.16	51.94
584	24.16	51.94
584	24.13	51.92
584	24.16	51.94
584	24.16	51.94
584	24.16	51.94
584	24.16	51.96
584	24.16	51.94
584	24.17	51.92
584	24.16	51.91
584	24.13	51.94
584	24.17	51.88
584	24.13	51.91
584	24.16	51.9
584	24.13	51.88
584	24.12	51.89
584	24.13	51.94
584	24.16	51.94
584	24.13	51.91
584	24.15	51.91
584	24.12	51.9
584	24.15	51.93
584	24.13	51.94
584	24.16	51.95
584	24.15	51.91
584	24.16	51.93
584	24.15	51.91
584	24.15	51.95
584	24.13	51.94
584	24.12	51.93
584	24.13	51.93
584	24.13	51.89
584	24.15	51.93
584	24.15	51.91
584	24.15	51.89
584	24.12	51.88
584	24.13	51.91
584	24.13	51.89
584	24.15	51.96
584	24.15	51.93
584	24.16	51.91
584	24.13	51.91
584	24.12	51.91
584	24.13	51.91
584	24.15	51.91
584	24.13	51.9
584	24.13	51.91
584	24.13	51.88
584	24.13	51.9
584	24.15	51.95
584	24.15	51.89
584	24.15	51.9
584	24.13	51.85
584	24.13	51.92
584	24.15	51.89
584	24.12	51.92
584	24.15	51.91
584	24.12	51.93
584	24.13	51.95
584	24.15	51.9
584	24.12	51.89
584	24.12	51.91
584	24.15	51.88
584	24.15	51.88
584	24.15	51.88
584	24.13	51.83
584	24.13	51.84
584	24.12	51.87
584	24.15	51.88
584	24.13	51.86
584	24.13	51.85
584	24.13	51.84
584	24.16	51.84
584	24.13	51.84
584	24.15	51.8
584	24.15	51.85
584	24.15	51.86
584	24.15	51.78
584	24.13	51.79
584	24.13	51.78
584	24.17	51.81
584	24.13	51.83
584	24.13	51.82
584	24.13	51.86
584	24.15	51.82
584	24.1	51.83
584	24.13	51.85
584	24.15	51.85
584	24.13	51.84
584	24.12	51.83
584	24.13	51.85
584	24.12	51.83
584	24.15	51.8
584	24.12	51.8
584	24.13	51.83
584	24.13	51.8
584	24.15	51.78
584	24.1	51.77
584	24.13	51.84
584	24.16	51.83
584	24.12	51.84
584	24.1	51.78
584	24.13	51.86
584	24.12	51.85
584	24.12	51.84
584	24.12	51.84
584	24.12	51.83
584	24.13	51.84
584	24.13	51.85
584	24.12	51.83
584	24.12	51.85
584	24.12	51.84
584	24.13	51.8
584	24.1	51.81
584	24.12	51.78
584	24.12	51.78
584	24.12	51.77
584	24.13	51.81
584	24.13	51.82
584	24.12	51.8
584	24.12	51.8
584	24.12	51.81
584	24.1	51.82
584	24.12	51.8
584	24.15	51.8
584	24.12	51.81
584	24.1	51.77
584	24.12	51.83
584	24.09	51.78
584	24.12	51.75
584	24.1	51.78
584	24.12	51.78
584	24.13	51.79
584	24.1	51.76
584	24.12	51.79
584	24.1	51.78
584	24.13	51.77
584	24.12	51.83
584	24.1	51.76
584	24.13	51.76
584	24.1	51.75
584	24.13	51.77
584	24.12	51.79
584	24.13	51.77
584	24.13	51.77
584	24.12	51.77
584	24.12	51.77
584	24.13	51.74
584	24.13	51.77
584	24.13	51.77
584	24.13	51.73
584	24.13	51.73
584	24.12	51.72
584	24.12	51.71
584	24.13	51.69
584	24.15	51.69
584	24.12	51.71
584	24.15	51.7
584	24.13	51.71
584	24.13	51.69
584	24.12	51.67
584	24.13	51.69
584	24.13	51.73
584	24.12	51.71
584	24.13	51.68
584	24.15	51.7
584	24.12	51.68
584	24.13	51.68
584	24.1	51.72
584	24.13	51.69
584	24.12	51.7
584	24.13	51.69
584	24.13	51.73
584	24.12	51.76
584	24.12	51.74
584	24.12	51.74
584	24.15	51.73
584	24.12	51.73
584	24.12	51.72
584	24.1	51.77
584	24.12	51.75
584	24.12	51.72
584	24.13	51.69
584	24.13	51.72
584	24.12	51.69
584	24.15	51.67
584	24.1	51.69
584	24.1	51.71
584	24.13	51.69
584	24.13	51.69
584	24.12	51.71
584	24.15	51.68
584	24.12	51.68
584	24.13	51.63
584	24.13	51.68
584	24.16	51.67
584	24.13	51.66
584	24.12	51.69
584	24.12	51.67
584	24.13	51.69
584	24.12	51.69
584	24.12	51.66
584	24.13	51.7
584	24.12	51.68
584	24.12	51.71
584	24.1	51.71
584	24.1	51.67
584	24.13	51.72
584	24.12	51.73
584	24.12	51.72
584	24.1	51.72
584	24.12	51.77
584	24.09	51.72
584	24.1	51.7
584	24.13	51.7
584	24.1	51.72
584	24.1	51.73
584	24.12	51.69
584	24.1	51.72
584	24.09	51.69
584	24.12	51.68
584	24.13	51.69
584	24.1	51.7
584	24.09	51.73
584	24.09	51.72
584	24.1	51.71
584	24.12	51.73
584	24.1	51.74
584	24.1	51.69
584	24.12	51.69
584	24.1	51.68
584	24.09	51.69
584	24.09	51.69
584	24.12	51.75
584	24.12	51.7
584	24.09	51.68
584	24.12	51.68
584	24.12	51.68
584	24.09	51.72
584	24.1	51.69
584	24.1	51.72
584	24.1	51.67
584	24.09	51.73
584	24.09	51.7
584	24.09	51.74
584	24.09	51.7
584	24.09	51.69
584	24.09	51.72
584	24.09	51.69
584	24.09	51.7
584	24.09	51.7
584	24.1	51.74
584	24.09	51.75
584	24.07	51.73
584	24.09	51.71
584	24.09	51.72
584	24.07	51.7
584	24.1	51.7
584	24.09	51.71
584	24.12	51.74
584	24.07	51.69
584	24.09	51.73
584	24.07	51.71
584	24.09	51.7
584	24.09	51.7
584	24.1	51.68
584	24.09	51.68
584	24.09	51.69
584	24.1	51.72
584	24.07	51.69
584	24.1	51.74
584	24.09	51.71
584	24.07	51.73
584	24.12	51.71
584	24.09	51.66
584	24.09	51.65
584	24.09	51.7
584	24.07	51.7
584	24.09	51.7
584	24.07	51.67
584	24.07	51.68
584	24.09	51.73
584	24.06	51.74
584	24.1	51.72
584	24.09	51.7
584	24.1	51.68
584	24.1	51.69
584	24.09	51.68
584	24.09	51.68
584	24.09	51.69
584	24.07	51.7
584	24.1	51.69
584	24.07	51.69
584	24.1	51.69
584	24.1	51.69
584	24.1	51.67
584	24.09	51.66
584	24.1	51.66
584	24.12	51.64
584	24.1	51.67
584	24.1	51.62
584	24.09	51.64
584	24.1	51.68
584	24.09	51.63
584	24.07	51.66
584	24.09	51.67
584	24.09	51.63
584	24.1	51.64
584	24.1	51.62
584	24.1	51.61
584	24.13	51.6
584	24.1	51.61
584	24.1	51.61
584	24.1	51.59
584	24.12	51.6
584	24.12	51.6
584	24.09	51.57
584	24.1	51.6
584	24.1	51.53
584	24.12	51.56
584	24.1	51.58
584	24.13	51.59
584	24.12	51.6
584	24.12	51.62
584	24.13	51.6
584	24.1	51.6
584	24.12	51.58
584	24.09	51.63
584	24.1	51.62
584	24.13	51.62
584	24.1	51.61
584	24.12	51.59
584	24.12	51.63
584	24.1	51.63
584	24.12	51.63
584	24.12	51.62
584	24.12	51.62
584	24.1	51.57
584	24.1	51.53
584	24.12	51.58
584	24.1	51.6
584	24.13	51.58
584	24.12	51.59
584	24.12	51.62
584	24.1	51.57
584	24.1	51.59
584	24.1	51.58
584	24.1	51.6
584	24.12	51.6
584	24.1	51.61
584	24.1	51.64
584	24.1	51.62
584	24.1	51.62
584	24.07	51.67
584	24.09	51.61
584	24.12	51.66
584	24.1	51.63
584	24.07	51.65
584	24.09	51.66
584	24.09	51.64
584	24.09	51.63
584	24.1	51.73
584	24.09	51.63
584	24.09	51.63
584	24.07	51.63
584	24.09	51.63
584	24.09	51.63
584	24.1	51.63
584	24.12	51.61
584	24.07	51.66
584	24.09	51.65
584	24.09	51.67
584	24.09	51.67
584	24.09	51.62
584	24.09	51.63
584	24.1	51.67
584	24.09	51.63
584	24.09	51.65
584	24.07	51.64
584	24.1	51.63
584	24.07	51.62
584	24.09	51.62
584	24.1	51.62
584	24.09	51.62
584	24.1	51.63
584	24.09	51.64
584	24.07	51.63
584	24.09	51.66
584	24.09	51.64
584	24.1	51.68
584	24.09	51.64
584	24.1	51.65
584	24.1	51.62
584	24.09	51.64
584	24.09	51.66
584	24.07	51.63
584	24.1	51.67
584	24.07	51.62
584	24.09	51.64
584	24.09	51.66
584	24.07	51.61
584	24.09	51.64
584	24.07	51.66
584	24.1	51.67
584	24.09	51.63
584	24.07	51.63
584	24.1	51.68
584	24.1	51.62
584	24.1	51.67
584	24.12	51.68
584	24.09	51.68
584	24.09	51.66
584	24.09	51.64
584	24.09	51.62
584	24.09	51.63
584	24.12	51.69
584	24.1	51.64
584	24.09	51.65
584	24.1	51.62
584	24.09	51.64
584	24.09	51.63
584	24.1	51.61
584	24.09	51.66
584	24.09	51.64
584	24.09	51.67
584	24.09	51.68
584	24.1	51.68
584	24.09	51.69
584	24.07	51.67
584	24.1	51.68
584	24.07	51.65
584	24.07	51.65
584	24.07	51.7
584	24.09	51.69
584	24.09	51.69
584	24.1	51.7
584	24.09	51.68
584	24.09	51.69
584	24.09	51.66
584	24.09	51.66
584	24.06	51.67
584	24.07	51.64
584	24.1	51.63
584	24.09	51.68
584	24.1	51.67
584	24.07	51.67
584	24.09	51.68
584	24.09	51.68
584	24.07	51.66
584	24.1	51.7
584	24.12	51.68
584	24.09	51.67
584	24.09	51.62
584	24.1	51.63
584	24.12	51.63
584	24.09	51.66
584	24.09	51.61
584	24.1	51.6
584	24.07	51.62
584	24.1	51.64
584	24.09	51.63
584	24.09	51.63
584	24.09	51.6
584	24.07	51.69
584	24.09	51.65
584	24.1	51.64
584	24.07	51.65
584	24.09	51.63
584	24.09	51.61
584	24.06	51.62
584	24.07	51.66
584	24.07	51.65
584	24.09	51.65
584	24.09	51.62
584	24.07	51.65
584	24.1	51.66
584	24.07	51.68
584	24.07	51.67
584	24.09	51.63
584	24.09	51.63
584	24.07	51.64
584	24.06	51.65
584	24.1	51.68
584	24.07	51.65
584	24.07	51.7
584	24.07	51.66
584	24.07	51.69
584	24.06	51.69
584	24.07	51.69
584	24.06	51.73
584	24.07	51.66
584	24.07	51.71
584	24.06	51.7
584	24.07	51.69
584	24.09	51.7
584	24.06	51.66
584	24.1	51.64
584	24.09	51.62
584	24.07	51.64
584	24.06	51.66
584	24.09	51.67
584	24.07	51.71
584	24.07	51.7
584	24.06	51.69
584	24.09	51.72
584	24.06	51.73
584	24.07	51.69
584	24.06	51.71
584	24.06	51.75
584	24.06	51.72
584	24.06	51.7
584	24.07	51.69
584	24.06	51.67
584	24.06	51.73
584	24.09	51.73
584	24.07	51.72
584	24.09	51.73
584	24.05	51.72
584	24.05	51.75
584	24.06	51.71
584	24.06	51.74
584	24.09	51.71
584	24.07	51.72
584	24.05	51.74
584	24.06	51.72
584	24.07	51.75
584	24.07	51.72
584	24.07	51.74
584	24.07	51.72
584	24.07	51.77
584	24.06	51.73
584	24.07	51.72
584	24.06	51.74
584	24.06	51.72
584	24.06	51.74
584	24.06	51.74
584	24.06	51.72
584	24.06	51.71
584	24.06	51.75
584	24.05	51.74
584	24.06	51.73
584	24.05	51.81
584	24.06	51.75
584	24.06	51.74
584	24.07	51.76
584	24.06	51.74
584	24.07	51.75
584	24.07	51.69
584	24.07	51.71
584	24.06	51.71
584	24.06	51.71
584	24.06	51.73
584	24.05	51.7
584	24.06	51.76
584	24.05	51.78
584	24.06	51.74
584	24.07	51.72
584	24.09	51.76
584	24.06	51.72
584	24.06	51.73
584	24.07	51.76
584	24.06	51.76
584	24.07	51.77
584	24.07	51.76
584	24.05	51.74
584	24.07	51.76
584	24.1	51.78
584	24.07	51.76
584	24.07	51.71
584	24.09	51.74
584	24.07	51.78
584	24.07	51.73
584	24.09	51.78
584	24.07	51.69
584	24.07	51.74
584	24.07	51.76
584	24.07	51.73
584	24.06	51.76
584	24.05	51.77
584	24.09	51.73
584	24.05	51.79
584	24.06	51.78
584	24.09	51.81
584	24.06	51.78
584	24.07	51.78
584	24.03	51.77
584	24.07	51.73
584	24.06	51.77
584	24.07	51.78
584	24.05	51.77
584	24.07	51.81
584	24.07	51.79
584	24.06	51.78
584	24.06	51.77
584	24.06	51.75
584	24.06	51.77
584	24.06	51.74
584	24.06	51.76
584	24.06	51.76
584	24.09	51.78
584	24.07	51.81
584	24.06	51.77
584	24.03	51.79
584	24.05	51.79
584	24.05	51.82
584	24.05	51.81
584	24.06	51.81
584	24.02	51.77
584	24.06	51.81
584	24.06	51.81
584	24.07	51.8
584	24.06	51.82
584	24.05	51.83
584	24.05	51.74
584	24.05	51.77
584	24.07	51.78
584	24.07	51.75
584	24.06	51.77
584	24.06	51.8
584	24.07	51.76
584	24.07	51.79
584	24.09	51.75
584	24.09	51.74
584	24.07	51.74
584	24.06	51.76
584	24.06	51.79
584	24.05	51.78
584	24.06	51.82
584	24.07	51.82
584	24.07	51.76
584	24.05	51.8
584	24.06	51.78
584	24.07	51.78
584	24.05	51.78
584	24.05	51.8
584	24.05	51.77
584	24.07	51.79
584	24.05	51.82
584	24.05	51.83
584	24.05	51.83
584	24.02	51.84
584	24.09	51.84
584	24.07	51.87
584	24.05	51.84
584	24.05	51.84
584	24.06	51.86
584	24.03	51.87
584	24.03	51.84
584	24.05	51.84
584	24.03	51.8
584	24.05	51.86
584	24.02	51.85
584	24.05	51.85
584	24.06	51.88
584	24.05	51.88
584	24.06	51.84
584	24.06	51.88
584	24.06	51.87
584	24.06	51.84
584	24.06	51.85
584	24.06	51.83
584	24.03	51.85
584	24.03	51.85
584	24.06	51.85
584	24.03	51.81
584	24.06	51.82
584	24.03	51.83
584	24.06	51.84
584	24.03	51.87
584	24.03	51.84
584	24.05	51.84
584	24.06	51.81
584	24.06	51.79
584	24.06	51.83
584	24.06	51.84
584	24.05	51.82
584	24.06	51.82
584	24.05	51.83
584	24.05	51.87
584	24.05	51.89
584	24.05	51.87
584	24.05	51.82
584	24.06	51.89
584	24.07	51.88
584	24.05	51.85
584	24.03	51.87
584	24.05	51.82
584	24.07	51.83
584	24.06	51.85
584	24.06	51.85
584	24.05	51.9
584	24.05	51.88
584	24.05	51.89
584	24.06	51.84
584	24.06	51.85
584	24.05	51.84
584	24.03	51.79
584	24.09	51.83
584	24.06	51.83
584	24.06	51.83
584	24.06	51.84
584	24.06	51.88
584	24.07	51.9
584	24.06	51.83
584	24.06	51.83
584	24.05	51.85
584	24.05	51.83
584	24.05	51.84
584	24.03	51.82
584	24.05	51.84
584	24.05	51.89
584	24.07	51.84
584	24.05	51.86
584	24.03	51.84
584	24.06	51.87
584	24.03	51.84
584	24.05	51.91
584	24.05	51.88
584	24.03	51.85
584	24.03	51.86
584	24.02	51.85
584	24.05	51.89
584	24.06	51.9
584	24.05	51.86
584	24.05	51.86
584	24.05	51.92
584	24.05	51.88
584	24.03	51.9
584	24.07	51.93
584	24.05	51.89
584	24.05	51.87
584	24.05	51.84
584	24.05	51.86
584	24.07	51.84
584	24.06	51.83
584	24.05	51.86
584	24.03	51.83
584	24.06	51.84
584	24.06	51.83
584	24.05	51.88
584	24.06	51.84
584	24.03	51.84
584	24.06	51.85
584	24.05	51.88
584	24.05	51.89
584	24.05	51.89
584	24.03	51.87
584	24.05	51.88
584	24.05	51.85
584	24.03	51.88
584	24.03	51.9
584	24.03	51.88
584	24.05	51.9
584	24.03	51.88
584	24.05	51.85
584	24.05	51.88
584	24.05	51.89
584	24.06	51.9
584	24.05	51.92
584	24.05	51.9
584	24.05	51.86
584	24.03	51.9
584	24.05	51.91
584	24.06	51.94
584	24.06	51.93
584	24.03	51.87
584	24.07	51.88
584	24.06	51.92
584	24.06	51.91
584	24.05	51.86
584	24.03	51.84
584	24.05	51.85
584	24.02	51.89
584	24.06	51.92
584	24.06	51.91
584	24.06	51.85
584	24.06	51.84
584	24.06	51.85
584	24.03	51.85
584	24.05	51.84
584	24.05	51.88
584	24.05	51.87
584	24.05	51.88
584	24.05	51.89
584	24.03	51.89
584	24.02	51.9
584	24.05	51.89
584	24.05	51.88
584	24.06	51.89
584	24.05	51.91
584	24.03	51.93
584	24.03	51.89
584	24.05	51.91
584	24.03	51.9
584	24.03	51.9
584	24.03	51.88
584	24.05	51.91
584	24.03	51.91
584	24.03	51.95
584	24.05	51.92
584	24.03	51.96
584	24.05	51.95
584	24.03	51.89
584	24.06	51.96
584	24.05	51.93
584	24.05	51.95
584	24.05	51.92
584	24.06	51.94
584	24.06	51.92
584	24.07	51.88
584	24.05	51.91
584	24.05	51.88
584	24.05	51.83
584	24.05	51.83
584	24.07	51.86
584	24.07	51.89
584	24.06	51.93
584	24.06	51.88
584	24.07	51.88
584	24.07	51.9
584	24.07	51.87
584	24.05	51.89
584	24.06	51.88
584	24.05	51.87
584	24.05	51.87
584	24.05	51.88
584	24.05	51.85
584	24.06	51.85
584	24.06	51.89
584	24.05	51.85
584	24.06	51.85
584	24.06	51.89
584	24.06	51.87
584	24.06	51.89
584	24.07	51.92
584	24.03	51.89
584	24.05	51.93
584	24.05	51.92
584	24.06	51.92
584	24.06	51.94
584	24.05	51.94
584	24.03	51.91
584	24.06	51.92
584	24.03	51.9
584	24.05	51.93
584	24.03	51.88
584	24.03	51.86
584	24.05	51.89
584	24.05	51.94
584	24.03	51.96
584	24.05	51.93
584	24.03	51.96
584	24.03	51.91
584	24.03	51.89
584	24.03	51.91
584	24.02	51.95
584	24.02	51.97
584	24.03	51.96
584	24.03	51.95
584	24.02	51.97
584	24.05	51.97
584	24.02	51.98
584	24.02	51.99
584	24.02	51.95
584	24.02	51.94
584	24.0	51.96
584	24.0	52.04
584	24.02	52.0
584	24.02	51.98
584	24.03	51.97
584	24.03	52.01
584	24.0	51.97
584	24.03	51.99
584	24.0	51.97
584	24.03	51.98
584	24.02	51.97
584	24.02	52.02
584	24.02	51.99
584	24.03	51.99
584	24.03	51.99
584	24.02	51.96
584	24.03	52.0
584	24.03	52.02
584	24.03	52.0
584	24.03	51.99
584	24.02	52.0
584	24.02	52.0
584	24.02	52.0
584	24.03	51.99
584	24.02	52.0
584	24.03	51.98
584	24.02	51.98
584	24.0	52.01
584	24.02	52.02
584	24.02	52.02
584	24.02	52.02
584	24.02	52.04
584	24.02	52.05
584	24.02	52.02
584	24.0	52.03
584	24.02	51.99
584	24.03	51.99
584	24.02	51.99
584	24.02	52.0
584	24.03	51.99
584	24.03	52.02
584	24.03	52.02
584	24.02	52.01
584	24.03	52.05
584	24.02	52.01
584	24.02	51.99
584	24.03	52.01
584	24.03	52.02
584	24.02	52.02
584	24.03	52.0
584	24.02	52.01
584	24.0	52.02
584	24.02	52.02
584	24.02	52.05
584	24.02	52.05
584	24.02	52.06
584	24.02	52.06
584	24.0	52.07
584	24.0	52.1
584	24.05	51.99
584	24.05	52.01
584	24.02	52.02
584	24.02	52.01
584	23.99	52.03
584	24.03	52.02
584	24.03	52.07
584	24.05	52.06
584	24.02	52.06
584	24.02	52.01
584	24.03	52.0
584	24.02	52.02
584	24.05	52.0
584	24.03	52.04
584	24.03	52.04
584	24.02	52.05
584	24.0	52.06
584	24.03	51.98
584	24.02	52.02
584	24.03	52.0
584	24.03	51.97
584	24.02	51.99
584	24.02	52.03
584	24.02	52.06
584	24.03	52.01
584	24.02	52.04
584	24.02	52.05
584	24.0	52.02
584	24.05	52.03
584	24.05	52.05
584	24.03	52.07
584	24.02	52.1
584	24.0	52.04
584	24.02	52.04
584	24.02	52.05
584	24.02	52.06
584	24.02	52.05
584	24.02	52.1
584	24.02	52.09
584	24.02	52.11
584	24.02	52.1
584	24.03	52.11
584	24.02	52.07
584	24.0	52.06
584	24.02	52.04
584	24.02	52.06
584	24.0	52.07
584	24.03	52.11
584	24.0	52.09
584	24.02	52.1
584	24.03	52.08
584	24.02	52.11
584	24.0	52.1
584	24.03	52.07
584	24.02	52.07
584	24.0	52.07
584	24.03	52.11
584	24.02	52.1
584	24.0	52.1
584	24.0	52.15
584	24.0	52.13
584	24.02	52.11
584	24.02	52.08
584	23.99	52.1
584	24.0	52.14
584	24.02	52.11
584	23.99	52.11
584	24.05	52.1
584	23.99	52.16
584	24.02	52.14
584	23.99	52.1
584	24.02	52.11
584	24.0	52.16
584	24.0	52.16
584	24.0	52.13
584	23.99	52.19
584	24.0	52.1
584	24.0	52.16
584	24.0	52.14
584	24.02	52.19
584	24.0	52.22
584	24.0	52.18
584	23.99	52.18
584	24.02	52.19
584	23.99	52.12
584	24.0	52.17
584	24.02	52.13
584	23.98	52.18
584	24.0	52.21
584	23.99	52.19
584	23.99	52.19
584	24.02	52.16
584	24.0	52.18
584	23.99	52.18
584	24.02	52.18
584	24.0	52.18
584	23.99	52.18
584	24.0	52.2
584	23.99	52.2
584	23.99	52.17
584	23.99	52.19
584	24.02	52.19
584	24.0	52.2
584	24.0	52.2
584	23.99	52.21
584	24.0	52.2
584	24.02	52.22
584	24.0	52.18
584	23.98	52.21
584	24.0	52.19
584	24.02	52.2
584	24.0	52.21
584	24.0	52.19
584	24.0	52.2
584	24.02	52.15
584	24.0	52.19
584	24.0	52.2
584	24.0	52.19
584	23.99	52.14
584	24.02	52.2
584	24.0	52.18
584	24.0	52.19
584	24.02	52.13
584	23.99	52.13
584	24.02	52.18
584	23.99	52.19
584	24.02	52.17
584	24.0	52.18
584	24.02	52.21
584	24.03	52.22
584	24.0	52.22
584	24.0	52.23
584	23.99	52.21
584	24.02	52.2
584	24.0	52.2
584	24.0	52.25
584	24.02	52.25
584	24.0	52.19
584	24.0	52.22
584	24.02	52.22
584	23.99	52.24
584	24.02	52.21
584	24.0	52.19
584	24.03	52.21
584	24.0	52.18
584	23.99	52.18
584	24.0	52.18
584	24.02	52.19
584	24.02	52.19
584	24.03	52.18
584	24.03	52.19
584	24.02	52.17
584	23.99	52.23
584	24.0	52.2
584	24.0	52.18
584	24.0	52.16
584	24.02	52.17
584	24.02	52.25
584	24.0	52.25
584	24.03	52.17
584	24.0	52.18
584	24.02	52.19
584	24.0	52.21
584	24.0	52.2
584	24.0	52.24
584	24.02	52.22
584	24.0	52.25
584	24.0	52.25
584	23.99	52.27
584	24.02	52.26
584	24.02	52.22
584	23.99	52.27
584	24.02	52.23
584	24.0	52.25
584	24.0	52.23
584	24.03	52.23
584	23.99	52.29
584	24.02	52.29
584	24.02	52.23
584	24.0	52.23
584	24.02	52.25
584	24.0	52.23
584	24.0	52.25
584	24.02	52.27
584	24.03	52.26
584	24.03	52.28
584	24.02	52.25
584	24.02	52.26
584	24.02	52.26
584	24.0	52.25
584	24.03	52.3
584	24.03	52.27
584	24.03	52.23
584	24.02	52.26
584	24.0	52.28
584	24.02	52.27
584	24.02	52.25
584	24.03	52.2
584	24.0	52.26
584	24.0	52.27
584	24.02	52.27
584	24.0	52.25
584	24.0	52.27
584	24.0	52.27
584	24.02	52.29
584	24.02	52.27
584	24.02	52.28
584	24.0	52.29
584	24.0	52.27
584	24.0	52.29
584	24.0	52.29
584	23.99	52.34
584	24.0	52.32
584	23.99	52.29
584	24.0	52.34
584	24.0	52.32
584	23.99	52.29
584	24.0	52.34
584	24.0	52.32
584	24.0	52.29
584	24.0	52.27
584	24.02	52.34
584	24.0	52.32
584	24.0	52.32
584	24.0	52.34
584	24.0	52.34
584	23.99	52.3
584	24.03	52.3
584	24.02	52.31
584	24.02	52.32
584	24.03	52.34
584	24.02	52.39
584	24.03	52.36
584	23.99	52.31
584	24.02	52.3
584	24.03	52.32
584	24.0	52.33
584	24.02	52.35
584	24.02	52.34
584	24.03	52.35
584	24.02	52.34
584	24.02	52.34
584	24.02	52.29
584	24.0	52.29
584	24.02	52.31
584	24.03	52.35
584	24.0	52.38
584	24.0	52.35
584	24.0	52.32
584	23.99	52.37
584	23.99	52.38
584	23.99	52.39
584	24.0	52.36
584	24.0	52.38
584	24.0	52.43
584	23.99	52.44
584	23.99	52.39
584	23.99	52.37
584	24.02	52.39
584	24.0	52.4
584	23.99	52.41
584	23.99	52.38
584	24.02	52.41
584	23.99	52.37
584	23.99	52.4
584	24.0	52.42
584	24.02	52.39
584	24.0	52.41
584	24.02	52.45
584	23.99	52.38
584	23.99	52.39
584	24.0	52.36
584	24.02	52.38
584	24.02	52.38
584	23.99	52.38
584	24.0	52.38
584	24.0	52.44
584	24.0	52.45
584	24.0	52.44
584	23.99	52.41
584	24.0	52.46
584	23.98	52.43
584	23.98	52.43
584	23.99	52.47
584	23.98	52.43
584	23.99	52.45
584	23.98	52.45
584	23.99	52.48
584	23.99	52.42
584	23.98	52.5
584	23.98	52.45
584	23.98	52.46
584	23.98	52.46
584	23.99	52.46
584	23.96	52.52
584	23.99	52.51
584	23.99	52.46
584	23.99	52.43
584	23.96	52.44
584	23.99	52.47
584	23.98	52.5
584	23.98	52.51
584	23.96	52.48
584	23.96	52.48
584	23.95	52.47
584	23.96	52.49
584	23.98	52.5
584	23.96	52.52
584	23.98	52.5
584	23.95	52.55
584	23.95	52.52
584	23.96	52.49
584	23.96	52.49
584	23.96	52.48
584	23.98	52.47
584	23.96	52.47
584	23.98	52.51
584	23.98	52.48
584	23.98	52.51
584	23.96	52.5
584	23.99	52.45
584	23.99	52.46
584	23.99	52.48
584	23.98	52.47
584	23.98	52.45
584	23.99	52.47
584	23.99	52.44
584	23.98	52.49
584	23.98	52.51
584	23.96	52.46
584	23.98	52.45
584	23.98	52.49
584	23.98	52.51
584	23.95	52.44
584	23.98	52.44
584	23.98	52.5
584	23.98	52.45
584	23.98	52.42
584	23.96	52.46
584	23.96	52.49
584	23.96	52.43
584	23.96	52.47
584	23.98	52.44
584	23.96	52.43
584	23.98	52.46
584	24.0	52.47
584	23.96	52.44
584	23.98	52.49
584	23.98	52.44
584	23.98	52.44
584	23.99	52.43
584	23.98	52.43
584	23.99	52.43
584	23.96	52.4
584	23.99	52.42
584	24.0	52.43
584	23.98	52.43
584	23.98	52.47
584	23.98	52.46
584	23.99	52.42
584	23.99	52.42
584	23.98	52.43
584	23.99	52.41
584	23.99	52.42
584	23.99	52.41
584	23.98	52.43
584	23.98	52.44
584	24.0	52.4
584	23.98	52.43
584	23.96	52.41
584	23.98	52.43
584	24.0	52.44
584	24.0	52.44
584	23.98	52.42
584	23.98	52.45
584	23.99	52.43
584	23.99	52.39
584	23.98	52.4
584	23.98	52.4
584	23.96	52.42
584	23.98	52.44
584	23.98	52.42
584	23.98	52.41
584	23.98	52.41
584	23.96	52.39
584	23.98	52.44
584	23.96	52.43
584	23.96	52.41
584	23.99	52.44
584	23.99	52.41
584	23.98	52.39
584	23.96	52.43
584	23.98	52.43
584	23.99	52.43
584	23.99	52.38
584	23.98	52.4
584	23.98	52.4
584	23.96	52.42
584	23.99	52.4
584	23.99	52.38
584	23.96	52.41
584	24.0	52.4
584	23.98	52.39
584	23.99	52.41
584	23.99	52.41
584	23.99	52.44
584	23.98	52.4
584	23.99	52.42
584	23.99	52.42
584	23.98	52.4
584	23.98	52.39
584	23.98	52.43
584	23.99	52.42
584	23.96	52.4
584	23.98	52.41
584	23.99	52.37
584	23.99	52.4
584	23.98	52.39
584	23.99	52.38
584	23.98	52.37
584	23.99	52.39
584	23.98	52.39
584	23.96	52.38
584	24.0	52.38
584	23.99	52.38
584	23.99	52.35
584	23.99	52.36
584	24.03	52.39
584	24.0	52.38
584	23.99	52.4
584	23.99	52.37
584	24.0	52.39
584	23.99	52.33
584	23.99	52.34
584	23.99	52.37
584	23.99	52.39
584	23.96	52.34
584	24.0	52.34
584	23.99	52.36
584	23.99	52.31
584	23.99	52.31
584	23.99	52.3
584	23.99	52.3
584	23.99	52.31
584	23.96	52.3
584	23.98	52.3
584	23.99	52.32
584	23.96	52.34
584	23.99	52.33
584	23.99	52.33
584	23.98	52.31
584	23.98	52.29
584	23.96	52.32
584	23.98	52.32
584	23.98	52.3
584	23.98	52.34
584	24.02	52.32
584	24.0	52.3
584	23.99	52.3
584	23.99	52.27
584	23.98	52.25
584	24.02	52.28
584	23.98	52.27
584	23.99	52.28
584	23.98	52.3
584	24.0	52.27
584	23.99	52.28
584	23.99	52.27
584	24.02	52.25
584	23.99	52.28
584	24.0	52.28
584	24.0	52.29
584	23.99	52.34
584	24.0	52.3
584	24.0	52.3
584	24.0	52.25
584	24.0	52.27
584	24.0	52.25
584	24.0	52.26
584	24.0	52.25
584	24.0	52.25
584	24.0	52.2
584	23.99	52.25
584	24.0	52.2
584	23.99	52.23
584	24.0	52.25
584	23.95	52.23
584	24.0	52.23
584	23.99	52.22
584	24.0	52.26
584	23.99	52.2
584	23.99	52.21
584	24.0	52.2
584	23.99	52.22
584	24.02	52.25
584	23.99	52.22
584	23.99	52.22
584	23.99	52.24
584	23.99	52.21
584	24.0	52.21
584	23.99	52.24
584	23.99	52.22
584	23.99	52.22
584	23.99	52.21
584	24.0	52.22
584	24.0	52.23
584	24.0	52.19
584	24.0	52.18
584	23.99	52.21
584	23.98	52.21
584	23.99	52.19
584	24.0	52.18
584	23.99	52.17
584	24.0	52.21
584	23.98	52.17
584	24.0	52.19
584	23.99	52.18
584	23.99	52.2
584	23.99	52.17
584	24.0	52.16
584	23.99	52.17
584	23.99	52.18
584	23.99	52.18
584	24.0	52.19
584	24.02	52.2
584	23.99	52.18
584	23.99	52.13
584	24.0	52.17
584	24.02	52.2
584	23.98	52.17
584	24.02	52.14
584	24.0	52.15
584	24.0	52.15
584	24.0	52.13
584	23.99	52.13
584	23.99	52.14
584	23.99	52.14
584	23.99	52.1
584	24.0	52.11
584	23.99	52.14
584	24.03	52.13
584	23.99	52.13
584	24.02	52.13
584	23.99	52.13
584	23.99	52.13
584	23.98	52.16
584	23.99	52.16
584	23.98	52.13
584	23.98	52.12
584	23.99	52.13
584	23.99	52.16
584	23.99	52.15
584	23.99	52.12
584	23.99	52.12
584	23.99	52.15
584	23.99	52.14
584	24.02	52.12
584	24.0	52.12
584	23.99	52.13
584	23.98	52.1
584	24.0	52.12
584	23.98	52.12
584	23.99	52.11
584	24.0	52.08
584	23.99	52.1
584	23.99	52.12
584	24.0	52.11
584	24.0	52.08
584	23.98	52.12
584	23.98	52.11
584	23.96	52.11
584	23.98	52.11
584	23.98	52.11
584	23.99	52.11
584	23.98	52.12
584	23.96	52.11
584	23.98	52.05
584	23.96	52.12
584	23.96	52.1
584	23.99	52.12
584	23.98	52.15
584	23.98	52.08
584	23.98	52.13
584	23.96	52.12
584	23.98	52.1
584	23.96	52.14
584	23.99	52.09
584	23.96	52.09
584	23.98	52.09
584	23.99	52.07
584	23.99	52.06
584	23.98	52.1
584	23.98	52.04
584	23.99	52.06
584	23.98	52.07
584	23.95	52.05
584	23.96	52.09
584	23.98	52.06
584	23.98	52.04
584	23.98	52.05
584	23.98	52.04
584	24.0	52.1
584	23.98	52.05
584	23.99	52.05
584	23.99	52.09
584	23.98	52.1
584	23.99	52.08
584	24.02	52.06
584	24.0	52.01
584	23.99	52.0
584	23.99	52.02
584	24.0	52.02
584	24.0	52.0
584	24.0	52.0
584	24.02	52.0
584	23.99	51.97
584	23.99	51.97
584	23.99	51.99
584	24.02	52.01
584	24.0	51.99
584	24.0	52.0
584	24.0	51.99
584	23.99	51.96
584	23.99	51.96
584	23.99	51.94
584	23.98	51.96
584	24.02	51.98
584	23.99	52.01
584	23.99	51.96
584	23.96	51.99
584	23.99	52.01
584	24.0	51.99
584	23.98	52.03
584	23.98	52.01
584	23.99	52.0
584	23.99	51.98
584	23.99	52.0
584	23.99	52.07
584	23.95	52.03
584	23.98	52.0
584	23.99	52.0
584	23.98	52.01
584	23.98	52.02
584	23.98	52.01
584	23.98	52.04
584	23.96	52.0
584	23.98	51.98
584	23.96	52.02
584	23.99	52.0
584	23.96	52.02
584	23.98	52.02
584	23.96	52.03
584	23.96	52.06
584	23.98	52.12
584	23.99	52.18
584	23.96	52.22
584	23.96	52.26
584	23.98	52.23
584	23.96	52.18
584	23.96	52.23
584	23.95	52.19
584	23.98	52.18
584	23.95	52.21
584	23.98	52.18
584	23.95	52.18
584	23.93	52.21
584	23.96	52.19
584	23.96	52.21
584	23.95	52.19
584	23.96	52.21
584	23.95	52.19
584	23.96	52.19
584	23.98	52.15
584	23.95	52.18
584	23.96	52.19
584	23.96	52.18
584	23.98	52.19
584	23.98	52.12
584	23.98	52.15
584	23.98	52.12
584	23.99	52.1
584	23.98	52.15
584	23.96	52.09
584	23.99	52.09
584	23.99	52.07
584	23.98	52.09
584	23.98	52.04
584	23.98	52.04
584	24.0	52.02
584	24.0	52.02
584	23.98	52.0
584	23.99	51.99
584	24.0	52.0
584	23.99	52.01
584	24.02	52.0
584	23.99	51.95
584	24.0	51.98
584	24.02	51.96
584	23.99	51.97
584	23.99	51.99
584	23.99	51.95
584	23.99	51.97
584	24.0	51.99
584	24.0	51.94
584	24.0	51.91
584	24.0	51.97
584	24.0	51.97
584	24.0	51.99
584	23.99	51.96
584	23.99	51.97
584	24.0	51.96
584	23.99	51.95
584	23.99	51.96
584	23.99	51.95
584	23.98	51.94
584	23.98	51.97
584	23.98	51.95
584	23.99	51.97
584	23.99	51.95
584	23.99	51.97
584	23.99	52.01
584	23.98	51.96
584	23.99	52.0
584	23.98	51.99
584	23.98	51.99
584	24.0	51.96
584	23.99	51.98
584	23.99	52.0
584	23.99	51.98
584	23.98	51.96
584	23.98	51.98
584	23.98	52.0
584	23.96	52.02
584	23.98	52.02
584	23.98	52.03
584	23.96	52.05
584	24.0	52.05
584	23.99	52.01
584	23.99	52.01
584	23.99	52.04
584	23.99	52.01
584	23.99	52.02
584	23.98	52.03
584	24.0	52.02
584	24.0	52.0
584	24.02	51.99
584	24.0	51.97
584	24.0	51.98
584	24.02	51.94
584	24.02	51.91
584	24.0	51.96
584	24.02	51.94
584	24.0	51.92
584	24.0	51.92
584	24.0	51.89
584	24.02	51.95
584	24.0	51.92
584	24.0	51.92
584	24.03	51.93
584	24.02	51.92
584	24.03	51.92
584	24.0	51.93
584	24.0	51.94
584	24.02	52.02
584	23.98	52.03
584	24.0	52.06
584	24.0	52.1
584	24.0	52.08
584	24.0	52.07
584	24.02	52.08
584	24.0	52.04
584	24.02	51.99
584	24.03	51.97
584	24.03	51.98
584	24.02	51.97
584	24.02	52.01
584	24.03	51.97
584	24.0	52.03
584	24.02	52.08
584	24.02	52.11
584	24.0	52.15
584	24.03	52.1
584	24.02	52.1
584	24.02	52.07
584	24.03	52.12
584	24.03	52.08
584	24.03	52.07
584	24.03	52.06
584	24.03	52.05
584	24.02	52.06
584	24.02	52.08
584	24.02	52.09
584	23.99	52.05
584	24.02	52.02
584	24.03	52.07
584	24.0	52.01
584	24.0	52.03
584	24.0	52.02
584	24.02	52.01
584	24.02	52.01
584	24.03	52.01
584	24.03	52.0
584	24.0	52.01
584	24.02	52.04
584	24.02	52.07
584	24.02	52.04
584	24.02	52.06
584	24.02	52.07
584	23.99	52.21
584	24.02	52.2
584	24.03	52.21
584	24.0	52.25
584	24.0	52.26
584	23.99	52.22
584	23.99	52.22
584	24.0	52.22
584	24.03	52.22
584	24.0	52.19
584	24.0	52.21
584	24.0	52.19
584	24.02	52.19
584	24.0	52.17
584	24.0	52.15
584	24.0	52.13
584	23.99	52.16
584	24.02	52.16
584	24.0	52.13
584	24.0	52.19
584	24.0	52.18
584	24.0	52.16
584	23.99	52.16
584	24.02	52.13
584	24.0	52.1
584	24.0	52.16
584	24.02	52.17
584	24.0	52.11
584	24.02	52.16
584	24.02	52.15
584	24.02	52.17
584	24.0	52.22
584	24.02	52.12
584	24.0	52.16
584	24.0	52.18
584	24.0	52.17
584	24.02	52.15
584	24.05	52.17
584	24.03	52.14
584	24.05	52.14
584	24.03	52.13
584	24.03	52.14
584	24.02	52.14
584	24.02	52.14
584	24.05	52.19
584	24.03	52.16
584	24.03	52.12
584	24.03	52.15
584	24.03	52.16
584	24.03	52.16
584	24.05	52.2
584	24.05	52.17
584	24.03	52.12
584	24.05	52.16
584	24.05	52.1
584	24.05	52.17
584	24.03	52.14
584	24.03	52.15
584	24.06	52.16
584	24.05	52.14
584	24.03	52.16
584	24.05	52.16
584	24.03	52.19
584	24.03	52.2
584	24.03	52.15
584	24.03	52.18
584	24.03	52.18
584	24.02	52.18
584	24.05	52.18
584	24.02	52.15
584	24.05	52.18
584	24.05	52.17
584	24.05	52.19
584	24.03	52.21
584	24.05	52.17
584	24.03	52.19
584	24.03	52.2
584	24.03	52.16
584	24.05	52.25
584	24.05	52.18
584	24.02	52.17
584	24.06	52.15
584	24.05	52.19
584	24.02	52.21
584	24.03	52.2
584	24.03	52.22
584	24.02	52.19
584	24.03	52.22
584	24.03	52.21
584	24.03	52.19
584	24.03	52.18
584	24.06	52.17
584	24.06	52.19
584	24.02	52.22
584	24.06	52.23
584	24.06	52.26
584	24.02	52.21
584	24.05	52.24
584	24.02	52.19
584	24.05	52.23
584	24.06	52.26
584	24.03	52.23
584	24.03	52.17
584	24.05	52.21
584	24.0	52.21
584	24.05	52.23
584	24.05	52.24
584	24.03	52.25
584	24.03	52.28
584	24.02	52.26
584	24.02	52.22
584	24.07	52.23
584	24.03	52.27
584	24.05	52.26
584	24.03	52.21
584	24.03	52.19
584	24.05	52.28
584	24.03	52.25
584	24.05	52.26
584	24.05	52.25
584	24.03	52.23
584	24.03	52.26
584	24.05	52.27
584	24.06	52.29
584	24.05	52.33
584	24.03	52.38
584	24.03	52.38
584	24.0	52.38
584	24.02	52.44
584	24.03	52.38
584	24.03	52.39
584	24.02	52.42
584	24.0	52.36
584	24.02	52.38
584	24.03	52.35
584	24.03	52.35
584	24.03	52.34
584	24.05	52.33
584	24.02	52.38
584	24.02	52.38
584	24.0	52.4
584	24.03	52.37
584	24.03	52.34
584	23.99	52.38
584	24.02	52.38
584	24.02	52.33
584	24.02	52.34
584	24.06	53.48
584	24.05	53.35
584	24.07	53.25
584	24.06	52.9
584	24.09	52.59
584	24.07	52.49
584	24.05	52.51
584	24.06	52.85
584	24.06	52.87
584	24.06	52.99
584	24.05	52.98
584	24.05	52.79
584	24.03	52.67
584	24.05	52.68
584	24.05	52.69
584	24.03	52.69
584	24.02	52.59
584	24.03	52.64
584	23.99	52.64
584	23.99	52.65
584	23.99	52.65
584	24.0	52.71
584	23.99	52.77
584	24.0	52.73
584	23.98	52.86
584	23.98	52.85
584	23.96	52.85
584	23.95	52.86
584	23.95	52.9
584	23.95	52.88
584	23.92	53.04
584	23.93	53.06
584	23.93	52.91
584	23.92	52.88
584	23.92	52.87
584	23.9	52.92
584	23.92	52.94
584	23.92	52.98
584	23.89	52.99
584	23.9	52.96
584	23.89	52.97
584	23.88	52.98
584	23.88	52.99
584	23.89	53.04
584	23.86	53.04
584	23.86	53.02
584	23.86	53.02
584	23.88	53.01
584	23.86	52.96
584	23.86	53.12
584	23.86	53.26
584	23.85	53.29
584	23.85	53.36
584	23.83	53.47
584	23.88	53.45
584	23.83	53.42
584	23.88	53.42
584	23.82	53.37
584	23.86	53.33
584	23.85	53.22
584	23.82	53.18
584	23.85	53.19
584	23.85	53.14
584	23.85	53.11
584	23.85	53.11
584	23.83	53.13
584	23.83	53.09
584	23.83	53.12
584	23.82	53.13
584	23.85	53.17
584	23.85	53.22
584	23.85	53.27
584	23.82	53.33
584	23.83	53.31
584	23.82	53.23
584	23.85	53.27
584	23.82	53.31
584	23.83	53.34
584	23.82	53.72
584	23.83	53.8
584	23.85	53.57
584	23.85	53.45
584	23.85	53.27
584	23.83	53.17
584	23.85	53.21
584	23.85	53.2
584	23.83	53.29
584	23.86	53.27
584	23.85	53.27
584	23.86	53.28
584	23.83	53.45
584	23.85	53.51
584	23.85	53.58
584	23.85	53.65
584	23.85	53.76
584	23.85	53.89
584	23.86	53.78
584	23.86	53.62
584	23.86	53.55
584	23.85	53.68
584	23.83	53.7
584	23.83	53.73
584	23.85	53.72
584	23.85	53.77
584	23.85	53.72
403	23.17	68.38
522	23.14	68.34
558	23.17	68.53
583	23.17	68.16
581	23.2	68.34
575	23.1	68.06
572	23.07	68.53
567	23.09	68.37
558	23.1	68.81
558	23.1	68.56
558	23.16	68.42
558	23.23	68.14
558	23.24	68.09
558	23.25	67.95
558	23.33	67.94
558	23.38	67.91
558	23.4	67.64
558	23.44	67.33
558	23.48	67.22
558	23.5	67.19
558	23.57	67.31
558	23.6	67.1
558	23.6	66.92
558	23.62	66.55
558	23.64	66.48
558	23.69	66.57
558	23.68	66.52
558	23.71	66.39
558	23.75	66.26
558	23.79	66.36
558	23.78	66.21
558	23.82	66.03
558	23.83	65.87
558	23.83	65.82
558	23.85	65.73
558	23.89	65.73
558	23.88	65.85
558	23.88	65.86
558	23.89	66.01
558	23.89	66.1
558	23.92	66.05
558	23.93	65.72
558	23.92	65.62
558	23.95	65.8
558	23.95	65.86
558	23.95	65.66
558	23.89	65.46
558	23.89	65.8
558	23.89	65.8
558	23.95	65.68
558	23.92	65.59
558	23.9	65.6
558	23.96	65.51
558	23.96	65.48
558	23.99	65.43
558	23.99	65.37
558	23.99	65.4
558	23.99	65.36
558	24.03	65.39
558	24.05	65.53
558	24.06	65.56
558	24.09	65.66
558	24.1	65.38
558	24.06	65.18
558	24.09	65.21
558	24.12	65.2
558	24.1	65.35
558	24.13	65.23
558	24.15	65.03
558	24.12	64.9
558	24.15	64.9
558	24.13	64.74
558	24.15	64.78
558	24.13	64.81
558	24.16	64.68
558	24.13	64.78
558	24.16	64.87
558	24.19	64.78
558	24.19	64.66
558	24.17	64.78
558	24.2	64.73
558	24.2	64.58
558	24.2	64.59
558	24.17	64.55
558	24.17	64.6
558	24.19	64.69
558	24.17	65.15
558	24.16	64.93
558	24.16	64.8
558	24.15	65.15
558	24.1	65.01
558	24.12	64.92
558	24.13	64.87
558	24.16	64.73
558	24.15	64.77
558	24.12	64.74
558	24.12	64.86
558	24.16	64.97
558	24.15	65.07
558	24.13	64.78
558	24.15	64.61
558	24.15	64.6
558	24.1	64.63
558	24.16	64.73
558	24.12	64.74
558	24.13	64.72
558	24.15	64.59
558	24.16	64.47
558	24.16	64.41
558	24.15	64.44
558	24.1	64.43
558	24.12	64.46
558	24.16	64.44
558	24.16	64.42
558	24.15	64.35
558	24.09	64.47
558	24.09	64.64
558	24.07	64.81
558	24.12	64.81
558	24.09	64.95
558	24.12	64.88
558	24.1	64.76
558	24.1	64.69
558	24.16	64.84
558	24.15	64.95
558	24.13	64.84
558	24.13	64.8
558	24.15	64.7
558	24.16	64.77
558	24.17	64.84
558	24.15	64.77
558	24.16	64.77
558	24.17	64.77
558	24.19	64.67
400	23.71	65.77
424	23.71	65.94
440	23.71	66.02
453	23.68	66.24
461	23.64	66.24
461	23.62	66.34
462	23.66	66.38
462	23.68	66.55
463	23.65	66.19
463	23.64	66.14
463	23.62	66.17
464	23.6	66.54
463	23.62	66.31
463	23.62	66.41
464	23.58	66.4
463	23.61	66.52
463	23.62	66.41
463	23.55	66.4
464	23.54	66.43
463	23.52	66.51
462	23.5	66.58
462	23.52	66.71
461	23.5	66.67
460	23.44	66.65
460	23.5	66.61
458	23.51	66.51
457	23.48	66.42
450	23.44	66.53
450	23.4	66.66
446	23.4	66.8
443	23.44	66.81
441	23.41	66.78
441	23.42	66.86
440	23.44	66.75
438	23.44	66.73
438	23.41	66.78
437	23.42	66.66
437	23.41	66.81
436	23.35	66.93
436	23.33	67.12
435	23.3	67.19
436	23.34	67.17
434	23.35	67.08
433	23.4	67.03
432	23.44	66.9
432	23.44	66.8
432	23.44	66.85
433	23.35	67.08
432	23.35	67.23
430	23.33	67.25
429	23.34	67.23
429	23.37	67.2
429	23.38	67.08
427	23.41	66.95
427	23.4	66.93
425	23.41	67.0
425	23.37	67.1
423	23.38	67.19
423	23.37	67.19
415	23.4	67.29
414	23.41	67.16
414	23.42	67.09
414	23.44	66.98
415	23.44	66.98
416	23.42	67.04
416	23.44	67.06
419	23.5	66.94
419	23.48	66.81
420	23.44	66.88
422	23.45	66.82
421	23.44	66.89
421	23.4	66.99
420	23.41	67.03
420	23.4	66.98
420	23.41	66.97
419	23.38	66.99
419	23.38	67.01
420	23.4	67.01
420	23.37	67.01
420	23.35	67.04
419	23.38	67.03
418	23.41	66.94
417	23.41	66.91
417	23.42	66.87
417	23.45	66.76
416	23.47	66.71
416	23.45	66.85
414	23.45	66.9
413	23.42	66.92
411	23.48	66.88
410	23.5	66.8
410	23.5	66.73
410	23.5	66.7
409	23.5	66.79
408	23.45	66.8
407	23.42	66.84
404	23.41	66.89
402	23.41	67.02
401	23.44	66.97
401	23.45	66.83
402	23.45	66.81
402	23.5	66.86
403	23.5	66.81
404	23.44	66.92
405	23.4	67.08
406	23.35	67.19
406	23.38	67.34
406	23.41	67.17
407	23.42	67.03
408	23.4	66.93
407	23.34	67.11
407	23.33	67.51
407	23.35	67.52
407	23.37	67.31
408	23.35	67.26
407	23.4	67.21
407	23.4	67.16
407	23.44	67.05
407	23.44	66.98
407	23.41	67.12
407	23.41	67.23
407	23.37	67.2
408	23.35	67.39
408	23.37	67.39
408	23.41	67.34
408	23.42	67.26
409	23.44	67.24
409	23.44	67.21
410	23.42	67.35
411	23.44	67.31
412	23.4	67.28
412	23.37	67.4
412	23.4	67.42
412	23.44	67.29
412	23.41	67.14
413	23.44	67.2
413	23.41	67.2
414	23.45	67.29
415	23.45	67.23
414	23.48	67.19
414	23.45	67.25
414	23.44	67.12
414	23.47	67.15
415	23.48	67.04
416	23.48	66.85
415	23.45	66.94
415	23.5	66.98
415	23.51	66.93
415	23.48	66.82
414	23.51	66.84
415	23.54	66.74
414	23.54	66.74
414	23.54	66.85
415	23.54	66.76
415	23.51	66.78
415	23.52	66.88
414	23.51	66.98
415	23.51	66.99
414	23.52	66.9
414	23.52	66.79
414	23.54	66.74
414	23.55	66.77
413	23.57	66.82
414	23.58	66.77
414	23.58	66.69
414	23.54	66.74
412	23.57	66.76
412	23.54	66.69
412	23.52	66.73
412	23.48	66.81
411	23.47	66.99
411	23.48	66.99
410	23.48	66.92
410	23.51	66.94
409	23.51	66.86
410	23.5	66.97
411	23.55	66.98
413	23.54	66.88
414	23.57	66.7
415	23.55	66.66
415	23.54	66.72
415	23.54	66.73
416	23.44	66.9
416	23.42	67.04
416	23.41	67.12
417	23.42	67.12
416	23.38	67.04
416	23.41	67.04
416	23.38	67.03
414	23.38	67.14
415	23.38	67.24
415	23.38	67.21
415	23.4	67.13
415	23.42	67.08
415	23.41	67.1
414	23.4	67.19
415	23.35	67.36
415	23.4	67.4
416	23.33	67.4
416	23.35	67.4
416	23.34	67.47
416	23.38	67.39
417	23.38	67.33
417	23.37	67.33
418	23.42	67.34
418	23.44	67.21
419	23.41	67.08
419	23.42	67.03
418	23.42	67.03
418	23.44	67.0
418	23.44	67.09
416	23.42	67.14
416	23.42	67.15
417	23.44	67.12
418	23.42	67.01
419	23.41	67.09
419	23.37	67.2
419	23.4	67.25
419	23.38	67.26
419	23.4	67.28
419	23.38	67.28
418	23.35	67.33
418	23.31	67.52
418	23.33	67.5
418	23.24	67.53
418	23.27	67.63
417	23.27	67.68
417	23.27	67.66
418	23.31	67.62
418	23.3	67.66
418	23.25	67.76
418	23.24	67.84
419	23.24	67.85
418	23.31	67.73
419	23.27	67.73
419	23.24	67.88
417	23.21	67.99
417	23.21	67.95
415	23.23	67.94
414	23.25	67.84
415	23.27	67.82
416	23.27	67.73
416	23.24	67.7
416	23.23	67.73
416	23.25	67.73
418	23.2	67.8
418	23.23	67.85
418	23.28	67.72
418	23.3	67.59
417	23.3	67.65
416	23.3	67.66
415	23.25	67.71
415	23.28	67.64
415	23.23	67.75
414	23.18	67.9
414	23.17	67.95
413	23.2	67.93
412	23.21	67.87
413	23.2	67.82
413	23.23	67.8
413	23.24	67.78
412	23.27	67.72
413	23.31	67.54
413	23.31	67.63
413	23.28	67.66
413	23.25	67.88
412	23.24	67.92
412	23.21	67.96
411	23.24	67.92
410	23.24	67.9
410	23.25	67.9
410	23.24	67.79
410	23.24	67.84
410	23.27	67.85
410	23.21	67.95
409	23.23	68.13
409	23.21	68.14
409	23.24	68.09
409	23.27	67.98
408	23.27	67.93
408	23.27	67.98
409	23.3	67.9
410	23.33	67.85
409	23.34	67.78
410	23.35	67.71
410	23.35	67.62
410	23.34	67.71
410	23.34	67.75
409	23.31	67.83
410	23.28	67.96
410	23.3	67.94
411	23.3	67.83
412	23.34	67.82
411	23.41	67.73
412	23.34	67.76
412	23.37	67.84
412	23.4	67.82
412	23.41	67.73
413	23.4	67.67
413	23.42	67.54
413	23.47	67.41
414	23.47	67.35
414	23.5	67.27
413	23.52	67.25
413	23.47	67.26
414	23.42	67.32
415	23.45	67.4
415	23.48	67.35
415	23.48	67.28
415	23.5	67.24
415	23.52	67.2
415	23.51	67.12
414	23.48	67.26
415	23.48	67.22
415	23.52	67.27
413	23.51	67.22
412	23.51	67.17
411	23.5	67.2
411	23.54	67.19
411	23.54	67.08
411	23.57	67.05
411	23.55	67.08
412	23.5	67.17
411	23.5	67.22
410	23.48	67.3
409	23.51	67.28
408	23.55	67.18
407	23.57	67.07
407	23.57	66.96
407	23.57	67.15
405	23.61	67.24
403	23.52	67.11
403	23.52	67.2
403	23.52	67.24
403	23.54	67.3
403	23.54	67.29
403	23.57	67.24
403	23.58	67.24
403	23.58	67.11
402	23.61	66.95
402	23.6	66.91
401	23.61	67.01
401	23.64	67.13
399	23.66	66.95
400	23.64	67.03
400	23.62	67.1
400	23.57	67.14
399	23.52	67.3
398	23.5	67.39
398	23.54	67.51
398	23.58	67.45
398	23.57	67.31
398	23.54	67.34
398	23.5	67.6
398	23.52	67.6
398	23.52	67.59
398	23.57	67.44
398	23.6	67.26
398	23.54	67.49
398	23.61	67.44
399	23.62	67.24
399	23.61	67.24
399	23.6	67.34
398	23.62	67.34
398	23.66	67.1
399	23.66	66.94
400	23.62	67.1
400	23.62	67.34
400	23.62	67.39
401	23.62	67.26
401	23.62	67.4
401	23.62	67.31
402	23.61	67.34
402	23.58	67.46
401	23.57	67.61
402	23.6	67.62
402	23.62	67.49
403	23.64	67.31
404	23.6	67.34
404	23.62	67.37
403	23.61	67.27
403	23.61	67.2
404	23.62	67.14
404	23.61	67.37
403	23.64	67.39
403	23.66	67.24
403	23.68	66.96
403	23.66	67.27
403	23.65	67.16
403	23.65	67.25
403	23.65	67.54
403	23.65	67.19
403	23.64	67.12
402	23.64	67.09
402	23.66	66.97
402	23.66	66.83
403	23.69	66.71
403	23.72	66.81
404	23.68	66.92
405	23.68	67.06
405	23.69	67.03
405	23.72	66.91
405	23.73	66.87
405	23.68	67.05
405	23.65	67.12
406	23.61	67.23
407	23.61	68.09
409	23.61	68.31
416	23.64	68.81
435	23.69	68.08
448	23.68	67.82
449	23.65	67.37
450	23.64	67.33
451	23.64	67.48
453	23.64	67.58
452	23.65	67.58
451	23.66	67.47
450	23.66	67.21
447	23.64	67.35
447	23.65	67.46
445	23.64	67.64
443	23.65	67.89
439	23.65	67.92
438	23.69	67.51
435	23.73	67.23
434	23.72	66.87
430	23.72	67.03
427	23.69	67.28
427	23.65	67.45
427	23.71	68.04
426	23.65	67.88
425	23.66	67.71
424	23.66	67.55
422	23.69	67.51
422	23.68	67.46
421	23.65	67.48
421	23.69	67.48
421	23.68	67.31
421	23.73	67.28
419	23.71	67.32
419	23.71	67.28
419	23.76	67.2
419	23.72	67.44
418	23.76	67.54
417	23.78	67.32
416	23.78	67.1
417	23.73	67.02
416	23.71	67.44
416	23.72	67.57
416	23.73	67.56
415	23.73	67.34
414	23.71	67.13
414	23.73	67.37
413	23.66	67.6
413	23.68	67.78
413	23.68	68.11
414	23.71	68.13
414	23.68	67.93
415	23.71	67.98
416	23.75	67.74
416	23.72	67.72
416	23.76	67.99
416	23.68	67.5
416	23.66	67.92
417	23.64	67.8
418	23.66	67.93
418	23.69	68.05
418	23.69	67.94
419	23.69	67.98
419	23.73	67.71
419	23.72	67.61
419	23.71	67.35
420	23.65	67.6
419	23.65	67.86
419	23.65	67.73
419	23.68	67.7
419	23.66	67.61
419	23.66	67.71
418	23.71	67.6
417	23.68	67.5
416	23.72	67.44
417	23.71	67.61
418	23.69	67.49
420	23.72	67.51
418	23.69	67.56
419	23.68	67.64
419	23.69	67.52
419	23.68	67.45
421	23.66	67.59
419	23.66	67.67
420	23.65	67.52
421	23.66	67.7
420	23.71	67.71
421	23.68	67.71
422	23.68	67.73
421	23.72	67.54
419	23.66	67.17
419	23.66	67.88
420	23.65	67.67
419	23.66	67.46
419	23.69	67.31
419	23.68	67.22
420	23.68	67.25
419	23.71	67.48
418	23.71	67.15
418	23.68	67.16
417	23.65	67.49
418	23.66	67.59
418	23.66	67.69
418	23.65	67.64
418	23.65	67.5
418	23.64	67.51
416	23.66	67.37
416	23.64	67.57
418	23.66	67.97
417	23.68	68.37
417	23.68	68.04
416	23.69	67.62
418	23.72	67.46
419	23.78	67.53
421	23.72	67.05
421	23.72	67.17
420	23.72	67.23
420	23.73	67.17
422	23.73	67.17
421	23.75	67.07
421	23.76	67.03
421	23.72	67.02
421	23.68	67.1
422	23.65	67.29
421	23.66	67.42
420	23.68	67.26
420	23.71	67.22
419	23.68	67.14
419	23.68	67.07
420	23.64	67.17
421	23.68	67.22
420	23.68	67.06
419	23.68	67.08
420	23.71	67.12
419	23.72	67.11
419	23.72	67.16
419	23.73	67.11
420	23.69	67.11
420	23.72	67.15
420	23.68	67.22
420	23.69	67.26
421	23.71	67.41
422	23.72	67.28
421	23.72	67.2
421	23.72	67.23
421	23.72	67.2
420	23.76	67.3
422	23.75	67.07
421	23.76	66.96
422	23.73	67.08
422	23.75	67.1
422	23.71	67.09
423	23.71	67.14
424	23.71	67.06
423	23.66	67.14
424	23.68	67.22
423	23.72	67.33
422	23.76	67.12
423	23.76	67.05
423	23.76	66.96
422	23.76	66.95
423	23.73	66.99
422	23.75	66.94
424	23.79	66.96
424	23.79	66.8
424	23.79	66.64
425	23.78	66.65
424	23.78	66.63
425	23.8	66.59
425	23.83	66.62
425	23.83	66.89
424	23.82	66.88
424	23.8	66.71
423	23.83	66.65
424	23.82	66.63
424	23.79	66.64
424	23.78	66.85
423	23.82	66.92
424	23.82	66.83
424	23.83	66.7
424	23.79	66.7
423	23.83	66.62
423	23.82	66.58
423	23.82	66.66
422	23.85	66.86
422	23.83	66.99
423	23.85	66.97
423	23.83	66.91
424	23.88	66.69
423	23.86	66.49
423	23.88	66.46
424	23.88	66.49
424	23.85	66.67
425	23.85	66.87
425	23.85	66.78
425	23.83	66.68
426	23.78	66.78
426	23.79	66.76
426	23.82	67.06
427	23.8	66.92
427	23.82	66.82
429	23.82	66.77
430	23.82	66.78
431	23.85	66.86
431	23.85	66.7
432	23.85	66.65
432	23.89	66.63
432	23.88	66.66
432	23.9	66.65
434	23.92	66.7
434	23.96	66.8
436	23.96	66.63
436	23.99	66.54
436	23.98	67.0
438	24.0	67.03
439	24.03	66.84
439	24.05	66.72
443	24.07	66.53
448	24.09	66.48
450	24.1	66.41
452	24.12	66.2
451	24.16	66.28
452	24.15	66.3
455	24.16	66.24
456	24.17	66.1
456	24.23	66.12
455	24.21	66.2
456	24.23	66.07
456	24.23	66.11
456	24.27	66.23
457	24.28	66.23
458	24.28	66.43
463	24.3	66.47
466	24.3	66.4
473	24.34	66.15
476	24.36	66.43
480	24.4	66.52
479	24.4	66.32
479	24.37	66.36
479	24.44	66.58
479	24.43	66.54
480	24.44	65.8
480	24.43	65.81
480	24.41	65.83
481	24.48	65.93
482	24.46	65.8
484	24.46	65.77
487	24.5	65.97
487	24.48	66.14
488	24.51	65.99
488	24.55	65.64
492	24.54	65.57
491	24.57	65.83
491	24.58	65.76
490	24.57	65.47
491	24.58	65.04
494	24.55	65.03
498	24.57	65.13
500	24.57	65.13
501	24.61	65.09
500	24.61	65.28
501	24.58	65.59
502	24.6	65.78
502	24.61	65.86
504	24.61	65.73
504	24.65	65.63
505	24.67	65.42
505	24.64	65.15
505	24.64	65.18
505	24.68	65.13
506	24.7	65.69
507	24.7	65.53
506	24.68	65.56
506	24.68	65.08
506	24.68	64.94
506	24.68	64.95
506	24.71	65.29
506	24.7	65.18
506	24.7	65.07
507	24.72	65.55
507	24.74	65.88
509	24.71	66.07
513	24.71	65.83
517	24.74	65.47
520	24.74	65.42
521	24.75	65.87
522	24.77	66.06
523	24.75	65.43
523	24.77	65.15
523	24.74	66.01
526	24.75	65.76
527	24.75	65.47
528	24.75	66.02
529	24.75	66.3
531	24.78	66.74
533	24.77	66.9
537	24.79	66.79
545	24.78	66.58
548	24.78	66.85
549	24.79	66.91
551	24.79	66.78
560	24.81	66.7
563	24.81	66.81
569	24.81	66.66
571	24.81	66.31
573	24.81	66.81
573	24.82	66.51
573	24.81	66.25
572	24.83	65.77
574	24.82	65.65
576	24.82	65.9
579	24.83	65.55
580	24.85	65.85
580	24.85	66.24
581	24.83	66.57
582	24.85	66.53
582	24.81	65.6
583	24.83	65.48
583	24.83	65.35
583	24.85	65.14
586	24.86	65.08
587	24.86	65.13
588	24.86	66.0
588	24.85	65.77
589	24.85	66.38
592	24.88	66.44
595	24.91	66.17
595	24.89	66.51
595	24.91	66.13
595	24.92	66.37
596	24.93	66.45
596	24.92	66.76
596	24.95	66.72
597	24.93	66.54
596	24.93	66.66
597	24.93	66.65
598	24.93	66.03
598	24.92	66.05
598	24.92	66.61
599	24.93	66.53
600	24.93	66.45
600	24.92	66.38
600	24.95	66.12
601	24.95	65.71
602	24.93	65.89
603	24.95	65.71
603	24.96	65.78
605	24.95	65.89
606	24.96	65.66
606	24.96	65.71
605	24.96	66.09
605	24.99	66.09
605	24.96	65.55
606	24.96	65.58
608	24.99	66.07
608	24.99	66.31
609	25.0	66.15
610	25.03	66.08
610	25.02	65.99
610	25.0	65.75
610	25.02	65.84
610	25.0	66.12
610	25.02	66.21
610	25.0	65.93
610	25.03	65.7
611	24.98	65.56
611	25.0	65.26
611	24.99	65.32
611	24.99	65.6
611	24.98	65.45
614	24.98	65.14
614	24.99	65.16
614	24.98	65.69
614	24.98	66.31
613	24.98	66.38
613	25.0	66.36
612	25.0	66.07
613	25.03	65.74
613	25.0	65.41
613	25.0	65.45
612	25.02	65.22
613	25.0	65.22
613	25.0	65.21
612	25.02	65.38
613	25.0	65.57
614	25.05	65.49
615	25.05	65.36
615	25.05	65.26
615	25.03	65.3
614	25.03	65.13
615	25.02	65.06
615	25.02	65.04
615	25.05	65.17
615	25.06	65.19
616	25.06	65.66
615	25.06	65.88
614	25.06	65.51
615	25.08	65.28
615	25.08	65.15
617	25.08	64.83
619	25.06	65.2
619	25.08	65.68
620	25.09	65.66
620	25.08	65.26
620	25.12	65.78
620	25.12	65.79
620	25.1	66.0
620	25.09	65.5
621	25.08	65.52
622	25.06	65.71
621	25.09	65.73
620	25.06	65.44
621	25.08	65.18
622	25.08	65.08
622	25.03	65.27
623	25.03	65.4
623	25.02	65.14
622	25.05	64.99
623	25.0	65.04
623	24.99	65.58
623	25.03	65.85
624	25.0	65.85
624	25.02	65.31
624	25.02	65.21
626	25.02	65.13
625	25.02	64.98
624	25.03	65.0
625	25.02	65.02
625	25.02	65.27
626	25.02	65.13
627	25.02	65.08
628	25.0	65.23
628	25.03	65.33
628	25.02	65.56
628	25.03	65.64
629	25.02	65.1
629	25.03	65.02
631	25.02	64.94
630	25.05	64.84
631	25.05	65.04
631	25.06	65.35
630	25.05	65.37
631	25.03	65.43
632	25.06	65.93
631	25.08	65.86
630	25.1	65.74
629	25.06	65.58
630	25.1	65.13
629	25.1	65.39
629	25.13	65.46
629	25.12	65.2
629	25.06	64.75
627	25.03	64.95
623	25.03	65.14
618	25.05	65.37
617	25.02	65.51
610	25.03	65.59
607	25.0	65.62
609	25.02	65.58
610	25.02	65.69
609	25.02	65.54
608	24.99	65.42
608	25.0	65.36
608	25.03	65.53
606	25.08	65.57
605	25.03	65.44
605	25.06	65.3
604	25.06	65.24
602	25.03	65.13
603	25.0	65.04
602	25.02	65.1
602	25.02	65.33
602	25.05	65.28
601	25.03	65.61
600	25.02	65.76
598	25.03	65.75
598	25.0	65.13
597	25.05	64.85
598	25.06	64.88
598	25.08	65.19
598	25.08	65.07
598	25.05	65.25
599	25.06	65.25
597	25.08	65.26
597	25.06	65.28
597	25.06	65.5
597	25.1	65.56
599	25.06	65.73
598	25.09	65.79
599	25.12	65.67
601	25.06	65.62
603	25.1	65.32
604	25.1	65.24
604	25.09	65.34
604	25.1	65.13
605	25.1	65.53
607	25.09	65.39
608	25.09	64.83
607	25.08	64.75
609	25.06	65.21
608	25.09	65.57
608	25.1	65.89
609	25.08	65.5
610	25.09	65.6
610	25.09	65.69
613	25.1	65.55
612	25.1	65.27
612	25.08	65.56
613	25.08	65.9
614	25.06	65.48
615	25.06	65.46
617	25.06	65.65
617	25.03	65.75
617	25.06	66.21
618	25.08	66.4
618	25.08	66.06
623	25.08	65.75
623	25.1	65.76
622	25.1	65.72
621	25.1	65.7
619	25.09	65.59
618	25.1	65.53
619	25.08	65.53
620	25.08	65.49
620	25.08	65.51
622	25.08	65.53
623	25.06	65.52
622	25.06	65.42
622	25.09	65.38
623	25.1	65.25
622	25.08	65.17
621	25.09	65.28
622	25.1	65.08
622	25.08	65.0
622	25.13	64.89
623	25.12	64.86
624	25.1	64.84
623	25.1	64.87
622	25.09	64.8
621	25.12	64.8
620	25.09	64.78
620	25.1	64.82
619	25.1	64.78
618	25.08	64.81
618	25.09	64.84
617	25.12	64.86
607	25.08	64.95
605	25.08	64.91
603	25.06	64.99
603	25.1	64.97
590	25.1	64.99
590	25.08	64.92
589	25.09	64.97
590	25.1	64.99
590	25.12	64.96
592	25.15	64.86
591	25.15	64.78
594	25.16	64.74
593	25.19	64.77
592	25.19	64.75
592	25.19	64.68
589	25.19	64.65
588	25.19	64.63
581	25.2	64.59
579	25.22	64.53
564	25.22	64.56
564	25.2	64.53
563	25.2	64.58
561	25.23	64.62
557	25.23	64.56
550	25.22	64.49
548	25.23	64.45
544	25.25	64.59
547	25.23	64.59
554	25.23	64.51
555	25.25	64.61
558	25.23	64.49
558	25.26	65.02
559	25.26	64.8
559	25.29	64.61
558	25.3	64.45
559	25.3	64.66
559	25.3	64.88
559	25.3	64.62
557	25.3	65.17
557	25.34	65.3
557	25.36	64.73
557	25.36	64.53
558	25.34	64.34
557	25.36	64.36
557	25.37	64.55
555	25.37	64.52
555	25.4	64.35
555	25.38	64.57
552	25.4	64.76
549	25.4	64.54
544	25.41	64.65
543	25.46	64.72
543	25.48	65.88
545	25.46	65.03
545	25.46	64.63
550	25.46	64.81
552	25.5	65.28
555	25.51	65.04
557	25.53	64.84
560	25.53	64.78
565	25.54	64.67
565	25.51	64.66
566	25.51	64.63
565	25.51	64.56
565	25.53	64.42
564	25.56	64.39
563	25.56	64.19
563	25.57	64.02
561	25.53	64.23
558	25.51	64.12
556	25.48	64.02
556	25.48	64.09
556	25.48	64.1
556	25.48	64.03
555	25.48	63.94
554	25.51	63.9
553	25.51	63.86
543	25.48	63.7
541	25.5	63.74
541	25.51	63.84
541	25.5	64.04
540	25.5	64.13
540	25.48	63.85
539	25.47	63.95
539	25.47	64.29
539	25.44	64.32
539	25.43	64.34
538	25.44	64.39
537	25.44	64.48
537	25.44	64.46
536	25.44	64.35
536	25.47	64.21
537	25.46	64.24
536	25.48	64.41
537	25.46	64.28
537	25.47	64.09
537	25.46	63.99
537	25.51	63.97
536	25.48	63.92
536	25.48	63.92
533	25.5	63.94
532	25.51	63.83
533	25.51	63.87
535	25.5	63.7
535	25.5	63.63
536	25.51	63.61
538	25.51	63.6
538	25.53	63.66
538	25.53	63.44
538	25.53	63.41
539	25.53	63.32
539	25.51	63.36
538	25.51	63.33
536	25.5	63.27
535	25.5	63.29
533	25.47	63.32
528	25.5	63.28
525	25.46	63.3
525	25.46	63.36
524	25.47	63.42
524	25.48	63.33
524	25.5	63.3
524	25.47	63.36
523	25.47	63.49
522	25.46	63.43
518	25.47	63.44
515	25.5	63.38
514	25.48	63.35
513	25.48	63.34
510	25.47	63.43
510	25.44	63.49
510	25.47	63.55
509	25.46	63.59
510	25.47	63.54
509	25.46	63.6
509	25.47	63.66
507	25.47	63.7
507	25.47	63.69
507	25.46	63.75
507	25.44	63.76
506	25.44	63.78
507	25.44	63.77
507	25.41	63.8
506	25.41	63.79
505	25.41	63.93
505	25.44	63.76
505	25.41	63.64
505	25.46	63.54
505	25.43	63.55
506	25.47	63.47
506	25.43	63.56
505	25.44	63.66
506	25.44	63.87
505	25.41	63.87
507	25.41	63.78
507	25.41	63.68
511	25.4	63.85
511	25.43	63.94
513	25.4	63.88
516	25.43	63.9
526	25.46	63.83
534	25.48	63.64
549	25.46	63.64
551	25.48	63.64
555	25.46	63.6
555	25.5	63.61
556	25.47	63.54
558	25.46	63.49
557	25.47	63.54
572	25.46	63.54
589	25.47	63.51
653	25.48	63.49
676	25.48	63.41
705	25.48	63.39
712	25.48	63.44
711	25.5	63.37
711	25.48	63.36
708	25.5	63.38
705	25.56	63.67
695	25.51	63.28
681	25.56	63.32
672	25.57	63.16
666	25.56	63.11
659	25.56	63.05
651	25.53	63.03
644	25.54	63.06
633	25.54	63.01
623	25.48	63.05
617	25.48	63.15
615	25.48	63.23
608	25.48	63.24
606	25.5	63.23
602	25.5	63.23
600	25.5	63.27
594	25.5	63.22
591	25.48	63.18
588	25.51	63.16
586	25.51	63.23
584	25.53	63.18
583	25.5	63.12
582	25.5	63.11
577	25.51	63.09
575	25.48	63.08
574	25.48	63.1
572	25.5	63.05
568	25.51	63.0
569	25.5	63.0
567	25.5	63.01
567	25.48	63.03
565	25.46	63.08
564	25.47	63.2
565	25.46	63.27
564	25.44	63.38
563	25.47	63.48
562	25.5	63.38
562	25.47	63.42
561	25.5	63.49
562	25.5	63.42
562	25.5	63.51
563	25.53	63.5
563	25.56	63.43
564	25.51	63.33
562	25.53	63.35
562	25.53	63.34
562	25.54	63.41
563	25.57	63.44
562	25.54	63.5
562	25.53	63.51
563	25.57	63.52
563	25.58	63.51
565	25.61	63.54
569	25.61	63.7
571	25.63	63.69
574	25.61	63.7
577	25.63	63.68
583	25.61	63.74
584	25.61	63.92
592	25.61	64.03
593	25.6	63.97
592	25.6	63.97
592	25.61	63.94
594	25.6	63.94
594	25.57	63.91
595	25.63	64.03
594	25.63	64.05
597	25.65	63.96
597	25.65	63.76
598	25.65	63.74
600	25.67	64.0
604	25.67	64.08
610	25.65	64.08
610	25.67	64.05
612	25.68	64.01
613	25.65	63.92
614	25.64	63.81
615	25.63	63.95
616	25.64	63.81
619	25.63	63.85
619	25.63	63.75
618	25.63	63.59
617	25.61	63.31
616	25.64	63.32
616	25.61	63.55
613	25.67	63.62
613	25.65	63.7
614	25.7	63.67
613	25.67	63.7
612	25.65	63.67
612	25.7	63.67
609	25.67	63.7
608	25.67	63.88
607	25.64	64.03
607	25.65	63.93
607	25.65	63.87
607	25.64	64.06
606	25.64	64.12
606	25.67	64.18
606	25.65	64.35
609	25.68	64.39
610	25.7	64.36
612	25.67	64.4
615	25.68	64.4
618	25.68	64.51
618	25.68	64.54
622	25.65	64.39
624	25.65	64.23
625	25.63	64.36
626	25.63	64.41
629	25.6	64.48
629	25.6	64.53
629	25.6	64.47
629	25.6	64.52
629	25.61	64.54
630	25.64	64.5
630	25.68	64.4
630	25.68	64.41
630	25.65	64.42
631	25.64	64.59
631	25.64	64.44
631	25.64	64.33
631	25.61	64.21
631	25.64	64.21
629	25.61	64.05
630	25.63	64.14
629	25.61	64.12
628	25.63	64.26
628	25.64	64.29
628	25.67	64.37
628	25.67	64.29
628	25.65	64.19
625	25.65	64.16
625	25.68	64.28
624	25.65	64.33
623	25.65	64.5
621	25.64	64.48
619	25.65	64.51
619	25.65	64.53
618	25.65	64.39
619	25.65	64.31
618	25.65	64.2
618	25.64	64.22
617	25.64	64.25
617	25.61	64.38
614	25.64	64.52
614	25.61	64.52
613	25.61	64.47
613	25.64	64.42
613	25.65	64.37
613	25.65	64.15
612	25.65	64.05
611	25.65	64.1
611	25.67	64.12
611	25.64	64.29
608	25.65	64.28
602	25.65	64.3
600	25.64	64.26
600	25.64	64.31
600	25.64	64.38
599	25.63	64.3
599	25.61	64.32
599	25.63	64.41
598	25.61	64.46
599	25.61	64.47
599	25.61	64.38
599	25.63	64.42
598	25.61	64.37
597	25.61	64.29
597	25.67	64.28
597	25.67	64.23
597	25.64	64.23
596	25.67	64.25
596	25.63	64.24
597	25.64	64.22
598	25.67	64.31
598	25.65	64.28
598	25.65	64.36
598	25.65	64.37
599	25.7	64.35
600	25.7	64.22
600	25.7	64.12
601	25.71	64.17
602	25.71	64.14
602	25.71	64.18
605	25.7	64.16
606	25.68	64.11
606	25.71	64.15
606	25.73	64.18
607	25.74	64.17
607	25.74	64.11
608	25.74	64.14
607	25.75	64.33
607	25.68	64.26
608	25.7	64.27
607	25.73	64.24
608	25.71	64.16
608	25.7	64.1
607	25.7	64.03
606	25.7	64.0
606	25.74	63.97
607	25.71	64.01
607	25.71	64.1
606	25.71	64.12
606	25.7	64.02
605	25.7	63.91
604	25.68	63.79
604	25.7	63.8
604	25.71	63.82
604	25.71	63.74
603	25.7	63.79
603	25.68	63.73
603	25.7	63.67
602	25.7	63.57
602	25.7	63.52
600	25.7	63.6
597	25.65	63.61
597	25.67	63.6
596	25.64	63.56
593	25.67	63.57
590	25.67	63.51
589	25.63	63.37
588	25.67	63.37
588	25.65	63.41
585	25.65	63.35
583	25.65	63.38
582	25.64	63.42
582	25.67	63.26
581	25.65	63.29
580	25.65	63.24
578	25.64	63.3
578	25.65	63.31
575	25.65	63.36
575	25.61	63.39
573	25.64	63.37
573	25.65	63.41
573	25.64	63.39
573	25.67	63.5
572	25.68	63.65
572	25.68	63.67
572	25.71	63.65
573	25.71	63.75
574	25.74	63.82
574	25.73	63.96
574	25.7	64.09
575	25.7	64.39
579	25.68	64.34
581	25.71	64.26
586	25.73	64.08
595	25.75	64.05
606	25.77	64.09
611	25.75	64.2
617	25.74	64.72
619	25.75	65.05
624	25.77	64.57
629	25.75	64.08
633	25.75	63.8
634	25.73	63.8
636	25.71	63.71
636	25.74	63.71
636	25.7	63.56
635	25.73	63.48
635	25.74	63.49
634	25.75	63.36
630	25.71	63.27
627	25.71	63.36
626	25.67	63.38
622	25.67	63.36
620	25.65	63.45
616	25.67	63.45
615	25.64	63.42
605	25.68	63.43
602	25.67	63.44
597	25.7	63.51
597	25.67	63.45
597	25.65	63.37
596	25.67	63.42
595	25.67	63.39
595	25.64	63.4
594	25.65	63.45
594	25.67	63.42
592	25.65	63.43
592	25.67	63.47
591	25.64	63.64
588	25.67	63.68
586	25.64	63.64
585	25.67	63.65
585	25.64	63.7
584	25.65	63.83
584	25.63	63.84
584	25.64	63.89
584	25.64	63.87
584	25.61	63.81
583	25.63	63.89
584	25.64	63.84
584	25.64	63.83
585	25.65	63.74
587	25.65	63.61
587	25.65	63.65
588	25.61	63.6
587	25.64	63.69
588	25.64	63.75
588	25.65	63.84
588	25.64	63.98
588	25.65	63.88
588	25.64	63.83
588	25.65	63.94
588	25.65	63.92
587	25.71	63.92
588	25.73	63.85
589	25.73	63.65
594	25.73	63.67
595	25.73	63.5
594	25.71	63.54
595	25.73	63.48
596	25.71	63.41
595	25.74	63.35
595	25.75	63.16
594	25.74	63.13
594	25.75	63.13
593	25.77	63.06
593	25.78	63.06
592	25.81	62.85
593	25.77	62.95
593	25.78	62.79
593	25.81	62.8
592	25.78	62.84
592	25.75	62.84
592	25.73	62.78
592	25.74	62.83
591	25.75	62.77
590	25.74	62.93
591	25.74	63.26
590	25.71	63.35
590	25.75	63.44
591	25.8	63.79
591	25.77	63.55
591	25.82	63.34
592	25.77	63.4
593	25.8	63.34
594	25.78	63.2
596	25.78	63.35
597	25.82	63.16
595	25.81	63.06
596	25.81	62.98
595	25.75	62.98
595	25.77	63.22
595	25.78	63.25
594	25.8	63.39
594	25.82	63.64
595	25.85	63.6
596	25.85	63.69
596	25.88	63.44
597	25.92	63.4
598	25.91	63.11
599	25.95	62.98
600	25.96	62.98
602	25.96	62.79
602	25.95	62.52
602	25.92	62.47
603	25.89	62.41
603	25.89	62.46
602	25.88	62.58
601	25.89	62.53
600	25.87	62.45
600	25.89	62.4
599	25.88	62.4
596	25.89	62.34
596	25.88	62.29
592	25.87	62.26
590	25.85	62.39
588	25.85	62.41
586	25.84	62.37
584	25.85	62.44
583	25.82	62.37
580	25.81	62.41
573	25.81	62.43
572	25.81	62.49
567	25.8	62.5
567	25.8	62.55
562	25.8	62.56
562	25.8	62.59
561	25.78	62.77
561	25.8	62.79
560	25.77	62.69
560	25.78	62.69
559	25.8	62.65
559	25.82	62.83
559	25.84	62.94
560	25.82	62.6
560	25.87	62.78
561	25.85	62.74
562	25.85	62.57
565	25.87	62.52
564	25.85	62.5
565	25.84	62.49
565	25.84	62.46
567	25.88	65.17
572	25.87	64.66
588	25.87	63.91
598	25.87	63.27
607	25.84	62.95
607	25.82	62.91
609	25.8	62.95
609	25.8	62.85
607	25.8	62.94
605	25.78	62.84
604	25.78	62.69
603	25.75	62.63
602	25.78	62.72
600	25.77	62.67
596	25.77	62.75
594	25.78	62.59
593	25.74	62.57
590	25.78	62.52
588	25.78	62.51
587	25.74	62.48
583	25.77	62.47
578	25.74	62.57
577	25.77	62.49
577	25.78	62.37
568	25.8	62.35
568	25.94	65.86
712	26.03	64.86
711	26.08	63.83
687	26.09	62.54
682	26.06	62.01
656	26.05	61.88
645	26.02	62.06
641	26.03	62.26
640	26.01	62.3
632	25.98	62.11
631	25.98	62.29
629	25.95	62.65
627	25.95	62.74
620	25.94	62.48
612	25.98	62.23
598	25.96	62.2
597	25.95	62.07
595	25.99	62.51
593	26.01	62.45
592	26.05	62.2
590	26.03	61.89
589	26.01	61.74
585	26.01	61.61
584	26.02	61.55
581	26.02	61.59
578	26.02	61.56
574	25.98	61.54
573	26.01	61.72
569	25.98	61.75
568	25.98	61.66
568	25.99	61.64
567	25.99	61.66
564	25.96	61.81
562	25.99	61.83
560	25.98	61.87
558	25.98	61.79
558	25.98	61.76
556	25.96	61.76
553	25.95	61.99
553	25.96	62.18
553	25.95	62.5
547	25.96	62.34
546	25.95	61.99
546	25.96	61.93
546	25.94	62.05
542	25.94	61.86
541	25.95	61.88
541	25.95	61.9
539	25.94	61.9
539	25.94	61.85
536	25.92	61.76
536	25.92	61.65
535	25.95	61.74
535	25.92	61.78
535	25.94	61.78
536	25.94	61.83
536	25.95	61.76
535	25.91	61.66
534	25.95	61.78
533	25.94	61.65
532	25.92	61.73
530	25.94	61.62
528	25.94	61.8
527	25.92	61.84
527	25.94	61.73
525	25.95	61.8
525	25.95	61.93
525	25.95	62.0
525	25.95	62.1
524	25.94	62.13
524	25.95	61.79
524	25.95	61.8
523	25.94	61.65
522	25.92	61.71
522	25.94	61.82
520	25.95	61.8
521	25.95	61.87
521	25.94	61.81
521	25.92	61.78
522	25.94	61.9
522	25.92	61.74
522	25.92	61.66
523	25.94	61.59
522	25.94	61.49
522	25.96	61.47
521	25.96	61.69
520	25.96	61.52
520	25.94	61.78
520	25.91	62.12
519	25.94	62.16
518	25.92	62.18
518	25.91	62.06
518	25.92	61.96
519	25.95	61.77
519	25.92	61.84
519	25.91	62.28
519	25.91	62.29
520	25.89	62.39
520	25.89	62.11
520	25.85	62.04
520	25.91	62.32
520	25.91	62.28
521	25.92	62.04
522	25.91	61.91
522	25.91	61.92
523	25.89	61.75
523	25.91	61.64
524	25.91	61.51
525	25.91	61.61
524	25.89	61.61
525	25.91	61.65
524	25.88	61.88
525	25.91	62.61
526	25.95	62.96
535	25.95	62.59
521	25.98	61.99
518	25.96	61.7
520	25.94	61.71
526	25.99	61.73
525	25.99	61.73
529	26.01	61.73
530	26.03	61.61
533	26.03	61.45
535	26.06	61.39
536	26.03	61.39
536	26.03	61.38
536	26.06	61.43
535	26.05	61.38
535	26.06	61.39
535	26.09	61.3
535	26.09	61.26
536	26.09	61.31
669	26.18	61.07
595	26.18	61.04
570	26.21	60.92
566	26.19	60.84
569	26.18	60.83
567	26.19	61.0
566	26.21	60.96
565	26.21	60.64
564	26.19	60.51
564	26.22	60.48
552	26.23	60.33
549	26.23	60.46
541	26.21	60.59
539	26.25	60.7
536	26.23	60.78
536	26.23	60.78
534	26.23	60.68
533	26.22	60.52
533	26.23	60.46
532	26.25	60.59
529	26.26	60.64
529	26.25	61.11
531	26.28	60.69
532	26.26	60.57
533	26.26	60.68
535	26.28	60.71
536	26.26	60.51
537	26.29	60.38
537	26.28	60.29
535	26.26	60.49
535	26.25	60.63
535	26.23	60.61
532	26.26	60.6
532	26.28	60.57
532	26.25	60.58
531	26.26	60.68
531	26.25	60.69
531	26.26	60.57
531	26.26	60.64
532	26.26	60.66
532	26.28	60.66
532	26.26	61.01
537	26.29	61.56
550	26.26	60.88
571	26.28	60.56
575	26.32	60.66
577	26.28	60.61
576	26.29	60.56
575	26.28	60.64
565	26.29	60.72
556	26.29	60.6
530	26.32	60.57
531	26.3	60.59
534	26.3	60.76
536	26.3	60.68
543	26.32	60.69
547	26.3	60.45
551	26.33	60.64
555	26.33	60.45
566	26.33	60.43
569	26.33	60.41
574	26.35	60.26
575	26.35	60.15
576	26.38	60.15
576	26.36	60.31
575	26.35	60.31
575	26.36	60.51
576	26.35	60.33
575	26.38	60.06
580	26.39	59.95
577	26.38	59.94
574	26.36	59.91
568	26.35	59.89
566	26.38	59.88
562	26.4	59.95
557	26.39	60.26
548	26.39	60.31
542	26.39	60.06
540	26.39	59.95
540	26.42	59.85
537	26.4	59.78
534	26.39	59.58
533	26.4	59.54
530	26.4	59.68
523	26.4	59.88
515	26.39	59.88
515	26.4	59.86
516	26.4	59.92
517	26.4	59.86
517	26.4	59.77
517	26.36	59.92
518	26.43	59.93
518	26.39	59.69
517	26.43	59.78
533	26.4	59.55
498	26.42	59.3
511	26.39	59.34
504	26.42	59.36
502	26.42	59.43
501	26.44	59.52
501	26.43	59.53
499	26.46	59.37
498	26.43	59.37
495	26.46	59.25
495	26.46	59.23
493	26.44	59.23
487	26.44	59.26
484	26.44	59.28
478	26.44	59.53
474	26.46	59.47
470	26.44	59.34
468	26.46	59.31
462	26.44	59.29
459	26.44	59.22
458	26.44	59.24
456	26.44	59.18
452	26.44	59.27
450	26.46	59.28
450	26.47	59.41
460	26.49	59.44
471	26.46	59.38
487	26.47	59.28
490	26.47	59.27
497	26.46	59.18
498	26.46	59.21
499	26.46	59.25
499	26.47	59.37
502	26.47	59.51
503	26.47	59.64
503	26.47	59.6
503	26.47	59.51
505	26.46	59.46
505	26.47	59.31
506	26.49	59.26
506	26.46	59.3
506	26.49	59.39
506	26.5	59.21
506	26.51	59.26
507	26.5	59.3
507	26.5	59.14
506	26.5	59.2
507	26.51	59.42
508	26.53	59.26
508	26.5	59.13
510	26.5	59.14
510	26.5	59.2
511	26.5	59.25
510	26.51	59.26
510	26.51	60.61
520	26.53	61.06
566	26.53	59.56
577	26.51	59.26
587	26.53	59.19
586	26.5	59.09
586	26.5	59.15
586	26.5	59.22
584	26.53	59.12
583	26.51	59.04
580	26.5	59.0
576	26.54	59.11
575	26.51	59.28
571	26.5	59.13
570	26.51	59.05
567	26.53	59.08
564	26.51	59.12
560	26.53	59.18
561	26.53	59.12
557	26.53	58.9
554	26.5	58.85
553	26.51	58.92
547	26.53	58.96
546	26.56	59.04
542	26.54	58.99
541	26.53	58.95
536	26.54	59.09
535	26.56	58.98
535	26.54	58.93
534	26.54	59.48
536	26.54	59.15
538	26.53	58.94
537	26.56	58.97
537	26.54	58.99
536	26.53	58.92
536	26.51	59.18
537	26.54	59.23
538	26.56	59.32
540	26.54	59.18
539	26.53	59.02
540	26.53	59.17
540	26.54	59.21
540	26.54	59.24
540	26.56	59.04
539	26.53	59.42
540	26.56	59.28
540	26.56	59.23
541	26.54	59.13
540	26.56	59.09
536	26.57	59.06
537	26.56	59.12
536	26.54	59.14
537	26.57	59.23
537	26.54	59.19
536	26.54	59.16
536	26.54	59.12
537	26.58	59.18
537	26.54	59.15
539	26.57	59.18
540	26.56	59.43
542	26.57	59.19
542	26.56	59.02
543	26.57	59.08
543	26.57	59.1
543	26.57	59.02
545	26.57	58.98
546	26.57	58.95
546	26.54	59.07
546	26.56	59.18
545	26.53	59.18
851	26.43	59.42
783	26.44	59.44
762	26.39	59.63
741	26.42	61.15
816	26.43	59.68
779	26.33	59.32
716	26.35	59.43
698	26.33	59.56
649	26.36	59.31
615	26.33	59.33
626	26.33	59.19
596	26.33	59.22
583	26.33	59.16
561	26.39	59.11
548	26.35	59.24
543	26.35	59.2
534	26.38	58.95
535	26.35	58.88
541	26.35	59.01
542	26.32	59.01
525	26.3	59.12
539	26.32	59.17
547	26.32	59.2
556	26.35	59.24
532	26.33	59.3
536	26.33	59.28
534	26.3	59.39
525	26.28	59.33
519	26.29	59.33
539	26.32	59.33
548	26.33	59.04
540	26.33	59.15
517	26.36	59.06
541	26.36	59.11
525	26.38	59.1
518	26.38	59.13
524	26.32	59.15
536	26.33	59.22
526	26.29	59.33
513	26.3	59.43
533	26.35	59.17
535	26.38	59.09
530	26.39	59.03
527	26.42	59.06
519	26.43	59.04
531	26.39	59.1
518	26.39	59.11
542	26.42	59.15
530	26.39	59.03
530	26.39	58.81
545	26.4	58.96
507	26.43	58.86
519	26.4	58.74
530	26.43	58.94
543	26.44	58.86
538	26.42	58.85
506	26.43	58.98
522	26.46	58.84
530	26.43	58.69
525	26.42	58.97
528	26.42	58.85
517	26.43	58.86
531	26.4	58.7
529	26.39	58.95
517	26.44	58.94
515	26.42	58.97
531	26.4	58.97
523	26.38	59.04
522	26.39	59.0
526	26.36	59.14
531	26.39	58.93
528	26.4	58.98
575	26.42	58.85
546	26.36	59.03
532	26.38	59.04
527	26.39	59.1
531	26.36	58.78
514	26.38	58.96
525	26.36	59.06
536	26.35	59.19
530	26.33	59.25
518	26.28	59.38
542	26.3	59.37
534	26.29	59.44
530	26.35	59.36
512	26.35	59.45
528	26.33	59.46
531	26.35	59.2
520	26.39	59.33
532	26.39	59.27
528	26.39	59.22
539	26.38	59.27
542	26.33	59.41
537	26.3	59.33
539	26.28	59.38
541	26.35	59.41
549	26.33	59.3
551	26.35	59.35
520	26.29	59.6
533	26.29	59.85
542	26.28	59.95
538	26.26	59.74
543	26.28	59.78
532	26.3	59.6
540	26.28	59.75
564	26.33	59.72
534	26.33	59.49
536	26.4	59.47
540	26.35	59.41
537	26.35	59.38
538	26.25	59.88
539	26.22	60.2
539	26.25	60.22
540	26.25	59.84
540	26.26	59.59
540	26.19	59.77
540	26.21	59.89
541	26.16	59.91
541	26.19	59.79
541	26.25	59.65
540	26.19	59.69
539	26.21	59.63
539	26.19	59.61
538	26.16	59.58
536	26.08	59.79
535	26.09	60.08
532	26.11	60.14
531	26.02	61.32
532	26.02	61.07
532	26.06	61.03
533	26.12	60.88
533	26.16	60.78
534	26.13	60.83
534	26.13	61.01
534	26.09	61.13
535	26.11	61.2
536	26.13	61.12
536	26.12	61.23
537	26.11	61.25
538	26.18	61.65
538	26.38	62.0
541	26.53	61.77
564	26.64	61.27
653	26.71	63.54
745	26.81	62.48
798	26.84	60.89
804	26.9	60.82
808	26.95	60.86
807	26.98	60.85
807	27.01	59.97
802	27.06	59.84
792	27.09	59.79
775	27.15	59.36
757	27.16	59.43
747	27.22	59.32
727	27.25	58.9
717	27.25	59.29
720	27.26	58.9
722	27.28	58.36
719	27.29	58.48
716	27.31	58.66
710	27.31	58.49
692	27.31	58.28
685	27.35	58.16
674	27.38	58.44
671	27.39	58.34
688	27.38	59.42
731	27.38	58.98
761	27.38	58.22
761	27.41	57.96
759	27.42	57.87
749	27.43	57.97
747	27.43	57.79
726	27.46	57.6
678	27.48	57.56
671	27.48	57.56
661	27.48	57.52
646	27.45	57.6
641	27.45	57.56
640	27.45	57.64
637	27.46	57.61
633	27.43	57.56
633	27.41	58.31
634	27.46	57.67
634	27.46	57.54
633	27.42	57.54
629	27.43	57.48
627	27.36	57.9
626	27.39	58.08
625	27.39	57.66
626	27.42	57.54
623	27.42	57.53
623	27.41	57.55
619	27.41	57.49
613	27.42	57.56
611	27.41	57.54
611	27.42	57.59
610	27.48	57.48
608	27.46	57.33
609	27.46	57.3
608	27.45	57.25
607	27.43	57.3
606	27.43	57.35
603	27.43	57.47
602	27.46	57.33
603	27.43	57.53
603	27.46	57.48
601	27.46	57.45
602	27.48	57.42
601	27.52	57.4
603	27.5	57.25
603	27.48	57.27
603	27.49	58.32
607	27.43	57.69
613	27.42	57.45
622	27.45	57.39
623	27.48	57.26
624	27.49	57.16
623	27.42	57.49
623	27.41	57.61
622	27.41	57.62
621	27.42	57.55
622	27.49	57.33
621	27.52	57.11
621	27.52	57.16
621	27.52	57.23
619	27.49	57.57
620	27.53	57.27
619	27.53	57.2
620	27.53	57.65
623	27.5	58.02
628	27.54	57.31
642	27.59	57.2
644	27.6	57.04
643	27.59	56.92
643	27.6	56.75
644	27.6	56.94
644	27.57	57.31
644	27.57	57.06
643	27.54	57.15
641	27.53	57.18
640	27.57	57.25
648	27.6	58.13
684	27.6	58.08
720	27.66	56.87
727	27.64	56.86
728	27.69	56.55
726	27.71	56.36
720	27.7	57.06
730	27.69	57.32
742	27.7	57.03
747	27.7	56.55
747	27.73	56.59
747	27.74	56.48
743	27.77	56.9
742	27.76	56.4
736	27.76	56.21
733	27.77	56.21
731	27.79	56.62
728	27.77	56.12
724	27.76	56.26
719	27.74	56.3
708	27.74	56.24
703	27.77	56.55
694	27.77	56.01
684	27.74	56.05
678	27.73	56.19
674	27.77	56.54
680	27.79	56.69
683	27.79	56.39
693	27.74	56.04
699	27.77	56.6
716	27.8	56.21
719	27.79	55.9
718	27.8	55.92
713	27.79	55.91
707	27.79	56.42
701	27.77	56.25
699	27.77	56.11
700	27.76	56.02
698	27.76	56.37
696	27.74	56.09
697	27.73	56.5
702	27.76	57.09
724	27.69	56.57
765	27.66	57.43
799	27.67	57.36
820	27.64	56.93
836	27.64	57.35
834	27.61	57.14
828	27.61	57.29
813	27.63	56.96
796	27.66	57.22
782	27.7	57.54
779	27.73	57.17
773	27.71	57.03
762	27.7	57.24
759	27.67	57.15
756	27.64	57.31
752	27.67	57.7
752	27.69	57.2
751	27.76	56.47
750	27.79	55.94
744	27.81	56.2
719	27.81	56.18
706	27.8	56.17
687	27.81	56.4
675	27.81	56.33
671	27.7	56.57
665	27.73	56.88
652	27.7	56.82
641	27.71	56.97
640	27.7	56.93
641	27.69	56.84
645	27.79	56.37
645	27.84	56.18
645	27.84	56.34
646	27.88	55.89
645	27.9	55.87
645	27.88	55.8
639	27.88	55.96
638	27.91	55.77
637	27.9	55.75
635	27.9	55.71
634	27.88	55.69
633	27.9	55.71
628	27.86	56.28
627	27.83	56.57
628	27.8	56.4
629	27.79	56.56
626	27.77	56.88
625	27.76	56.43
624	27.73	56.93
624	27.7	56.51
624	27.67	56.53
626	27.74	56.29
627	27.79	55.96
627	27.83	55.87
627	27.86	55.71
626	27.86	55.59
625	27.86	55.61
623	27.87	55.76
622	27.86	55.54
617	27.81	55.68
616	27.8	55.64
616	27.83	55.73
614	27.8	55.65
614	27.8	55.6
610	27.79	55.62
606	27.83	55.68
606	27.79	55.7
605	27.8	55.67
604	27.79	55.84
601	27.8	55.71
601	27.77	55.72
600	27.77	55.7
599	27.71	55.83
597	27.76	55.83
596	27.73	55.8
594	27.7	55.86
593	27.71	55.94
592	27.7	55.92
591	27.7	55.84
588	27.7	55.89
588	27.7	55.8
587	27.7	55.88
587	27.69	56.03
588	27.66	56.16
588	27.66	55.99
588	27.69	55.99
588	27.73	55.89
589	27.7	55.95
588	27.73	55.84
587	27.74	55.73
586	27.73	55.7
586	27.73	55.65
585	27.73	55.69
585	27.71	55.76
585	27.69	55.81
584	27.64	56.34
585	27.61	56.33
584	27.6	56.58
587	27.64	56.44
587	27.63	56.33
590	27.66	56.3
592	27.69	55.87
592	27.76	55.72
591	27.71	55.66
590	27.73	55.61
590	27.76	55.55
591	27.77	55.47
590	27.74	55.46
588	27.79	55.56
587	27.71	55.85
586	27.67	55.98
587	27.7	55.75
586	27.74	55.63
586	27.77	55.53
586	27.81	55.36
585	27.81	55.36
585	27.79	55.26
585	27.77	55.32
584	27.76	55.66
597	27.77	56.49
626	27.77	56.15
628	27.7	55.68
629	27.74	55.67
631	27.76	55.5
631	27.79	55.37
631	27.8	55.36
630	27.81	55.26
625	27.81	55.28
620	27.81	55.28
611	27.83	55.14
606	27.83	55.14
604	27.81	55.12
597	27.86	55.16
595	27.84	55.16
593	27.8	55.2
590	27.77	55.24
590	27.8	55.24
588	27.79	55.23
587	27.79	55.24
587	27.77	55.29
587	27.74	55.4
586	27.74	55.38
586	27.71	55.52
585	27.77	55.43
583	27.74	55.34
582	27.73	55.35
582	27.77	55.42
582	27.74	55.34
582	27.8	55.3
581	27.79	55.32
579	27.79	55.28
578	27.79	55.23
578	27.76	55.27
577	27.71	55.84
577	27.69	55.82
578	27.7	55.71
579	27.71	55.47
580	27.71	55.81
580	27.74	55.6
580	27.79	55.24
579	27.8	55.16
579	27.79	55.23
579	27.79	55.42
578	27.8	55.25
575	27.83	55.28
576	27.87	55.16
576	27.84	55.57
579	27.86	55.19
579	27.9	55.1
579	27.88	54.96
579	27.9	54.93
580	27.88	54.96
579	27.88	54.9
579	27.87	55.0
579	27.88	54.87
578	27.9	54.92
578	27.87	54.87
576	27.91	54.76
574	27.9	54.87
573	27.87	54.95
574	27.87	54.87
572	27.88	54.84
572	27.9	54.8
571	27.84	54.89
570	27.83	54.93
570	27.83	54.92
569	27.81	54.92
570	27.83	54.96
570	27.81	54.97
569	27.8	55.0
570	27.77	55.2
569	27.8	55.1
570	27.79	55.42
570	27.81	55.51
571	27.79	55.38
569	27.74	55.46
570	27.73	55.78
571	27.7	55.58
572	27.73	55.5
576	27.7	55.36
581	27.71	55.27
586	27.74	55.14
585	27.76	55.28
586	27.7	55.6
587	27.74	55.56
588	27.74	55.25
587	27.79	55.15
586	27.84	54.9
585	27.87	54.92
584	27.86	54.91
583	27.73	55.15
582	27.73	55.22
581	27.74	55.17
581	27.74	55.37
582	27.77	55.71
588	27.77	55.39
597	27.8	55.24
606	27.81	55.12
606	27.79	55.0
606	27.86	54.95
605	27.86	54.84
605	27.81	54.92
602	27.87	55.17
602	27.87	54.9
601	27.87	54.94
598	27.88	54.82
596	27.84	54.81
593	27.81	54.81
592	27.81	54.86
591	27.8	54.95
590	27.77	55.09
588	27.77	55.02
583	27.84	54.91
576	27.84	54.75
574	27.9	54.69
573	27.87	54.71
573	27.86	54.75
571	27.79	54.9
572	27.83	54.92
572	27.77	54.84
571	27.71	55.0
571	27.73	55.17
571	27.69	55.17
569	27.67	55.11
563	27.69	55.19
563	27.71	55.29
562	27.71	55.33
562	27.73	55.37
563	27.69	55.29
564	27.69	55.14
565	27.74	55.05
565	27.77	55.08
565	27.73	55.2
564	27.79	54.96
563	27.8	54.98
564	27.8	55.1
571	27.83	55.04
575	27.8	55.01
575	27.81	54.91
578	27.84	54.8
579	27.87	54.72
581	27.88	55.91
600	27.87	55.75
606	27.8	55.03
607	27.79	54.91
608	27.79	54.82
608	27.77	54.8
605	27.86	54.69
603	27.88	54.58
598	27.84	54.63
597	27.87	54.73
594	27.83	54.71
591	27.86	54.66
589	27.84	54.93
587	27.8	54.76
577	27.83	54.76
574	27.83	54.76
573	27.84	54.8
573	27.8	54.78
569	27.79	54.76
570	27.79	54.75
568	27.83	54.77
566	27.84	54.71
566	27.86	54.65
567	27.88	54.53
566	27.86	54.56
566	27.86	54.53
567	27.83	54.65
567	27.84	54.7
566	27.83	54.63
566	27.8	54.64
565	27.81	54.71
564	27.83	54.68
564	27.8	54.54
564	27.81	54.62
563	27.81	54.69
563	27.74	54.78
562	27.76	54.87
563	27.79	54.73
562	27.76	54.85
562	27.79	54.67
562	27.79	54.62
562	27.84	54.57
562	27.84	54.5
561	27.83	54.58
560	27.8	54.58
559	27.84	54.51
559	27.84	54.47
558	27.81	54.59
557	27.87	54.68
557	27.86	54.44
555	27.81	54.64
555	27.81	54.86
557	27.84	54.65
557	27.86	54.37
557	27.87	54.27
557	27.88	54.36
556	27.79	54.48
558	27.8	54.61
557	27.79	54.63
558	27.7	54.85
557	27.76	54.79
556	27.8	54.7
556	27.79	54.67
555	27.79	54.66
553	27.79	54.62
553	27.77	54.71
558	27.8	55.3
568	27.79	54.71
568	27.8	54.69
570	27.74	54.63
573	27.81	54.81
572	27.87	54.52
573	27.88	54.51
572	27.79	54.44
572	27.84	54.56
571	27.86	54.55
569	27.83	54.55
568	27.83	54.62
563	27.84	54.56
562	27.86	54.44
559	27.84	54.5
559	27.9	54.38
558	27.84	54.39
557	27.86	54.39
552	27.84	54.52
551	27.8	54.63
552	27.8	54.66
550	27.71	54.58
549	27.67	54.7
547	27.7	54.74
548	27.66	54.76
547	27.67	54.86
548	27.67	54.82
548	27.61	54.77
548	27.59	54.89
548	27.54	54.97
547	27.53	55.02
547	27.52	55.09
548	27.49	55.12
548	27.49	55.16
548	27.48	55.18
549	27.45	55.28
546	27.46	55.25
544	27.46	55.26
543	27.42	55.35
543	27.46	55.31
544	27.42	55.41
545	27.42	55.44
545	27.39	55.45
545	27.39	55.54
546	27.41	55.48
547	27.39	55.55
546	27.41	55.42
545	27.45	55.37
547	27.38	55.42
547	27.42	55.49
548	27.45	55.43
547	27.45	55.47
548	27.45	55.43
548	27.49	55.37
549	27.52	55.22
549	27.52	55.17
549	27.48	55.18
550	27.46	55.28
550	27.45	55.31
552	27.49	55.3
553	27.46	55.27
554	27.41	55.36
554	27.38	55.45
554	27.35	55.52
555	27.36	55.59
555	27.41	55.63
555	27.42	55.52
556	27.42	55.58
558	27.39	55.65
558	27.35	55.67
558	27.32	55.73
559	27.29	55.81
560	27.28	55.83
562	27.28	55.91
563	27.28	55.9
562	27.26	55.94
564	27.25	56.02
563	27.22	56.05
565	27.28	56.58
572	27.29	56.52
586	27.33	56.3
609	27.43	56.74
633	27.49	56.94
659	27.49	56.23
683	27.52	56.42
689	27.52	55.98
693	27.6	56.18
734	27.6	56.13
746	27.57	56.16
795	27.6	56.58
837	27.63	56.37
894	27.64	56.19
920	27.61	56.22
943	27.6	56.38
961	27.59	56.01
965	27.6	56.26
967	27.57	55.55
939	27.5	55.47
897	27.5	55.54
849	27.57	55.4
783	27.6	55.25
742	27.6	55.25
720	27.59	55.24
699	27.64	55.14
677	27.61	55.17
664	27.63	55.18
644	27.61	55.16
630	27.69	55.1
624	27.69	54.96
611	27.77	54.88
600	27.73	54.86
596	27.73	54.99
594	27.7	54.94
590	27.71	54.97
587	27.69	55.06
587	27.76	54.98
586	27.74	54.86
583	27.73	54.89
578	27.69	55.03
577	27.7	55.06
576	27.7	54.96
576	27.67	55.05
575	27.63	55.08
575	27.61	55.19
574	27.63	55.24
574	27.59	55.21
573	27.61	55.22
572	27.6	55.3
572	27.6	55.24
571	27.6	55.23
571	27.61	55.28
570	27.54	55.3
570	27.57	55.33
568	27.56	55.27
567	27.57	55.36
566	27.56	55.33
566	27.57	55.35
566	27.56	55.37
565	27.6	55.3
565	27.63	55.22
565	27.63	55.26
566	27.66	55.24
566	27.63	55.22
564	27.59	55.3
565	27.64	55.22
566	27.64	55.22
566	27.57	55.28
566	27.59	55.33
565	27.61	55.3
566	27.64	55.2
567	27.61	55.25
567	27.57	55.39
566	27.59	55.42
565	27.54	55.41
565	27.56	55.44
566	27.56	55.34
567	27.54	55.37
567	27.54	55.43
568	27.61	55.36
568	27.61	55.21
567	27.63	55.24
568	27.66	55.17
567	27.61	55.14
567	27.59	55.26
566	27.6	55.31
566	27.54	55.38
566	27.57	55.4
565	27.52	55.47
565	27.48	55.56
565	27.49	55.57
566	27.52	55.51
565	27.49	55.57
565	27.46	55.65
564	27.5	55.6
565	27.53	55.47
564	27.49	55.6
564	27.49	55.6
564	27.5	55.47
563	27.52	55.43
562	27.54	55.46
563	27.5	55.48
561	27.54	55.38
561	27.52	55.39
560	27.5	55.57
563	27.48	55.55
562	27.46	55.59
561	27.46	55.63
561	27.49	55.57
561	27.46	55.67
560	27.48	55.58
560	27.48	55.54
559	27.48	55.52
559	27.46	55.57
559	27.48	55.5
559	27.43	55.54
559	27.43	55.6
558	27.43	55.65
557	27.45	55.67
557	27.42	55.71
557	27.39	55.74
557	27.41	55.72
556	27.41	55.8
556	27.38	55.77
555	27.38	55.72
554	27.36	55.8
555	27.39	55.78
556	27.36	55.8
556	27.36	55.83
556	27.38	55.8
555	27.36	55.78
554	27.36	55.81
554	27.35	55.85
554	27.35	55.85
554	27.33	55.85
554	27.35	55.85
554	27.32	55.91
555	27.33	55.95
555	27.39	55.83
555	27.35	55.83
553	27.35	55.85
553	27.38	55.8
552	27.33	55.85
552	27.32	55.89
551	27.38	55.83
552	27.38	55.78
553	27.38	55.79
552	27.38	55.73
553	27.36	55.73
551	27.35	55.84
549	27.36	55.76
549	27.29	55.8
549	27.32	55.92
549	27.31	55.93
549	27.31	55.87
550	27.35	55.78
549	27.36	55.77
549	27.38	55.72
549	27.36	55.71
549	27.41	55.65
549	27.36	55.7
549	27.38	55.74
547	27.39	55.7
547	27.39	55.66
548	27.32	55.78
546	27.26	55.86
548	27.25	55.97
547	27.29	55.98
547	27.22	55.97
546	27.28	55.94
547	27.31	55.83
547	27.29	55.81
547	27.31	55.84
546	27.26	55.91
545	27.24	55.97
545	27.25	56.0
542	27.26	55.93
541	27.28	55.9
542	27.29	55.93
542	27.29	55.85
542	27.25	55.92
541	27.25	55.96
541	27.22	55.99
541	27.24	56.06
541	27.24	56.01
541	27.21	56.06
540	27.18	56.12
539	27.16	56.14
539	27.18	56.21
540	27.22	56.12
536	27.22	56.05
536	27.26	56.02
535	27.25	55.93
535	27.28	55.92
535	27.26	55.88
535	27.31	55.86
536	27.28	55.86
535	27.25	55.95
533	27.25	55.95
533	27.25	55.93
533	27.24	55.96
535	27.21	56.09
534	27.16	56.17
534	27.25	56.05
534	27.29	55.91
533	27.24	55.9
533	27.19	56.06
532	27.22	56.06
532	27.24	55.99
532	27.24	55.98
533	27.25	55.99
533	27.21	56.0
533	27.25	55.97
533	27.22	56.02
532	27.22	56.04
533	27.19	56.03
533	27.18	56.04
533	27.18	56.08
532	27.16	56.15
533	27.15	56.13
534	27.26	56.02
532	27.21	55.97
534	27.18	56.06
534	27.18	56.09
535	27.18	56.08
535	27.18	56.13
534	27.14	56.1
533	27.14	56.24
534	27.18	56.17
534	27.14	56.19
533	27.14	56.19
533	27.15	56.23
533	27.12	56.19
533	27.15	56.17
533	27.14	56.21
533	27.16	56.13
533	27.15	56.09
533	27.18	56.06
532	27.14	56.07
532	27.16	56.11
533	27.15	56.15
531	27.18	56.15
531	27.12	56.13
531	27.11	56.15
531	27.14	56.23
531	27.15	56.2
531	27.19	56.14
530	27.15	56.12
529	27.14	56.16
529	27.12	56.13
529	27.15	56.18
529	27.14	56.13
530	27.14	56.11
530	27.12	56.19
528	27.18	56.09
527	27.21	56.06
528	27.15	56.09
527	27.11	56.12
526	27.14	56.12
526	27.16	56.1
526	27.19	56.03
527	27.18	56.08
527	27.12	56.18
527	27.11	56.16
528	27.18	56.13
527	27.18	56.03
527	27.16	56.03
527	27.21	55.95
527	27.19	55.99
527	27.18	55.99
527	27.18	56.03
527	27.21	55.95
527	27.14	56.04
527	27.18	56.06
527	27.11	56.06
527	27.12	56.14
526	27.09	56.19
526	27.06	56.24
526	27.05	56.32
525	27.04	56.35
525	27.05	56.36
525	27.05	56.35
525	27.04	56.39
525	27.08	56.3
526	27.06	56.26
525	27.02	56.35
525	26.98	56.49
524	26.98	56.46
523	27.02	56.49
524	27.08	56.33
523	27.12	56.2
524	27.11	56.23
523	27.12	56.19
523	27.08	56.25
524	27.09	56.22
523	27.02	56.25
523	27.06	56.28
522	27.02	56.35
521	27.05	56.3
521	27.02	56.35
520	27.02	56.38
521	27.06	56.35
522	27.08	56.28
521	27.06	56.29
520	27.05	56.25
520	27.06	56.22
519	27.06	56.22
519	27.09	56.22
518	27.12	56.21
516	27.11	56.12
517	27.11	56.14
518	27.08	56.2
517	27.04	56.24
517	27.05	56.27
517	27.05	56.28
517	27.08	56.2
516	27.08	56.22
516	27.08	56.16
517	27.06	56.22
517	27.04	56.25
516	27.04	56.32
516	27.08	56.25
517	27.06	56.22
517	27.02	56.28
517	27.01	56.32
518	26.99	56.35
518	27.01	56.3
518	26.99	56.35
518	27.04	56.27
519	27.04	56.25
520	27.02	56.28
519	26.97	56.35
520	27.01	56.34
520	27.01	56.36
519	26.98	56.35
518	26.97	56.42
519	26.97	56.5
519	27.05	56.36
518	26.99	56.24
518	27.01	56.37
519	26.97	56.42
519	26.95	56.46
518	26.94	56.47
518	26.97	56.43
518	26.95	56.45
515	26.93	56.54
515	26.94	56.56
515	26.91	56.56
517	26.99	56.39
517	26.98	56.36
517	26.95	56.46
517	26.91	56.55
517	26.88	56.6
516	26.93	56.58
516	26.95	56.48
515	26.98	56.36
516	26.98	56.43
516	26.97	56.38
517	26.97	56.35
515	26.98	56.37
515	26.97	56.42
516	26.95	56.44
516	26.93	56.48
516	26.95	56.56
515	27.01	56.38
515	27.04	56.3
515	27.08	56.17
514	27.08	56.08
513	27.12	56.05
512	27.05	56.16
513	27.02	56.21
513	27.04	56.28
513	27.01	56.26
513	26.98	56.34
511	26.95	56.34
512	26.95	56.4
511	26.94	56.46
511	26.97	56.45
511	26.94	56.46
511	26.97	56.48
511	26.94	56.43
510	26.91	56.49
508	26.9	56.55
507	26.94	56.55
508	26.94	56.56
509	26.93	56.52
508	26.9	56.53
509	26.93	56.6
509	26.95	56.51
509	26.98	56.39
510	26.97	56.38
509	26.97	56.4
509	26.97	56.44
510	26.95	56.46
510	26.95	56.51
511	26.88	56.56
511	26.93	56.6
511	26.93	56.57
511	26.97	56.46
510	26.94	56.44
511	26.93	56.51
511	26.97	56.41
511	26.98	56.37
513	26.97	56.35
515	26.93	56.42
515	26.9	56.57
516	26.91	56.54
515	26.93	56.5
515	26.94	56.47
514	26.95	56.48
515	26.94	56.46
514	26.93	56.51
514	26.9	56.57
514	26.91	56.59
513	26.93	56.49
515	26.88	56.54
516	26.9	56.65
515	26.93	56.55
515	26.94	56.49
514	26.95	56.42
513	26.88	56.46
512	26.9	56.5
513	26.87	56.65
514	26.85	56.71
514	26.83	56.75
514	26.84	56.73
513	26.8	56.72
512	26.84	56.75
512	26.88	56.64
511	26.9	56.59
511	26.9	56.59
510	26.9	56.55
510	26.85	56.65
510	26.87	56.62
510	26.87	56.66
511	26.85	56.63
511	26.9	56.66
511	26.9	56.62
512	26.93	56.52
512	26.94	56.51
512	26.95	56.44
513	26.91	56.47
513	26.95	56.43
512	26.95	56.46
513	26.98	56.38
512	26.94	56.38
514	26.94	56.4
514	26.9	56.5
513	26.91	56.53
513	26.94	56.51
511	26.93	56.52
512	26.94	56.48
512	26.94	56.39
512	26.97	56.38
512	26.94	56.44
511	26.98	56.35
511	26.94	56.38
511	26.97	56.4
511	26.97	56.34
511	26.98	56.31
511	26.94	56.4
512	26.9	56.51
512	26.9	56.52
511	26.87	56.54
510	26.9	56.54
511	26.93	56.46
511	26.9	56.54
510	26.9	56.55
508	26.97	56.42
507	26.94	56.38
508	26.97	56.36
510	26.95	56.35
509	26.95	56.39
509	27.01	56.32
507	27.01	56.18
509	26.95	56.3
507	26.93	56.38
507	26.9	56.37
507	26.93	56.47
508	26.93	56.4
507	26.94	56.39
508	26.94	56.42
508	26.94	56.44
508	26.9	56.53
507	26.85	56.57
508	26.9	56.57
508	26.88	56.52
507	26.9	56.54
506	26.85	56.55
507	26.85	56.61
507	26.84	56.62
507	26.85	56.61
507	26.83	56.63
506	26.88	56.57
507	26.88	56.57
507	26.91	56.51
509	26.91	56.51
507	26.87	56.51
506	26.85	56.63
506	26.88	56.49
507	26.88	56.55
507	26.85	56.55
507	26.9	56.54
508	26.9	56.47
508	26.93	56.44
508	26.94	56.44
508	26.95	56.36
508	26.93	56.37
508	26.97	56.37
509	26.94	56.4
509	26.9	56.43
509	26.87	56.57
509	26.91	56.55
508	26.88	56.46
508	26.94	56.49
507	26.88	56.5
508	26.88	56.55
509	26.88	56.55
510	26.9	56.56
508	26.9	56.52
508	26.88	56.52
509	26.9	56.58
509	26.9	56.5
509	26.88	56.55
509	26.83	56.56
509	26.88	56.55
507	26.85	56.57
507	26.9	56.58
507	26.9	56.55
507	26.91	56.4
508	26.83	56.57
508	26.85	56.62
506	26.84	56.67
506	26.85	56.64
507	26.9	56.55
506	26.88	56.55
505	26.88	56.61
505	26.83	56.61
506	26.88	56.62
506	26.84	56.58
505	26.84	56.66
505	26.83	56.68
506	26.88	56.59
505	26.84	56.57
506	26.85	56.65
506	26.81	56.7
507	26.8	56.73
507	26.78	56.75
509	26.81	56.72
509	26.81	56.73
509	26.88	56.64
508	26.83	56.65
509	26.81	56.63
509	26.83	56.68
509	26.81	56.68
509	26.81	56.71
509	26.84	56.73
508	26.85	56.61
508	26.84	56.6
509	26.88	56.63
509	26.83	56.6
509	26.83	56.73
510	26.81	56.79
509	26.81	56.69
510	26.83	56.71
509	26.84	56.63
511	26.87	56.6
511	26.87	56.55
511	26.87	56.59
510	26.9	56.52
510	26.88	56.51
509	26.93	56.44
509	26.93	56.41
509	26.94	56.32
509	26.93	56.38
509	26.85	56.51
509	26.87	56.52
509	26.81	56.62
509	26.87	56.61
511	26.84	56.6
510	26.81	56.65
510	26.87	56.6
511	26.9	56.57
512	26.85	56.55
513	26.88	56.55
511	26.85	56.55
511	26.94	56.47
510	26.88	56.47
510	26.88	56.45
509	26.85	56.54
509	26.87	56.54
509	26.85	56.52
509	26.84	56.6
509	26.83	56.65
509	26.85	56.57
508	26.81	56.6
509	26.8	56.67
511	26.81	56.62
510	26.81	56.6
510	26.81	56.75
510	26.83	56.64
512	26.9	56.54
513	26.85	56.53
512	26.83	56.64
514	26.83	56.65
514	26.88	56.58
514	26.85	56.57
514	26.85	56.48
513	26.87	56.53
513	26.87	56.49
512	26.88	56.47
512	26.85	56.53
512	26.87	56.54
513	26.88	56.48
512	26.84	56.49
513	26.83	56.61
513	26.83	56.65
514	26.81	56.68
514	26.8	56.67
513	26.76	56.78
513	26.78	56.75
513	26.77	56.75
513	26.76	56.82
513	26.76	56.82
512	26.78	56.77
512	26.74	56.77
513	26.78	56.78
513	26.84	56.68
512	26.88	56.54
512	26.85	56.46
512	26.88	56.5
513	26.9	56.44
512	26.87	56.46
512	26.85	56.58
512	26.84	56.58
511	26.81	56.57
511	26.78	56.66
511	26.83	56.61
511	26.83	56.64
510	26.84	56.56
509	26.8	56.7
508	26.78	56.7
508	26.81	56.74
509	26.81	56.64
508	26.81	56.68
508	26.84	56.6
508	26.84	56.57
507	26.88	56.47
508	26.84	56.57
510	26.8	56.69
509	26.84	56.6
509	26.83	56.63
511	26.85	56.52
511	26.83	56.59
510	26.83	56.61
511	26.76	56.7
511	26.84	56.67
511	26.83	56.66
511	26.83	56.61
512	26.81	56.6
512	26.83	56.57
511	26.87	56.51
511	26.84	56.56
512	26.78	56.61
511	26.81	56.64
511	26.84	56.63
510	26.78	56.69
510	26.8	56.7
510	26.83	56.66
510	26.84	56.57
511	26.8	56.52
510	26.81	56.63
510	26.78	56.69
510	26.81	56.66
510	26.83	56.65
512	26.83	56.55
512	26.81	56.6
512	26.81	56.67
511	26.81	56.68
512	26.81	56.65
511	26.8	56.63
512	26.81	56.58
511	26.78	56.68
510	26.83	56.62
510	26.84	56.52
509	26.87	56.54
509	26.85	56.46
510	26.83	56.59
509	26.81	56.62
508	26.83	56.61
508	26.83	56.57
509	26.83	56.56
510	26.84	56.53
510	26.83	56.55
510	26.87	56.48
509	26.85	56.51
510	26.91	56.39
511	26.93	56.34
511	26.9	56.31
512	26.83	56.52
512	26.83	56.56
511	26.81	56.63
511	26.78	56.64
511	26.78	56.67
511	26.78	56.69
511	26.77	56.69
511	26.8	56.68
512	26.81	56.62
513	26.76	56.71
515	26.77	56.7
515	26.77	56.69
515	26.85	56.64
515	26.81	56.62
515	26.85	56.57
515	26.81	56.61
516	26.85	56.57
516	26.84	56.56
515	26.85	56.5
517	26.8	56.6
517	26.78	56.72
517	26.84	56.66
517	26.83	56.58
517	26.85	56.59
516	26.85	56.53
516	26.87	56.5
516	26.84	56.51
517	26.83	56.56
516	26.84	56.58
516	26.88	56.48
516	26.88	56.44
518	26.85	56.44
518	26.8	56.62
519	26.78	56.71
519	26.83	56.58
519	26.8	56.61
518	26.78	56.72
519	26.77	56.69
522	26.77	56.75
523	26.77	56.74
523	26.81	56.69
524	26.84	56.62
523	26.85	56.52
524	26.87	56.47
525	26.9	56.44
525	26.85	56.43
525	26.87	56.5
524	26.83	56.51
523	26.78	56.59
523	26.81	56.67
521	26.81	56.56
522	26.84	56.59
522	26.85	56.51
523	26.88	56.44
522	26.84	56.47
522	26.83	56.59
522	26.83	56.56
522	26.78	56.68
522	26.74	56.73
523	26.77	56.77
522	26.78	56.71
522	26.78	56.7
522	26.76	56.75
522	26.76	56.82
521	26.77	56.73
520	26.77	56.71
521	26.77	56.7
522	26.8	56.6
521	26.83	56.53
522	26.81	56.53
523	26.78	56.6
524	26.78	56.64
525	26.8	56.67
526	26.81	56.63
525	26.78	56.63
524	26.76	56.63
523	26.81	56.65
523	26.83	56.61
523	26.85	56.52
522	26.83	56.5
522	26.85	56.49
522	26.83	56.46
521	26.85	56.47
521	26.84	56.48
520	26.84	56.45
520	26.8	56.55
520	26.81	56.55
520	26.76	56.6
521	26.77	56.65
521	26.81	56.57
522	26.78	56.62
522	26.74	56.71
522	26.76	56.73
521	26.74	56.76
521	26.76	56.77
522	26.78	56.67
523	26.77	56.66
524	26.8	56.64
523	26.77	56.65
522	26.78	56.63
522	26.78	56.68
524	26.8	56.66
525	26.78	56.71
526	26.81	56.66
524	26.78	56.66
525	26.76	56.7
525	26.78	56.67
525	26.8	56.61
526	26.78	56.56
527	26.78	56.6
525	26.81	56.61
525	26.83	56.51
526	26.84	56.54
527	26.8	56.53
527	26.81	56.61
527	26.83	56.51
527	26.83	56.53
527	26.8	56.59
527	26.76	56.66
526	26.74	56.66
526	26.74	56.72
526	26.78	56.65
526	26.81	56.58
526	26.81	56.5
527	26.8	56.53
526	26.76	56.57
526	26.8	56.58
526	26.76	56.63
523	26.8	56.61
523	26.74	56.65
523	26.71	56.75
523	26.77	56.69
523	26.77	56.67
523	26.78	56.61
522	26.76	56.58
523	26.73	56.67
523	26.73	56.73
523	26.74	56.74
523	26.76	56.72
523	26.77	56.61
522	26.81	56.51
522	26.81	56.47
522	26.8	56.57
522	26.8	56.58
524	26.81	56.54
524	26.77	56.63
524	26.78	56.65
522	26.8	56.58
524	26.78	56.54
525	26.77	56.62
525	26.8	56.57
523	26.83	56.5
522	26.81	56.47
523	26.81	56.55
523	26.8	56.53
523	26.77	56.65
523	26.77	56.57
523	26.78	56.6
524	26.76	56.59
524	26.76	56.67
524	26.77	56.6
523	26.77	56.59
522	26.76	56.62
523	26.73	56.71
524	26.76	56.7
523	26.73	56.73
524	26.73	56.74
523	26.78	56.65
524	26.78	56.61
525	26.8	56.53
525	26.76	56.57
525	26.76	56.62
525	26.76	56.66
525	26.8	56.57
525	26.8	56.54
526	26.78	56.5
525	26.76	56.59
525	26.74	56.6
524	26.77	56.62
523	26.78	56.59
524	26.74	56.59
524	26.76	56.57
524	26.76	56.63
524	26.77	56.57
524	26.78	56.57
525	26.76	56.59
525	26.8	56.57
525	26.78	56.48
525	26.81	56.49
523	26.83	56.41
525	26.8	56.49
524	26.76	56.57
523	26.8	56.53
523	26.78	56.54
523	26.81	56.5
523	26.8	56.5
525	26.81	56.45
524	26.77	56.52
523	26.8	56.5
524	26.81	56.49
524	26.78	56.5
524	26.77	56.56
523	26.76	56.57
523	26.74	56.58
523	26.77	56.6
525	26.77	56.58
524	26.73	56.56
523	26.74	56.63
523	26.73	56.64
523	26.73	56.64
524	26.77	56.55
524	26.77	56.54
524	26.78	56.53
524	26.77	56.51
523	26.76	56.54
525	26.8	56.49
527	26.81	56.39
529	26.83	56.39
529	26.9	56.32
526	26.87	56.26
526	26.87	56.34
527	26.85	56.26
527	26.83	56.36
528	26.83	56.4
528	26.81	56.39
528	26.8	56.4
529	26.78	56.39
530	26.84	56.32
529	26.83	56.37
529	26.8	56.4
529	26.84	56.33
528	26.84	56.33
527	26.84	56.32
526	26.83	56.33
526	26.81	56.35
526	26.76	56.45
525	26.7	56.61
525	26.76	56.71
526	26.77	56.55
527	26.81	56.39
526	26.83	56.38
525	26.85	56.3
525	26.85	56.22
525	26.88	56.19
524	26.85	56.22
525	26.87	56.26
526	26.85	56.3
525	26.87	56.22
525	26.81	56.3
524	26.84	56.28
525	26.81	56.37
527	26.8	56.39
526	26.8	56.39
526	26.83	56.34
525	26.83	56.3
525	26.8	56.36
525	26.77	56.44
527	26.74	56.5
526	26.78	56.47
526	26.78	56.4
527	26.76	56.52
528	26.81	56.42
526	26.8	56.35
526	26.8	56.33
527	26.8	56.39
527	26.71	56.52
526	26.73	56.57
527	26.74	56.5
527	26.78	56.48
527	26.78	56.47
528	26.77	56.45
527	26.74	56.46
527	26.76	56.45
526	26.78	56.5
523	26.76	56.5
524	26.76	56.51
524	26.78	56.46
523	26.81	56.28
523	26.78	56.3
523	26.83	56.38
523	26.81	56.34
522	26.83	56.31
523	26.83	56.29
524	26.83	56.29
523	26.81	56.33
523	26.84	56.31
522	26.81	56.26
521	26.8	56.37
521	26.74	56.49
522	26.73	56.51
523	26.73	56.56
523	26.78	56.5
523	26.81	56.39
524	26.78	56.36
524	26.73	56.52
524	26.71	56.59
524	26.74	56.53
524	26.78	56.47
523	26.73	56.55
523	26.76	56.46
523	26.81	56.35
522	26.83	56.33
523	26.8	56.28
525	26.77	56.36
525	26.77	56.47
526	26.74	56.5
526	26.76	56.45
527	26.8	56.33
526	26.84	56.24
527	26.81	56.28
526	26.84	56.28
528	26.85	56.26
528	26.78	56.29
528	26.76	56.46
528	26.81	56.35
528	26.85	56.25
528	26.83	56.3
526	26.81	56.27
526	26.84	56.28
526	26.83	56.22
526	26.87	56.11
526	26.81	56.27
527	26.81	56.28
527	26.77	56.3
526	26.81	56.37
526	26.77	56.38
526	26.73	56.44
526	26.68	56.62
526	26.68	56.63
526	26.7	56.62
527	26.71	56.62
526	26.7	56.62
527	26.74	56.61
527	26.73	56.55
527	26.73	56.54
526	26.71	56.53
526	26.7	56.52
526	26.67	56.62
526	26.67	56.65
525	26.7	56.63
524	26.77	56.47
524	26.71	56.51
523	26.7	56.62
522	26.68	56.64
522	26.71	56.51
522	26.67	56.65
522	26.67	56.69
523	26.7	56.62
523	26.68	56.66
521	26.68	56.62
522	26.67	56.65
521	26.68	56.66
523	26.68	56.67
523	26.73	56.57
526	26.67	56.58
526	26.71	56.52
526	26.78	56.44
526	26.76	56.42
527	26.73	56.51
527	26.73	56.51
527	26.78	56.39
528	26.8	56.29
529	26.84	56.33
528	26.78	56.3
528	26.78	56.38
528	26.77	56.36
527	26.74	56.42
526	26.73	56.49
526	26.77	56.46
526	26.78	56.37
527	26.76	56.46
527	26.77	56.46
527	26.78	56.35
527	26.74	56.4
526	26.77	56.39
528	26.78	56.37
528	26.77	56.38
528	26.74	56.46
528	26.74	56.48
528	26.77	56.46
527	26.74	56.4
527	26.8	56.39
527	26.76	56.38
527	26.78	56.39
526	26.78	56.37
526	26.78	56.4
526	26.77	56.38
525	26.76	56.37
526	26.74	56.47
526	26.78	56.37
526	26.81	56.28
526	26.81	56.29
525	26.73	56.33
526	26.76	56.42
525	26.83	56.3
527	26.78	56.28
526	26.74	56.37
526	26.78	56.35
525	26.74	56.4
525	26.7	56.46
525	26.71	56.55
525	26.73	56.47
525	26.74	56.4
524	26.76	56.35
525	26.83	56.29
526	26.8	56.21
526	26.84	56.16
524	26.8	56.22
524	26.78	56.25
524	26.77	56.29
524	26.78	56.32
524	26.76	56.41
525	26.74	56.38
525	26.74	56.42
525	26.78	56.39
525	26.73	56.42
525	26.73	56.4
526	26.74	56.43
526	26.74	56.43
525	26.71	56.42
524	26.71	56.43
523	26.78	56.32
524	26.77	56.34
524	26.77	56.34
524	26.74	56.42
524	26.71	56.47
525	26.71	56.48
525	26.8	56.41
527	26.77	56.34
526	26.76	56.32
527	26.74	56.4
528	26.78	56.33
528	26.73	56.41
528	26.74	56.44
528	26.74	56.41
529	26.73	56.43
529	26.76	56.48
529	26.76	56.48
529	26.76	56.44
529	26.73	56.44
530	26.78	56.37
529	26.74	56.34
528	26.74	56.4
529	26.71	56.47
529	26.76	56.44
529	26.71	56.45
528	26.77	56.4
527	26.74	56.39
527	26.78	56.36
527	26.8	56.27
527	26.8	56.27
525	26.81	56.28
526	26.73	56.39
526	26.74	56.44
526	26.7	56.49
527	26.74	56.48
527	26.71	56.44
526	26.73	56.52
528	26.74	56.46
527	26.74	56.39
527	26.71	56.47
527	26.71	56.49
528	26.68	56.5
529	26.7	56.54
528	26.68	56.56
528	26.67	56.56
528	26.7	56.53
528	26.67	56.58
528	26.7	56.61
528	26.7	56.51
529	26.76	56.51
529	26.71	56.53
527	26.73	56.43
528	26.77	56.37
528	26.8	56.29
529	26.76	56.33
529	26.76	56.39
530	26.71	56.45
529	26.73	56.49
530	26.71	56.51
529	26.67	56.58
528	26.66	56.67
527	26.71	56.56
527	26.68	56.57
528	26.76	56.41
529	26.76	56.38
529	26.8	56.3
527	26.78	56.3
527	26.8	56.22
528	26.77	56.3
527	26.74	56.38
527	26.8	56.31
528	26.78	56.31
529	26.8	56.21
531	26.81	56.18
532	26.84	56.19
531	26.83	56.12
530	26.83	56.13
529	26.81	56.2
530	26.8	56.23
530	26.8	56.25
530	26.77	56.24
529	26.76	56.34
528	26.77	56.31
528	26.77	56.36
527	26.8	56.28
525	26.8	56.28
525	26.74	56.36
527	26.73	56.46
527	26.71	56.45
528	26.67	56.54
529	26.67	56.56
530	26.7	56.52
530	26.73	56.44
529	26.78	56.28
528	26.78	56.33
527	26.76	56.35
527	26.74	56.34
527	26.68	56.5
526	26.67	56.52
527	26.73	56.45
528	26.73	56.47
529	26.68	56.47
532	26.74	56.45
531	26.73	56.41
530	26.74	56.44
530	26.71	56.4
531	26.68	56.49
532	26.68	56.52
532	26.67	56.53
531	26.64	56.6
529	26.68	56.58
529	26.73	56.51
528	26.74	56.41
528	26.76	56.39
529	26.76	56.33
529	26.77	56.36
528	26.74	56.34
527	26.76	56.36
528	26.77	56.23
529	26.76	56.29
529	26.76	56.31
530	26.76	56.38
530	26.77	56.29
530	26.77	56.31
531	26.77	56.23
530	26.78	56.3
529	26.8	56.18
529	26.81	56.2
529	26.78	56.27
528	26.76	56.29
529	26.76	56.28
529	26.77	56.33
530	26.76	56.25
529	26.8	56.18
530	26.78	56.19
530	26.8	56.16
531	26.77	56.2
530	26.78	56.21
530	26.78	56.21
530	26.81	56.14
530	26.78	56.2
529	26.76	56.2
531	26.77	56.24
531	26.76	56.2
531	26.8	56.21
531	26.8	56.13
530	26.81	56.08
531	26.78	56.19
530	26.77	56.25
529	26.77	56.26
529	26.76	56.22
529	26.71	56.28
530	26.66	56.43
531	26.67	56.51
532	26.67	56.46
534	26.71	56.47
535	26.71	56.38
534	26.73	56.36
534	26.73	56.31
533	26.68	56.38
533	26.7	56.45
534	26.76	56.33
535	26.77	56.25
535	26.76	56.29
536	26.74	56.24
536	26.78	56.18
535	26.76	56.17
534	26.73	56.25
534	26.74	56.32
535	26.8	56.15
536	26.76	56.18
536	26.78	56.19
536	26.78	56.15
534	26.78	56.08
532	26.83	56.12
532	26.81	56.09
531	26.8	56.07
532	26.77	56.13
531	26.81	56.11
529	26.77	56.11
530	26.73	56.25
530	26.78	56.2
529	26.8	56.13
529	26.77	56.11
528	26.81	56.13
530	26.81	56.04
530	26.78	56.11
531	26.77	56.21
530	26.81	56.13
531	26.76	56.2
531	26.76	56.22
533	26.77	56.2
532	26.77	56.1
532	26.77	56.23
532	26.73	56.24
533	26.74	56.22
533	26.78	56.22
534	26.76	56.14
532	26.77	56.14
532	26.74	56.2
533	26.7	56.28
532	26.76	56.29
533	26.73	56.29
534	26.77	56.2
534	26.76	56.17
535	26.77	56.2
535	26.73	56.25
535	26.76	56.22
536	26.73	56.28
535	26.71	56.31
534	26.71	56.36
535	26.76	56.25
536	26.73	56.27
535	26.71	56.29
535	26.74	56.22
535	26.73	56.21
535	26.71	56.31
534	26.7	56.41
535	26.64	56.47
535	26.66	56.43
535	26.76	56.31
535	26.74	56.24
534	26.77	56.16
533	26.77	56.14
533	26.74	56.2
536	26.71	56.29
535	26.7	56.3
535	26.66	56.37
536	26.7	56.37
535	26.71	56.34
534	26.73	56.29
535	26.73	56.33
535	26.74	56.26
536	26.74	56.3
535	26.77	56.19
536	26.8	56.14
536	26.77	56.12
535	26.74	56.2
536	26.74	56.19
535	26.77	56.21
534	26.78	56.12
535	26.78	56.09
535	26.78	56.1
536	26.77	56.12
535	26.8	56.1
536	26.8	56.03
535	26.8	56.08
533	26.78	56.05
532	26.76	56.13
533	26.73	56.24
532	26.73	56.21
533	26.74	56.19
533	26.78	56.17
533	26.78	56.17
534	26.76	56.16
534	26.76	56.19
534	26.78	56.19
534	26.74	56.14
534	26.78	56.1
533	26.77	56.06
533	26.8	56.07
533	26.76	56.13
533	26.76	56.2
533	26.73	56.24
532	26.71	56.23
534	26.7	56.3
534	26.77	56.22
535	26.77	56.21
535	26.77	56.14
535	26.73	56.22
536	26.76	56.14
535	26.8	56.08
535	26.76	56.06
533	26.78	56.06
532	26.74	56.14
532	26.77	56.16
532	26.8	56.08
532	26.83	55.98
531	26.81	55.96
531	26.8	55.98
532	26.76	56.1
532	26.78	56.14
533	26.78	56.11
534	26.8	56.05
535	26.83	55.96
534	26.76	56.12
534	26.77	56.16
534	26.77	56.12
535	26.8	56.11
534	26.77	56.06
534	26.8	56.05
533	26.81	56.01
534	26.74	56.12
535	26.76	56.22
534	26.74	56.2
535	26.7	56.28
537	26.74	56.21
538	26.73	56.23
538	26.76	56.16
538	26.74	56.17
539	26.77	56.14
539	26.76	56.16
540	26.76	56.15
540	26.76	56.13
541	26.76	56.12
540	26.76	56.17
540	26.77	56.1
540	26.77	56.17
539	26.77	56.17
539	26.77	56.09
538	26.76	56.08
539	26.8	56.02
540	26.76	56.1
539	26.78	56.12
540	26.77	56.19
539	26.76	56.05
538	26.71	56.16
539	26.76	56.19
539	26.77	56.13
538	26.76	56.13
537	26.73	56.17
537	26.7	56.25
538	26.67	56.34
538	26.67	56.34
538	26.73	56.31
540	26.68	56.25
540	26.7	56.29
540	26.67	56.27
541	26.73	56.33
542	26.68	56.3
541	26.7	56.28
540	26.66	56.28
540	26.68	56.33
541	26.68	56.29
540	26.74	56.21
539	26.74	56.21
538	26.73	56.17
538	26.7	56.21
537	26.71	56.3
536	26.71	56.22
537	26.76	56.15
537	26.74	56.16
537	26.71	56.21
537	26.76	56.17
538	26.78	56.08
537	26.83	56.04
537	26.78	55.97
536	26.8	55.99
536	26.78	55.97
535	26.8	56.02
535	26.77	56.1
536	26.76	56.1
537	26.71	56.15
539	26.73	56.23
539	26.77	56.12
540	26.8	56.01
539	26.76	56.04
539	26.76	56.08
538	26.71	56.18
539	26.71	56.21
538	26.71	56.21
538	26.74	56.12
538	26.77	56.13
538	26.71	56.15
538	26.7	56.24
539	26.67	56.26
538	26.66	56.34
538	26.68	56.34
537	26.71	56.22
536	26.71	56.22
536	26.74	56.2
535	26.74	56.2
535	26.8	56.06
534	26.83	55.98
534	26.74	56.05
534	26.74	56.1
536	26.73	56.12
536	26.76	56.15
534	26.74	56.1
535	26.74	56.1
534	26.71	56.1
535	26.74	56.19
536	26.68	56.23
534	26.71	56.27
534	26.73	56.24
535	26.68	56.26
534	26.77	56.16
536	26.77	56.07
536	26.74	56.14
538	26.73	56.15
540	26.73	56.2
539	26.73	56.17
539	26.73	56.21
537	26.71	56.23
537	26.7	56.2
537	26.73	56.21
536	26.68	56.27
536	26.74	56.25
536	26.8	56.08
537	26.76	56.06
538	26.77	56.07
538	26.8	56.01
540	26.73	56.07
538	26.74	56.16
538	26.73	56.17
538	26.76	56.19
538	26.8	56.08
538	26.77	56.04
537	26.73	56.14
537	26.7	56.19
536	26.73	56.18
536	26.7	56.23
537	26.73	56.18
537	26.77	56.06
537	26.73	56.12
536	26.71	56.16
536	26.73	56.19
535	26.74	56.19
535	26.76	56.15
535	26.73	56.08
536	26.77	56.12
537	26.78	56.01
536	26.77	56.0
536	26.77	55.97
536	26.77	55.99
536	26.76	56.08
536	26.73	56.07
536	26.74	56.13
537	26.78	56.03
536	26.77	55.93
536	26.77	55.97
535	26.8	55.91
535	26.78	55.93
535	26.76	56.05
534	26.77	56.11
534	26.73	56.06
533	26.74	56.08
534	26.73	56.15
534	26.78	56.09
534	26.77	56.03
534	26.78	56.03
533	26.8	55.95
534	26.76	56.03
533	26.77	56.06
534	26.81	56.03
533	26.78	55.92
533	26.81	55.95
532	26.78	55.98
533	26.81	55.93
534	26.84	55.86
534	26.78	55.86
533	26.76	55.97
533	26.71	56.08
533	26.71	56.15
535	26.7	56.17
534	26.71	56.21
534	26.73	56.13
534	26.76	56.12
535	26.71	56.12
535	26.73	56.12
534	26.71	56.09
535	26.74	56.1
535	26.76	56.03
535	26.8	55.95
535	26.71	56.07
536	26.73	56.11
536	26.7	56.1
535	26.74	56.02
534	26.74	56.05
532	26.73	56.11
532	26.76	56.03
532	26.78	55.92
532	26.77	55.92
532	26.74	56.05
532	26.73	56.07
532	26.76	55.97
533	26.74	55.99
534	26.74	56.01
535	26.78	55.94
534	26.74	55.98
534	26.83	55.96
534	26.83	55.91
533	26.76	55.97
534	26.74	56.02
533	26.77	55.98
533	26.78	55.99
533	26.76	55.94
534	26.78	55.95
532	26.77	55.95
533	26.8	55.96
532	26.71	56.01
532	26.74	56.09
533	26.7	56.06
534	26.74	56.06
537	26.71	56.08
536	26.73	56.06
534	26.77	55.97
534	26.74	55.98
534	26.71	56.04
534	26.74	56.08
535	26.74	56.06
534	26.73	56.1
535	26.68	56.13
534	26.67	56.21
534	26.7	56.17
536	26.74	56.1
536	26.77	55.95
536	26.78	55.91
536	26.78	55.97
537	26.77	55.95
536	26.77	55.95
536	26.74	55.99
536	26.7	56.08
537	26.7	56.11
538	26.76	56.08
538	26.74	55.97
539	26.71	56.01
538	26.74	56.08
538	26.77	55.96
538	26.76	55.9
538	26.77	55.98
538	26.83	55.89
538	26.81	55.85
539	26.77	55.96
539	26.77	55.91
538	26.78	55.95
537	26.74	55.96
538	26.81	55.92
538	26.76	55.92
540	26.77	55.92
539	26.77	55.97
539	26.78	55.95
538	26.77	55.89
539	26.8	55.85
539	26.78	55.92
538	26.76	55.93
538	26.74	55.95
537	26.78	55.92
537	26.76	55.96
538	26.78	55.96
538	26.78	55.98
535	26.76	56.01
537	26.78	55.96
537	26.76	55.97
536	26.74	56.03
536	26.71	56.06
535	26.71	56.08
535	26.68	56.15
536	26.71	56.16
536	26.74	56.13
535	26.73	56.08
536	26.71	56.16
536	26.73	56.11
536	26.74	56.01
534	26.8	55.91
536	26.8	55.89
535	26.74	55.97
535	26.8	55.9
536	26.76	55.88
535	26.78	55.95
536	26.8	55.92
536	26.77	55.94
537	26.77	55.94
537	26.77	55.93
536	26.76	55.92
536	26.76	55.96
537	26.74	56.01
536	26.73	56.07
537	26.7	56.04
536	26.74	56.05
536	26.73	55.97
537	26.7	56.03
537	26.67	56.15
538	26.7	56.12
538	26.7	56.15
539	26.73	56.05
538	26.74	56.12
537	26.7	56.12
538	26.76	56.04
538	26.74	55.99
537	26.7	56.08
536	26.68	56.16
536	26.74	56.02
535	26.71	56.05
536	26.7	56.14
537	26.7	56.1
536	26.73	56.08
536	26.68	56.15
537	26.7	56.06
537	26.68	56.14
537	26.68	56.09
537	26.71	56.1
536	26.74	56.03
537	26.73	56.06
536	26.71	56.08
535	26.68	56.18
534	26.71	56.1
535	26.74	56.07
535	26.74	56.0
534	26.78	56.02
534	26.76	55.92
535	26.76	55.96
535	26.74	56.04
535	26.74	55.92
535	26.74	56.03
534	26.77	55.92
533	26.73	56.01
533	26.7	56.08
532	26.67	56.13
530	26.7	56.08
530	26.68	56.15
532	26.7	56.2
533	26.7	56.16
533	26.7	56.12
533	26.7	56.18
533	26.66	56.16
533	26.68	56.23
535	26.64	56.26
535	26.7	56.18
535	26.7	56.13
536	26.7	56.1
536	26.68	56.18
538	26.67	56.16
537	26.71	56.18
538	26.73	56.11
537	26.7	56.13
538	26.73	56.08
539	26.73	56.09
539	26.73	56.07
539	26.7	56.07
538	26.7	56.09
538	26.7	56.13
537	26.71	56.11
537	26.7	56.2
537	26.71	56.13
536	26.76	56.04
538	26.73	56.01
539	26.71	56.09
538	26.68	56.16
536	26.71	56.08
535	26.71	56.13
534	26.73	56.06
534	26.73	56.06
534	26.74	56.05
535	26.74	56.05
535	26.76	56.01
535	26.7	56.12
536	26.73	56.11
535	26.73	56.08
536	26.71	56.09
536	26.77	56.04
535	26.77	55.93
534	26.78	55.98
535	26.81	55.93
535	26.81	55.86
535	26.8	55.84
535	26.8	55.8
535	26.73	55.93
534	26.76	56.01
534	26.73	56.05
534	26.71	56.1
535	26.74	56.08
536	26.74	56.02
534	26.7	56.08
535	26.73	56.06
535	26.74	56.08
535	26.73	56.07
536	26.7	56.14
536	26.68	56.15
537	26.67	56.22
537	26.67	56.22
538	26.74	56.1
540	26.7	56.09
539	26.68	56.12
539	26.71	56.11
542	26.74	56.1
542	26.71	56.16
542	26.71	56.08
541	26.68	56.15
541	26.68	56.2
541	26.68	56.23
540	26.7	56.18
540	26.74	56.09
540	26.74	56.09
539	26.71	56.12
539	26.68	56.17
536	26.66	56.18
538	26.7	56.14
538	26.67	56.22
538	26.7	56.23
538	26.73	56.13
538	26.7	56.12
538	26.68	56.19
538	26.67	56.2
536	26.73	56.11
536	26.7	56.13
536	26.68	56.17
537	26.68	56.23
538	26.73	56.15
539	26.74	56.13
539	26.74	56.05
539	26.71	56.17
539	26.68	56.15
538	26.68	56.19
538	26.7	56.09
539	26.7	56.14
539	26.7	56.18
540	26.71	56.13
539	26.71	56.16
539	26.74	56.17
538	26.76	56.06
539	26.77	56.0
538	26.73	56.04
537	26.74	56.05
539	26.7	56.08
538	26.73	56.14
537	26.74	56.07
537	26.73	56.06
540	26.71	56.06
541	26.66	56.2
542	26.67	56.22
541	26.67	56.21
540	26.71	56.22
539	26.73	56.08
540	26.73	56.08
541	26.73	56.05
541	26.78	55.98
539	26.76	55.96
541	26.76	56.06
541	26.74	56.02
541	26.73	56.09
541	26.73	56.1
540	26.74	56.13
541	26.76	56.12
540	26.76	56.02
541	26.76	56.04
542	26.78	55.95
543	26.76	56.02
543	26.73	56.06
542	26.71	56.13
540	26.73	56.11
541	26.74	56.08
540	26.73	56.04
539	26.73	56.15
539	26.76	56.07
540	26.81	55.98
539	26.78	55.88
539	26.8	55.96
539	26.78	55.9
539	26.8	55.9
539	26.76	56.01
541	26.77	56.01
541	26.76	56.02
541	26.77	55.97
541	26.7	56.03
541	26.68	56.18
540	26.73	56.15
540	26.68	56.21
540	26.73	56.16
540	26.74	56.06
540	26.81	55.95
540	26.78	55.91
542	26.8	55.93
542	26.76	55.96
541	26.78	55.96
541	26.76	55.99
540	26.78	55.97
540	26.77	56.05
541	26.77	55.96
541	26.73	56.01
540	26.74	56.03
540	26.78	56.01
540	26.77	56.01
540	26.71	56.04
540	26.71	56.04
539	26.73	56.07
539	26.71	56.11
539	26.74	56.07
538	26.71	56.1
539	26.76	56.08
538	26.7	56.14
540	26.74	56.05
543	26.77	56.01
543	26.76	56.04
542	26.74	56.06
543	26.76	56.02
542	26.7	56.1
542	26.71	56.13
541	26.71	56.17
540	26.73	56.03
541	26.71	56.14
541	26.73	56.08
540	26.77	56.02
540	26.76	56.03
539	26.78	56.04
539	26.77	55.97
539	26.74	56.01
540	26.71	56.04
539	26.73	56.12
539	26.73	56.1
539	26.76	56.01
539	26.76	55.98
539	26.78	55.94
539	26.74	55.98
538	26.78	55.95
540	26.74	56.01
541	26.78	55.92
540	26.76	55.97
541	26.78	55.97
540	26.76	56.01
541	26.71	56.04
541	26.74	56.07
541	26.71	56.08
542	26.7	56.12
541	26.67	56.18
542	26.7	56.19
541	26.71	56.16
541	26.77	56.05
541	26.8	55.92
542	26.83	55.84
542	26.78	55.87
542	26.78	55.91
541	26.73	56.0
541	26.73	56.03
541	26.74	56.02
541	26.78	55.93
540	26.77	55.93
542	26.76	55.9
542	26.71	56.06
540	26.71	56.08
540	26.74	56.06
540	26.77	56.0
540	26.78	55.9
539	26.77	55.88
540	26.78	55.95
541	26.8	55.89
541	26.8	55.86
542	26.74	55.92
543	26.77	55.95
542	26.78	55.93
540	26.73	55.97
540	26.71	56.1
540	26.73	56.09
539	26.77	55.95
539	26.78	55.89
540	26.8	55.84
540	26.78	55.88
540	26.8	55.96
540	26.78	55.88
540	26.81	55.86
541	26.8	55.88
541	26.84	55.86
540	26.81	55.8
540	26.81	55.81
540	26.74	55.95
540	26.77	56.0
540	26.76	55.94
540	26.8	55.96
540	26.77	55.92
541	26.8	55.9
541	26.78	55.92
540	26.78	55.89
542	26.77	55.95
541	26.73	56.01
541	26.74	56.06
542	26.73	56.01
541	26.74	56.1
541	26.71	56.09
542	26.68	56.15
543	26.7	56.16
543	26.74	56.05
542	26.74	56.05
543	26.78	55.99
543	26.74	56.02
544	26.76	55.99
543	26.77	56.01
543	26.76	55.92
542	26.74	56.02
543	26.76	56.01
543	26.77	55.95
544	26.77	55.92
543	26.78	55.95
542	26.78	55.93
542	26.78	55.96
543	26.76	55.97
543	26.73	56.1
544	26.68	56.16
545	26.7	56.21
546	26.7	56.19
546	26.71	56.19
545	26.71	56.14
546	26.76	56.06
545	26.71	56.07
545	26.76	56.09
546	26.73	56.02
546	26.78	56.04
546	26.77	56.02
545	26.8	55.94
544	26.81	55.99
545	26.78	55.91
546	26.76	55.98
547	26.8	55.94
547	26.74	56.03
546	26.71	56.03
546	26.74	56.05
546	26.76	56.0
546	26.78	55.94
546	26.78	55.96
548	26.8	55.95
546	26.78	55.91
546	26.8	55.9
546	26.77	55.97
545	26.77	55.97
544	26.77	55.98
545	26.77	55.93
544	26.78	55.96
545	26.77	55.92
544	26.78	55.92
544	26.83	55.87
544	26.83	55.81
543	26.81	55.86
543	26.78	55.89
542	26.77	55.97
544	26.77	56.0
545	26.74	56.01
544	26.71	56.11
544	26.76	56.1
544	26.73	56.01
543	26.71	56.09
543	26.74	56.08
543	26.74	56.13
541	26.71	56.15
541	26.71	56.12
542	26.71	56.13
542	26.71	56.16
543	26.73	56.13
544	26.73	56.1
542	26.76	56.09
543	26.76	56.02
542	26.78	55.97
543	26.78	55.93
543	26.78	56.01
542	26.77	55.96
544	26.78	55.94
544	26.76	56.02
542	26.77	56.02
543	26.77	55.94
544	26.76	56.03
543	26.76	55.96
543	26.74	56.07
543	26.77	56.01
543	26.74	56.01
543	26.74	56.05
543	26.78	55.96
543	26.78	55.91
541	26.77	55.95
541	26.76	55.96
541	26.8	55.93
541	26.76	55.94
542	26.8	55.96
542	26.74	55.99
542	26.77	56.07
543	26.73	56.04
543	26.77	55.97
544	26.71	56.1
544	26.77	56.01
543	26.8	55.97
543	26.78	55.97
542	26.77	55.97
541	26.8	55.92
542	26.77	55.92
541	26.78	56.01
542	26.71	56.0
543	26.8	56.02
543	26.8	56.01
544	26.8	55.93
544	26.78	55.93
544	26.78	55.94
544	26.81	55.92
545	26.8	55.88
545	26.85	55.84
545	26.78	55.86
544	26.8	55.91
544	26.8	55.89
546	26.83	55.93
544	26.78	55.99
544	26.77	55.94
543	26.76	56.01
543	26.73	56.1
543	26.73	56.17
545	26.7	56.15
545	26.71	56.17
546	26.77	56.09
547	26.78	56.01
547	26.78	55.93
546	26.81	55.96
547	26.78	55.96
547	26.81	55.94
548	26.8	55.94
548	26.78	55.95
548	26.73	55.99
549	26.78	56.0
549	26.74	56.01
550	26.77	55.99
549	26.78	55.97
547	26.8	55.95
547	26.8	55.98
547	26.78	56.02
547	26.78	56.02
547	26.83	55.93
546	26.84	55.88
546	26.81	55.87
546	26.8	55.95
546	26.84	55.9
546	26.84	55.81
545	26.8	55.91
545	26.76	56.05
545	26.71	56.19
546	26.76	56.08
545	26.77	56.08
545	26.8	55.99
547	26.77	56.04
547	26.8	55.99
547	26.78	56.01
548	26.8	55.95
548	26.77	56.04
547	26.76	56.06
549	26.78	56.06
548	26.81	55.98
548	26.81	55.96
548	26.83	55.9
548	26.87	55.82
549	26.85	55.84
549	26.8	55.93
549	26.78	55.97
548	26.84	55.93
548	26.85	55.91
548	26.83	55.9
548	26.85	55.9
546	26.87	55.85
547	26.81	55.9
546	26.84	55.9
547	26.87	55.8
547	26.84	55.81
547	26.84	55.86
547	26.85	55.78
547	26.87	55.8
547	26.87	55.76
546	26.85	55.83
547	26.88	55.79
547	26.88	55.75
547	26.84	55.8
546	26.84	55.88
545	26.85	55.84
546	26.87	55.82
545	26.88	55.76
546	26.9	55.76
546	26.85	55.84
547	26.85	55.83
547	26.85	55.87
547	26.85	55.8
548	26.87	55.83
547	26.85	55.85
546	26.84	55.9
546	26.83	55.92
548	26.84	55.94
547	26.78	55.93
547	26.84	55.95
548	26.78	56.01
548	26.78	56.0
548	26.77	56.04
549	26.8	55.99
549	26.77	56.02
550	26.83	55.92
550	26.78	55.99
550	26.85	55.87
549	26.85	55.88
549	26.87	55.83
551	26.9	55.82
551	26.87	55.86
550	26.84	55.87
551	26.83	55.89
551	26.85	55.88
551	26.81	55.87
551	26.81	55.93
551	26.85	55.89
552	26.85	55.83
552	26.83	55.86
551	26.84	55.9
552	26.87	55.88
553	26.87	55.85
553	26.85	55.87
552	26.84	55.83
552	26.84	55.92
552	26.83	55.9
553	26.85	55.92
553	26.9	55.79
552	26.91	55.69
553	26.9	55.72
552	26.84	55.78
553	26.83	55.89
552	26.85	55.88
553	26.83	55.88
552	26.83	55.96
553	26.85	55.9
552	26.88	55.81
552	26.84	55.83
551	26.84	55.88
549	26.83	55.9
549	26.87	55.82
549	26.91	55.81
548	26.88	55.75
548	26.87	55.83
548	26.91	55.75
549	26.88	55.76
549	26.9	55.79
549	26.87	55.84
549	26.85	55.87
549	26.83	55.96
549	26.85	55.94
551	26.9	55.83
550	26.85	55.84
550	26.84	55.87
549	26.85	55.87
549	26.87	55.86
550	26.88	55.83
549	26.87	55.81
550	26.84	55.9
551	26.88	55.87
552	26.85	55.85
552	26.87	55.84
551	26.85	55.85
551	26.85	55.87
550	26.9	55.86
550	26.87	55.83
549	26.87	55.83
550	26.84	55.85
549	26.9	55.89
549	26.85	55.87
549	26.88	55.86
549	26.88	55.8
549	26.9	55.76
550	26.9	55.78
549	26.87	55.84
549	26.84	55.9
549	26.88	55.94
549	26.87	55.94
549	26.85	55.92
550	26.87	55.9
550	26.87	55.88
551	26.9	55.84
551	26.9	55.84
550	26.9	55.9
553	26.88	55.82
552	26.93	55.84
553	26.9	55.86
553	26.91	55.8
553	26.9	55.84
552	26.94	55.83
552	26.88	55.84
552	26.9	55.84
553	26.85	55.92
554	26.85	55.93
553	26.85	55.94
554	26.88	55.91
552	26.85	55.93
552	26.84	55.92
552	26.88	55.94
552	26.87	55.89
552	26.94	55.85
552	26.91	55.77
551	26.88	55.82
552	26.87	55.89
553	26.88	55.87
553	26.91	55.82
553	26.91	55.83
552	26.88	55.87
552	26.91	55.87
551	26.88	55.88
550	26.94	55.8
551	26.94	55.77
552	26.94	55.78
554	26.94	55.79
556	26.91	55.8
553	26.95	55.75
553	26.93	55.65
552	26.94	55.77
552	26.91	55.77
553	26.91	55.85
553	26.91	55.82
554	26.95	55.77
554	26.94	55.78
554	26.91	55.79
555	26.93	55.75
554	26.97	55.7
554	26.98	55.67
555	26.97	55.68
555	26.94	55.73
555	26.95	55.68
555	26.99	55.64
555	26.99	55.64
555	26.97	55.68
556	26.97	55.7
556	26.94	55.8
556	26.93	55.78
557	26.95	55.75
557	26.95	55.73
557	26.97	55.72
555	26.94	55.71
555	26.91	55.79
554	26.94	55.79
555	26.97	55.74
555	26.97	55.72
556	26.99	55.64
556	26.97	55.71
556	26.98	55.66
557	26.97	55.68
557	26.98	55.66
556	26.97	55.72
555	26.93	55.81
556	26.95	55.8
557	26.97	55.7
557	26.99	55.68
557	26.97	55.74
558	26.95	55.76
558	26.97	55.74
556	26.97	55.8
556	26.94	55.74
556	26.97	55.74
557	26.99	55.71
555	27.01	55.6
556	27.01	55.65
556	26.99	55.65
557	26.95	55.67
557	26.97	55.74
556	26.97	55.72
557	26.99	55.68
556	26.98	55.71
555	26.98	55.7
555	26.99	55.7
554	27.01	55.64
554	27.01	55.62
555	26.98	55.66
556	27.01	55.65
557	26.98	55.63
556	27.04	55.59
557	27.01	55.59
557	26.98	55.62
557	26.98	55.7
556	26.98	55.69
557	27.01	55.67
557	27.01	55.62
556	27.01	55.57
557	27.02	55.57
557	27.02	55.57
557	26.99	55.59
559	26.98	55.74
558	26.98	55.69
558	26.98	55.72
558	26.95	55.8
556	26.97	55.74
558	26.95	55.75
560	26.98	55.72
562	26.98	55.71
563	26.99	55.69
561	26.95	55.7
561	26.94	55.75
559	26.94	55.77
560	26.97	55.73
560	26.95	55.75
558	26.99	55.65
558	27.02	55.61
558	27.01	55.59
558	27.04	55.53
558	27.02	55.6
558	27.01	55.6
557	27.01	55.6
557	27.01	55.64
558	27.02	55.66
558	27.02	55.58
557	27.01	55.6
556	27.01	55.59
557	27.01	55.63
558	27.01	55.59
557	27.04	55.57
558	27.04	55.55
557	27.01	55.59
559	27.01	55.58
559	27.02	55.6
558	27.04	55.58
558	27.04	55.61
558	27.04	55.61
560	27.05	55.57
562	27.04	55.58
562	27.01	55.59
562	26.99	55.59
561	26.95	55.68
561	26.97	55.72
561	26.99	55.71
561	27.04	55.63
561	27.06	55.57
560	27.04	55.51
559	27.04	55.52
558	27.01	55.54
558	27.01	55.66
556	27.01	55.66
557	26.98	55.68
557	26.97	55.75
559	26.97	55.79
559	26.98	55.77
558	27.01	55.7
559	27.01	55.64
558	27.02	55.64
558	27.04	55.64
559	27.04	55.58
557	27.06	55.61
558	27.06	55.54
559	27.05	55.49
560	27.06	55.52
560	27.06	55.45
559	27.06	55.52
559	27.06	55.51
559	27.09	55.5
559	27.04	55.53
559	27.05	55.58
559	27.08	55.49
559	27.05	55.5
559	27.04	55.57
558	27.02	55.64
558	27.02	55.68
558	27.04	55.62
558	27.05	55.56
557	27.08	55.55
558	27.09	55.51
558	27.11	55.46
557	27.08	55.47
557	27.09	55.49
557	27.08	55.48
557	27.06	55.51
558	27.09	55.48
559	27.09	55.44
559	27.05	55.51
559	27.04	55.67
559	27.01	55.7
558	27.01	55.68
559	27.04	55.69
559	27.05	55.55
558	27.06	55.59
559	27.09	55.54
558	27.08	55.53
559	27.05	55.54
558	27.04	55.63
558	27.01	55.74
558	26.98	55.7
558	26.98	55.74
557	26.99	55.73
558	27.06	55.65
558	27.05	55.6
558	27.05	55.65
558	27.08	55.56
557	27.09	55.52
557	27.08	55.45
557	27.05	55.52
557	27.06	55.63
557	27.05	55.64
557	27.08	55.56
558	27.06	55.58
559	27.09	55.55
561	27.04	55.59
561	27.09	55.56
562	27.08	55.58
563	27.05	55.61
562	27.06	55.65
562	27.05	55.66
562	27.05	55.66
563	27.05	55.62
562	27.04	55.68
562	27.04	55.74
560	27.05	55.74
560	27.06	55.64
560	27.09	55.58
559	27.12	55.53
561	27.11	55.56
562	27.09	55.55
562	27.11	55.54
564	27.09	55.54
565	27.11	55.52
564	27.09	55.55
564	27.09	55.49
564	27.08	55.59
564	27.06	55.67
564	27.06	55.64
562	27.09	55.56
562	27.12	55.55
561	27.14	55.52
561	27.14	55.45
560	27.11	55.57
560	27.09	55.57
561	27.06	55.61
561	27.11	55.58
561	27.14	55.51
561	27.12	55.48
560	27.11	55.54
562	27.09	55.59
561	27.11	55.56
561	27.06	55.58
564	27.09	55.62
565	27.08	55.6
565	27.08	55.59
564	27.06	55.61
564	27.09	55.56
564	27.15	55.5
563	27.14	55.43
563	27.12	55.48
565	27.15	55.49
565	27.12	55.44
565	27.12	55.46
566	27.12	55.49
566	27.12	55.48
565	27.12	55.48
564	27.06	55.57
564	27.05	55.7
563	27.08	55.66
563	27.08	55.59
563	27.06	55.58
561	27.08	55.65
561	27.08	55.59
561	27.09	55.63
562	27.08	55.61
562	27.06	55.67
563	27.04	55.68
564	27.09	55.65
562	27.09	55.65
564	27.09	55.57
564	27.11	55.59
564	27.08	55.65
565	27.05	55.72
566	27.04	55.71
566	27.09	55.74
566	27.11	55.63
566	27.09	55.6
566	27.06	55.63
567	27.08	55.72
567	27.08	55.68
566	27.06	55.65
566	27.06	55.64
566	27.06	55.7
565	27.08	55.72
566	27.04	55.72
567	27.05	55.75
567	27.06	55.73
566	27.08	55.65
567	27.05	55.64
567	27.06	55.75
567	27.05	55.75
566	27.05	55.74
566	27.06	55.66
566	27.08	55.74
567	27.09	55.65
566	27.12	55.56
567	27.08	55.6
566	27.11	55.67
565	27.12	55.53
564	27.09	55.6
565	27.09	55.63
564	27.08	55.62
565	27.12	55.61
564	27.12	55.52
563	27.15	55.52
562	27.16	55.49
563	27.18	55.42
563	27.18	55.44
562	27.16	55.48
561	27.18	55.47
561	27.19	55.39
562	27.19	55.4
562	27.19	55.4
562	27.14	55.5
561	27.09	55.59
562	27.16	55.59
564	27.16	55.47
563	27.08	55.55
564	27.11	55.71
564	27.11	55.67
565	27.14	55.6
565	27.15	55.56
565	27.12	55.49
565	27.14	55.57
564	27.11	55.65
565	27.12	55.63
564	27.09	55.6
564	27.09	55.67
565	27.05	55.74
567	27.06	55.72
566	27.08	55.69
567	27.11	55.67
569	27.09	55.66
568	27.08	55.68
567	27.08	55.7
569	27.06	55.69
568	27.11	55.69
568	27.09	55.66
569	27.12	55.7
569	27.14	55.64
569	27.09	55.7
568	27.11	55.64
568	27.09	55.64
569	27.11	55.64
571	27.11	55.67
569	27.16	55.58
569	27.15	55.53
570	27.15	55.53
569	27.12	55.56
568	27.12	55.66
568	27.11	55.64
567	27.11	55.67
567	27.14	55.66
567	27.15	55.57
567	27.11	55.6
567	27.15	55.57
567	27.12	55.63
567	27.11	55.69
566	27.08	55.74
566	27.11	55.75
567	27.12	55.76
567	27.14	55.66
568	27.15	55.58
568	27.18	55.55
569	27.15	55.57
570	27.15	55.53
571	27.12	55.61
571	27.15	55.63
572	27.15	55.59
572	27.12	55.6
571	27.12	55.61
572	27.14	55.63
572	27.15	55.61
572	27.12	55.61
572	27.14	55.66
572	27.14	55.63
571	27.14	55.61
571	27.11	55.65
570	27.14	55.66
571	27.16	55.59
571	27.19	55.54
570	27.15	55.54
570	27.14	55.6
570	27.15	55.59
569	27.16	55.64
570	27.18	55.54
571	27.16	55.55
570	27.21	55.47
571	27.22	55.47
571	27.19	55.4
571	27.24	55.36
571	27.18	55.46
570	27.16	55.52
570	27.16	55.56
570	27.14	55.58
570	27.16	55.59
569	27.16	55.52
570	27.19	55.56
571	27.19	55.48
571	27.16	55.58
572	27.19	55.5
573	27.22	55.45
573	27.19	55.44
573	27.21	55.48
573	27.21	55.44
573	27.24	55.47
572	27.19	55.48
572	27.18	55.57
572	27.18	55.58
572	27.19	55.53
572	27.16	55.53
573	27.18	55.57
574	27.18	55.55
573	27.18	55.56
573	27.16	55.59
571	27.18	55.53
570	27.15	55.55
569	27.16	55.56
570	27.14	55.64
570	27.16	55.53
569	27.18	55.55
569	27.16	55.59
568	27.18	55.6
570	27.21	55.47
570	27.18	55.49
570	27.19	55.47
572	27.22	55.5
572	27.22	55.47
572	27.22	55.49
571	27.18	55.5
571	27.19	55.51
572	27.19	55.6
570	27.18	55.56
570	27.14	55.67
570	27.12	55.66
572	27.19	55.63
572	27.19	55.59
572	27.18	55.56
571	27.19	55.6
571	27.18	55.61
571	27.19	55.58
571	27.19	55.59
572	27.21	55.58
572	27.22	55.49
573	27.22	55.46
573	27.24	55.54
573	27.25	55.45
573	27.26	55.41
573	27.28	55.42
573	27.25	55.44
574	27.22	55.56
575	27.24	55.54
575	27.21	55.68
574	27.21	55.69
574	27.22	55.7
575	27.21	55.7
573	27.21	55.66
573	27.25	55.71
574	27.25	55.7
574	27.24	55.68
574	27.25	55.64
579	27.25	55.69
581	27.26	55.66
584	27.29	55.68
586	27.28	55.63
584	27.28	55.68
584	27.28	55.63
586	27.28	55.74
590	27.25	55.72
591	27.22	55.87
591	27.21	55.89
593	27.21	55.88
595	27.21	55.96
595	27.24	56.0
593	27.19	55.93
596	27.25	55.87
596	27.24	55.95
596	27.22	55.9
598	27.21	55.93
597	27.19	56.04
597	27.16	56.07
598	27.22	56.03
597	27.22	56.05
598	27.21	55.99
598	27.19	56.03
599	27.18	56.05
599	27.18	56.19
601	27.19	56.14
604	27.22	56.1
604	27.22	56.1
610	27.25	56.06
613	27.24	56.11
614	27.22	56.03
616	27.22	56.12
616	27.24	56.08
617	27.24	56.15
617	27.26	56.12
619	27.22	56.15
618	27.26	56.08
620	27.25	56.16
624	27.31	56.08
625	27.28	56.01
629	27.26	56.15
631	27.25	56.13
634	27.24	56.06
635	27.28	56.06
635	27.26	56.0
636	27.25	56.09
637	27.26	56.13
638	27.29	56.17
640	27.32	56.18
640	27.33	56.22
642	27.31	56.2
643	27.29	56.19
645	27.28	56.28
644	27.26	56.29
644	27.29	56.36
645	27.32	56.28
645	27.28	56.45
647	27.25	56.33
648	27.28	56.38
649	27.31	56.3
648	27.28	56.4
649	27.32	56.29
651	27.31	56.33
652	27.29	56.35
652	27.25	56.34
651	27.29	56.36
652	27.29	56.34
652	27.32	56.22
653	27.31	56.31
653	27.31	56.33
652	27.32	56.31
653	27.31	56.3
653	27.32	56.3
654	27.33	56.3
654	27.31	56.27
655	27.32	56.33
654	27.29	56.38
654	27.33	56.46
654	27.33	56.34
654	27.33	56.34
657	27.31	56.32
657	27.31	56.33
657	27.35	56.24
657	27.35	56.22
658	27.36	56.26
657	27.38	56.23
658	27.36	56.19
659	27.35	56.24
658	27.32	56.39
658	27.31	56.34
658	27.32	56.29
658	27.33	56.29
657	27.29	56.38
656	27.29	56.37
654	27.31	56.49
655	27.29	56.39
655	27.33	56.32
656	27.35	56.35
657	27.36	56.27
657	27.36	56.29
657	27.36	56.29
657	27.36	56.39
657	27.35	56.46
658	27.35	56.39
659	27.39	56.45
657	27.39	56.38
658	27.36	56.55
660	27.36	56.52
661	27.41	56.49
666	27.35	56.46
667	27.41	56.46
667	27.39	56.46
667	27.38	56.43
669	27.38	56.49
670	27.41	56.39
671	27.39	56.43
671	27.35	56.48
672	27.41	56.46
672	27.42	56.42
673	27.42	56.43
672	27.43	56.36
674	27.43	56.34
675	27.42	56.4
674	27.42	56.41
674	27.41	56.45
674	27.39	56.43
675	27.38	56.5
675	27.38	56.53
676	27.39	56.51
679	27.41	56.47
680	27.41	56.49
681	27.41	56.52
682	27.38	56.51
683	27.41	56.48
682	27.46	56.4
683	27.48	56.27
683	27.46	56.35
684	27.43	56.42
683	27.42	56.47
684	27.46	56.39
684	27.46	56.39
685	27.49	56.3
686	27.49	56.27
685	27.46	56.28
686	27.46	56.3
686	27.48	56.3
686	27.49	56.22
687	27.5	56.21
687	27.52	56.15
686	27.54	56.12
686	27.57	55.95
684	27.54	56.02
684	27.56	56.08
684	27.53	56.09
684	27.49	56.19
683	27.45	56.23
682	27.45	56.22
680	27.41	56.19
678	27.35	56.16
676	27.35	56.4
674	27.42	56.34
672	27.38	56.28
671	27.41	56.39
670	27.38	56.46
669	27.39	56.44
667	27.35	55.74
666	27.39	55.42
660	27.33	55.63
644	27.32	55.85
635	27.36	55.76
631	27.29	56.08
624	27.28	56.19
620	27.31	56.05
619	27.36	55.84
612	27.33	55.41
608	27.32	55.48
604	27.29	55.78
603	27.25	55.71
599	27.24	56.37
595	27.21	56.8
596	27.24	57.13
595	27.22	57.05
595	27.25	56.53
596	27.29	56.28
601	27.28	56.2
600	27.24	55.92
600	27.15	55.86
597	27.09	56.19
594	27.12	56.17
592	27.12	56.11
583	27.11	55.87
580	27.11	55.91
573	27.06	56.18
560	26.98	56.4
558	26.99	57.05
557	26.98	57.17
556	27.01	56.97
556	27.06	56.97
555	27.06	56.81
555	27.05	56.65
553	27.05	56.62
551	27.06	56.74
550	27.06	56.78
550	27.05	56.75
549	27.08	56.74
550	27.08	56.82
546	27.08	56.59
545	27.11	56.56
544	27.12	56.66
544	27.18	56.64
543	27.16	56.7
543	27.16	56.78
542	27.21	56.87
543	27.22	56.56
542	27.18	56.72
541	27.21	56.77
540	27.22	56.78
538	27.19	57.03
537	27.21	56.98
537	27.24	56.82
537	27.24	56.76
536	27.22	56.34
536	27.22	56.58
535	27.21	56.56
534	27.19	56.39
533	27.18	56.34
527	27.18	56.4
525	27.14	56.67
521	27.15	56.79
519	27.15	56.91
516	27.15	56.73
514	27.16	56.75
509	27.18	56.77
508	27.24	56.5
508	27.25	56.43
508	27.22	56.4
508	27.25	56.36
508	27.24	56.28
507	27.24	56.18
507	27.15	56.14
507	27.14	56.08
507	27.08	56.04
507	27.12	56.25
507	27.11	56.4
507	27.12	56.23
501	27.05	56.01
500	27.04	56.03
501	27.06	56.13
500	27.01	56.24
498	26.94	56.22
497	26.91	56.31
495	26.84	56.3
490	26.81	56.46
486	26.76	56.75
485	26.78	56.89
482	26.77	56.87
481	26.77	56.88
481	26.76	56.85
482	26.74	56.68
480	26.7	56.65
479	26.67	56.76
478	26.58	56.84
477	26.6	56.95
477	26.57	57.13
477	26.57	57.06
476	26.51	57.15
475	26.56	57.09
474	26.54	57.02
473	26.5	57.0
473	26.47	57.19
472	26.43	57.28
469	26.43	57.41
466	26.4	57.44
465	26.38	57.49
464	26.38	57.48
465	26.38	57.55
464	26.4	57.46
463	26.39	57.45
463	26.36	57.5
463	26.38	57.44
463	26.3	57.55
462	26.32	57.73
461	26.32	57.74
462	26.29	57.68
461	26.29	57.81
461	26.32	57.85
461	26.33	57.85
461	26.33	57.77
460	26.33	57.72
460	26.3	57.8
459	26.35	57.87
457	26.28	57.85
457	26.3	57.91
457	26.32	58.04
457	26.33	58.03
456	26.3	57.96
457	26.32	57.93
455	26.28	58.03
456	26.29	58.01
455	26.32	58.17
455	26.3	58.08
452	26.3	58.1
452	26.33	58.08
452	26.38	58.01
453	26.36	57.94
454	26.3	57.98
453	26.26	58.06
453	26.25	58.17
452	26.3	58.11
452	26.35	58.1
454	26.35	58.13
455	26.32	58.12
455	26.32	58.16
456	26.3	58.07
456	26.33	57.92
455	26.3	57.87
454	26.26	58.01
454	26.26	57.93
454	26.26	57.99
453	26.22	57.94
452	26.19	58.1
453	26.21	58.06
452	26.16	58.23
453	26.18	58.31
451	26.19	58.31
453	26.16	58.41
452	26.21	58.38
452	26.13	58.41
452	26.16	58.46
450	26.15	58.4
449	26.12	58.33
449	26.06	58.34
449	26.06	58.42
448	26.03	58.54
447	25.99	58.57
447	25.96	58.74
446	25.99	58.78
446	26.03	58.84
447	26.11	58.6
446	26.16	58.43
446	26.26	58.25
446	26.29	58.14
445	26.3	58.12
445	26.3	58.15
445	26.3	58.18
444	26.33	58.09
445	26.35	58.05
445	26.33	58.03
446	26.42	58.01
446	26.38	58.01
449	26.35	58.16
452	26.35	58.25
455	26.38	58.1
456	26.43	58.01
456	26.49	57.93
457	26.49	57.86
457	26.44	57.93
456	26.42	58.04
455	26.4	58.16
454	26.38	58.23
454	26.4	58.18
453	26.42	58.2
453	26.44	58.14
452	26.46	58.13
452	26.46	58.09
452	26.43	58.0
452	26.46	57.97
450	26.47	57.94
450	26.51	57.82
449	26.53	57.84
449	26.5	57.79
448	26.47	57.86
447	26.53	57.75
447	26.51	57.76
447	26.56	57.76
447	26.53	57.88
446	26.44	58.17
447	26.44	58.22
445	26.44	58.29
445	26.42	58.2
444	26.39	58.29
445	26.39	58.35
446	26.35	58.45
447	26.32	58.49
445	26.33	58.58
445	26.29	58.45
442	26.25	58.51
442	26.23	58.49
442	26.22	58.5
441	26.23	58.45
440	26.26	58.5
439	26.28	58.52
440	26.29	58.43
440	26.35	58.32
439	26.42	58.14
440	26.46	58.0
441	26.44	58.02
441	26.47	57.93
443	26.43	58.0
442	26.43	58.02
443	26.47	57.95
443	26.53	57.82
443	26.53	57.87
443	26.57	57.72
443	26.44	58.03
444	26.46	58.31
444	26.47	58.16
444	26.43	58.26
445	26.42	58.36
                                              728	26.76	65.46
757	26.81	65.44
758	26.91	65.17
757	27.04	64.82
759	27.12	64.49
760	27.21	64.24
763	27.31	63.91
764	27.41	63.76
763	27.43	63.47
769	27.5	63.27
768	27.6	63.04
769	27.69	62.77
768	27.71	62.59
768	27.79	62.4
767	27.83	62.28
765	27.84	62.15
764	27.91	62.01
764	27.94	61.88
764	28.0	61.75
765	28.03	61.56
765	28.07	61.49
764	28.09	61.4
763	28.14	61.24
762	28.15	61.23
761	28.18	61.09
760	28.22	61.06
760	28.26	60.93
759	28.25	60.8
757	28.28	60.92
757	28.32	60.78
756	28.32	60.71
753	28.34	60.64
752	28.32	60.61
